0.026315789 5.0000207
0.052631579 5.0000381
0.078947368 5.0000565
0.10371517 5.000074
0.12848297 5.0000914
0.15325077 5.0001086
0.17801858 5.0001258
0.20278638 5.0001428
0.22755418 5.0001597
0.25232198 5.0001764
0.27708978 5.0001931
0.30185759 5.0002097
0.32662539 5.0002262
0.35139319 5.0002426
0.37616099 5.0002588
0.40092879 5.000275
0.42569659 5.0002911
0.4504644 5.0003071
0.4752322 5.0003231
0.5 5.0003389
0.525 5.0003548
0.55 5.0003706
0.575 5.0003864
0.6 5.0004036
0.625 5.0004207
0.65 5.0004379
0.675 5.0004551
0.7 5.0004723
0.725 5.0004895
0.75 5.0005067
0.775 5.000524
0.8 5.0005412
0.825 5.0005585
0.85 5.0005758
0.875 5.0005931
0.9 5.0006104
0.925 5.0006277
0.95 5.0006451
0.975 5.0006625
1 5.0006798
1.025 5.0006972
1.05 5.0007146
1.075 5.000732
1.1 5.0007495
1.125 5.0007669
1.15 5.0007844
1.175 5.0008019
1.2 5.0008194
1.225 5.0008369
1.25 5.0008544
1.275 5.000872
1.3 5.0008895
1.325 5.0009071
1.35 5.0009247
1.375 5.0009423
1.4 5.0009599
1.425 5.0009776
1.45 5.0009952
1.475 5.0010129
1.5 5.0010306
1.525 5.0010483
1.55 5.0010661
1.575 5.0010838
1.6 5.0011016
1.625 5.0011194
1.65 5.0011372
1.675 5.001155
1.6982143 5.0011716
1.7214286 5.0011882
1.7446429 5.0012048
1.7678571 5.0012215
1.7910714 5.0012381
1.8142857 5.0012548
1.8375 5.0012715
1.8607143 5.0012882
1.8839286 5.0013049
1.9071429 5.0013217
1.9303571 5.0013384
1.9535714 5.0013552
1.9767857 5.001372
2 5.0013889
2.0238095 5.0014062
2.047619 5.0014235
2.0714286 5.0014408
2.0952381 5.0014582
2.1190476 5.0014755
2.1428571 5.0014929
2.1666667 5.0015104
2.1904762 5.0015278
2.2142857 5.0015453
2.2380952 5.0015628
2.2619048 5.0015804
2.2857143 5.0015979
2.3095238 5.0016155
2.3333333 5.0016332
2.3571429 5.0016508
2.3809524 5.0016685
2.4047619 5.0016863
2.4285714 5.001704
2.452381 5.0017218
2.4761905 5.0017397
2.5 5.0017575
2.5238095 5.0017754
2.547619 5.0017934
2.5714286 5.0018113
2.5952381 5.0018294
2.6190476 5.0018474
2.6428571 5.0018655
2.6666667 5.0018837
2.6904762 5.0019018
2.7142857 5.0019201
2.7380952 5.0019383
2.7619048 5.0019566
2.7857143 5.001975
2.8071429 5.0019915
2.8285714 5.0020081
2.85 5.0020248
2.8714286 5.0020415
2.8928571 5.0020581
2.9142857 5.0020748
2.9357143 5.0020915
2.9571429 5.0021083
2.9785714 5.002125
3 5.0021418
3.0217391 5.0021587
3.0434783 5.0021757
3.0652174 5.0021927
3.0869565 5.0022097
3.1076087 5.0022258
3.1282609 5.0022419
3.148913 5.002258
3.1695652 5.0022741
3.1890026 5.0022892
3.2084399 5.0023042
3.2278772 5.0023193
3.2473146 5.0023343
3.2667519 5.0023493
3.2846941 5.0023631
3.3026362 5.0023769
3.3205784 5.0023907
3.3385206 5.0024044
3.3564627 5.0024181
3.3724113 5.0024302
3.3883599 5.0024424
3.4043085 5.0024545
3.4202571 5.0024666
3.4362057 5.0024787
3.4521542 5.0024907
3.4681028 5.0025028
3.4840514 5.0025148
3.5 5.0025268
3.515625 5.0025385
3.53125 5.0025502
3.546371 5.0025616
3.5614919 5.0025729
3.5766129 5.0025842
3.5912125 5.0025951
3.605812 5.0026059
3.6204116 5.0026168
3.6350111 5.0026277
3.6490492 5.0026381
3.6630872 5.0026485
3.6771252 5.0026589
3.6911633 5.0026693
3.7045909 5.0026793
3.7180186 5.0026892
3.7314463 5.0026991
3.744874 5.0027091
3.7583017 5.002719
3.7710226 5.0027283
3.7837436 5.0027377
3.7964646 5.0027471
3.8091855 5.0027564
3.8219065 5.0027658
3.8346275 5.0027751
3.8473484 5.0027845
3.8590909 5.0027931
3.8708333 5.0028017
3.8825757 5.0028103
3.8943181 5.0028189
3.9060606 5.0028274
3.917803 5.002836
3.9295454 5.0028446
3.9412879 5.0028532
3.9530303 5.0028617
3.9647727 5.0028703
3.9765151 5.0028788
3.9882576 5.0028874
4 5.0028959
4.0116279 5.0029044
4.0232558 5.0029128
4.0348837 5.0029212
4.0465116 5.0029297
4.0581395 5.0029381
4.0697674 5.0029465
4.0813953 5.002955
4.0930233 5.0029634
4.1046512 5.0029718
4.1162791 5.0029802
4.1282703 5.0029889
4.1402616 5.0029976
4.1522529 5.0030062
4.1642442 5.0030149
4.1762355 5.0030236
4.1882267 5.0030322
4.200218 5.0030409
4.2122093 5.0030495
4.2247219 5.0030585
4.2372346 5.0030676
4.2497472 5.0030766
4.2622599 5.0030856
4.2747725 5.0030946
4.2872851 5.0031036
4.2997978 5.0031126
4.3123104 5.0031216
4.3248231 5.0031306
4.3373357 5.0031396
4.3498483 5.0031486
4.362361 5.0031576
4.3748736 5.0031666
4.3873862 5.0031756
4.3998989 5.0031846
4.4124115 5.0031936
4.4249242 5.0032025
4.4374368 5.0032115
4.4499494 5.0032205
4.4624621 5.0032295
4.4749747 5.0032385
4.4874874 5.0032474
4.5 5.0032564
4.5138889 5.0032664
4.5277778 5.0032763
4.5416667 5.0032863
4.5555556 5.0032962
4.5698925 5.0033065
4.5842294 5.0033167
4.5985663 5.003327
4.6129032 5.0033373
4.6272401 5.0033475
4.6415771 5.0033578
4.655914 5.003368
4.6702509 5.0033783
4.6845878 5.0033885
4.6996074 5.0033993
4.7146271 5.00341
4.7296467 5.0034208
4.7446663 5.0034315
4.759686 5.0034422
4.7747056 5.003453
4.7897252 5.0034637
4.8047448 5.0034744
4.8197645 5.0034852
4.8347841 5.0034959
4.8498037 5.0035066
4.8648233 5.0035173
4.879843 5.0035281
4.8948626 5.0035388
4.9098822 5.0035495
4.9249019 5.0035603
4.9399215 5.003571
4.9549411 5.0035817
4.9699607 5.0035925
4.9849804 5.0036032
5 5.0036139
5.0166667 5.0036258
5.0339286 5.0036381
5.0511905 5.0036504
5.0684524 5.0036628
5.0857143 5.0036751
5.1029762 5.0036874
5.1210227 5.0037003
5.1390693 5.0037131
5.1571158 5.003726
5.1751623 5.0037389
5.1932089 5.0037518
5.2112554 5.0037646
5.2293019 5.0037775
5.2486375 5.0037913
5.2679731 5.0038051
5.2873087 5.0038189
5.3066442 5.0038327
5.3259798 5.0038465
5.3453154 5.0038603
5.364651 5.0038741
5.3839865 5.0038879
5.4033221 5.0039016
5.4226577 5.0039154
5.4419933 5.0039292
5.4613288 5.0039431
5.4806644 5.0039569
5.5 5.0039707
5.5208333 5.0039855
5.5436508 5.0040018
5.5664683 5.0040181
5.5892857 5.0040344
5.6121032 5.0040507
5.6349206 5.0040669
5.6577381 5.0040832
5.6805556 5.0040995
5.703373 5.0041158
5.7261905 5.0041321
5.7490079 5.0041484
5.7718254 5.0041647
5.7946429 5.0041811
5.8174603 5.0041974
5.8402778 5.0042137
5.8630952 5.00423
5.8859127 5.0042464
5.9087302 5.0042627
5.9315476 5.0042791
5.9543651 5.0042954
5.9771825 5.0043118
6 5.0043281
6.0238095 5.0043452
6.047619 5.0043623
6.0714286 5.0043794
6.0952381 5.0043965
6.1190476 5.0044136
6.1428571 5.0044307
6.1666667 5.0044479
6.1904762 5.004465
6.2142857 5.0044822
6.2380952 5.0044993
6.2619048 5.0045165
6.2857143 5.0045337
6.3095238 5.0045509
6.3333333 5.0045681
6.3571429 5.0045854
6.3809524 5.0046026
6.4047619 5.0046199
6.4285714 5.0046371
6.452381 5.0046544
6.4761905 5.0046717
6.5 5.004689
6.5263158 5.0047082
6.5541796 5.0047285
6.5820433 5.0047488
6.6081656 5.0047678
6.6342879 5.0047869
6.6604102 5.004806
6.6865325 5.0048251
6.7126548 5.0048443
6.7366002 5.0048619
6.7605457 5.0048795
6.7844911 5.0048971
6.8084365 5.0049148
6.832382 5.0049325
6.8563274 5.0049502
6.8802728 5.004968
6.9042183 5.0049857
6.9281637 5.0050035
6.9521091 5.0050213
6.9760546 5.0050392
7 5.005057
7.0238095 5.0050748
7.047619 5.0050927
7.0714286 5.0051105
7.0952381 5.0051284
7.1190476 5.0051463
7.1428571 5.0051642
7.1666667 5.0051822
7.1904762 5.0052002
7.2142857 5.0052182
7.2380952 5.0052362
7.2619048 5.0052543
7.2857143 5.0052724
7.3095238 5.0052905
7.3333333 5.0053087
7.3571429 5.0053269
7.3809524 5.0053451
7.4047619 5.0053634
7.4285714 5.0053817
7.452381 5.0054
7.4761905 5.0054184
7.5 5.0054368
7.5238095 5.0054552
7.547619 5.0054737
7.5727513 5.0054932
7.5978836 5.0055127
7.6246914 5.0055336
7.6514991 5.0055546
7.6783069 5.0055755
7.7051146 5.0055965
7.7319224 5.0056176
7.7587302 5.0056387
7.7828571 5.0056577
7.8069841 5.0056768
7.8311111 5.0056959
7.8552381 5.0057151
7.8759184 5.0057316
7.8965986 5.0057481
7.9172789 5.0057647
7.9379592 5.0057813
7.9586395 5.0057979
7.9793197 5.0058146
8 5.0058313
8.0227273 5.0058496
8.0444215 5.0058672
8.0661157 5.0058848
8.0878099 5.0059024
8.1095041 5.00592
8.1311983 5.0059377
8.1528926 5.0059554
8.1745868 5.0059732
8.196281 5.005991
8.2179752 5.0060088
8.2396694 5.0060266
8.2613636 5.0060445
8.2830579 5.0060624
8.3047521 5.0060804
8.3264463 5.0060983
8.3481405 5.0061164
8.3698347 5.0061344
8.3915289 5.0061525
8.4132231 5.0061706
8.4349174 5.0061888
8.4566116 5.0062069
8.4783058 5.0062252
8.5 5.0062434
8.5208333 5.006261
8.5416667 5.0062786
8.5625 5.0062962
8.5823864 5.0063131
8.6022727 5.00633
8.6221591 5.0063469
8.6420455 5.0063638
8.6619318 5.0063808
8.6818182 5.0063978
8.7017045 5.0064149
8.7215909 5.0064319
8.7401515 5.0064479
8.7587121 5.0064639
8.7772727 5.0064799
8.7958333 5.006496
8.8143939 5.006512
8.8329545 5.0065281
8.8515152 5.0065442
8.8700758 5.0065604
8.8886364 5.0065766
8.907197 5.0065928
8.9257576 5.006609
8.9443182 5.0066252
8.9628788 5.0066415
8.9814394 5.0066578
9 5.0066741
9.0185185 5.0066904
9.0363512 5.0067062
9.0541838 5.0067219
9.0720165 5.0067377
9.0891358 5.0067529
9.1062551 5.0067682
9.1233745 5.0067834
9.1404938 5.0067987
9.1576132 5.006814
9.1747325 5.0068293
9.1909959 5.0068439
9.2072593 5.0068585
9.2235226 5.0068731
9.239786 5.0068878
9.2560494 5.0069024
9.2723128 5.0069171
9.2874919 5.0069309
9.3026711 5.0069447
9.3178502 5.0069585
9.3330294 5.0069723
9.3482085 5.0069861
9.3633877 5.007
9.3785668 5.0070139
9.393746 5.0070278
9.4089251 5.0070417
9.4241043 5.0070557
9.4392834 5.0070696
9.4544626 5.0070836
9.4658469 5.0070942
9.4772313 5.0071047
9.4886156 5.0071153
9.5 5.0071259
9.5128205 5.0071378
9.5267399 5.0071508
9.5410811 5.0071642
9.5554224 5.0071775
9.5697636 5.007191
9.5841048 5.0072044
9.598446 5.0072178
9.6127872 5.0072313
9.6266162 5.0072443
9.6404453 5.0072574
9.6542743 5.0072704
9.6681033 5.0072835
9.6819324 5.0072966
9.6957614 5.0073097
9.7095904 5.0073229
9.7227908 5.0073354
9.7359913 5.007348
9.7491917 5.0073607
9.7623922 5.0073733
9.7755926 5.0073859
9.788793 5.0073986
9.8019935 5.0074113
9.8151939 5.007424
9.8283943 5.0074368
9.8415948 5.0074495
9.8547952 5.0074623
9.8668956 5.0074741
9.878996 5.0074858
9.8910964 5.0074976
9.9031968 5.0075094
9.9152972 5.0075212
9.9273976 5.007533
9.939498 5.0075449
9.9515984 5.0075568
9.9636988 5.0075687
9.9757992 5.0075806
9.9878996 5.0075925
10 5.0076044
10.0125 5.0076168
10.025 5.0076292
10.037179 5.0076413
10.049359 5.0076534
10.061538 5.0076655
10.073718 5.0076776
10.085897 5.0076898
10.098077 5.007702
10.110256 5.0077142
10.122436 5.0077264
10.134235 5.0077382
10.146034 5.0077501
10.157833 5.007762
10.169631 5.0077739
10.18143 5.0077858
10.193229 5.0077978
10.205028 5.0078098
10.216827 5.0078218
10.228626 5.0078338
10.240425 5.0078458
10.252224 5.0078579
10.263486 5.0078694
10.274749 5.0078809
10.286011 5.0078925
10.297274 5.0079041
10.308536 5.0079157
10.319799 5.0079273
10.331062 5.0079389
10.342324 5.0079506
10.353587 5.0079622
10.364849 5.0079739
10.376112 5.0079856
10.387374 5.0079973
10.398637 5.0080091
10.409899 5.0080208
10.421162 5.0080326
10.432425 5.0080444
10.443687 5.0080562
10.45495 5.0080681
10.466212 5.0080799
10.477475 5.0080918
10.488737 5.0081037
10.5 5.0081156
10.511111 5.0081274
10.522222 5.0081392
10.533333 5.008151
10.544444 5.0081628
10.555291 5.0081744
10.566138 5.008186
10.576984 5.0081976
10.587831 5.0082092
10.598677 5.0082208
10.609524 5.0082325
10.62037 5.0082442
10.631217 5.0082559
10.642063 5.0082676
10.65291 5.0082793
10.663757 5.0082911
10.674603 5.0083028
10.68545 5.0083146
10.696296 5.0083264
10.707143 5.0083383
10.717989 5.0083501
10.728434 5.0083615
10.738879 5.008373
10.749324 5.0083844
10.759769 5.0083959
10.770214 5.0084074
10.780658 5.0084189
10.791103 5.0084305
10.801548 5.008442
10.811993 5.0084536
10.822438 5.0084652
10.832883 5.0084768
10.843327 5.0084884
10.853772 5.0085001
10.864217 5.0085117
10.874662 5.0085234
10.885107 5.0085351
10.895552 5.0085468
10.905996 5.0085586
10.916441 5.0085703
10.926886 5.0085821
10.937331 5.0085939
10.947776 5.0086057
10.958221 5.0086175
10.968665 5.0086294
10.97911 5.0086412
10.989555 5.0086531
11 5.008665
11.010417 5.0086769
11.020833 5.0086888
11.03125 5.0087007
11.041667 5.0087127
11.052083 5.0087246
11.0625 5.0087366
11.072917 5.0087486
11.083333 5.0087607
11.09375 5.0087727
11.104167 5.0087848
11.114583 5.0087968
11.125 5.0088089
11.135135 5.0088207
11.14527 5.0088325
11.155405 5.0088444
11.165541 5.0088562
11.175676 5.0088681
11.185811 5.00888
11.195946 5.0088919
11.206081 5.0089038
11.216216 5.0089157
11.226351 5.0089277
11.236486 5.0089397
11.246246 5.0089512
11.256006 5.0089628
11.265766 5.0089744
11.275526 5.008986
11.285285 5.0089976
11.295045 5.0090093
11.304805 5.0090209
11.314565 5.0090326
11.324324 5.0090443
11.334084 5.009056
11.343844 5.0090677
11.353604 5.0090795
11.363363 5.0090913
11.373123 5.009103
11.382883 5.0091148
11.392643 5.0091267
11.402402 5.0091385
11.412162 5.0091504
11.421922 5.0091622
11.431682 5.0091741
11.441441 5.009186
11.451201 5.009198
11.459334 5.0092079
11.467467 5.0092179
11.475601 5.0092279
11.483734 5.0092379
11.491867 5.0092479
11.5 5.0092579
11.509091 5.0092692
11.518717 5.0092811
11.528342 5.009293
11.537968 5.0093049
11.547594 5.0093169
11.557019 5.0093286
11.566444 5.0093403
11.575869 5.0093521
11.585294 5.0093638
11.594719 5.0093756
11.604144 5.0093874
11.61357 5.0093992
11.622995 5.0094111
11.63242 5.0094229
11.641845 5.0094348
11.65127 5.0094467
11.660695 5.0094586
11.67012 5.0094705
11.679545 5.0094825
11.688971 5.0094944
11.698396 5.0095064
11.707821 5.0095184
11.717246 5.0095304
11.726671 5.0095425
11.736096 5.0095545
11.745521 5.0095666
11.754947 5.0095787
11.764372 5.0095908
11.773797 5.0096029
11.783222 5.0096151
11.792647 5.0096272
11.802072 5.0096394
11.811497 5.0096516
11.820922 5.0096638
11.830348 5.0096761
11.839773 5.0096883
11.849198 5.0097006
11.858069 5.0097122
11.866939 5.0097237
11.87581 5.0097353
11.884681 5.009747
11.893551 5.0097586
11.902422 5.0097703
11.911293 5.0097819
11.920164 5.0097936
11.929034 5.0098053
11.937905 5.009817
11.946776 5.0098288
11.955646 5.0098405
11.964517 5.0098523
11.973388 5.0098641
11.982259 5.0098759
11.991129 5.0098877
12 5.0098995
12.009434 5.0099122
12.018868 5.0099248
12.028302 5.0099374
12.037736 5.0099501
12.04717 5.0099628
12.056604 5.0099755
12.066038 5.0099882
12.075472 5.0100009
12.084906 5.0100137
12.09434 5.0100265
12.103774 5.0100393
12.113208 5.0100521
12.122642 5.0100649
12.132075 5.0100778
12.141509 5.0100906
12.150943 5.0101035
12.160377 5.0101165
12.169811 5.0101294
12.179245 5.0101423
12.188679 5.0101553
12.198113 5.0101683
12.207547 5.0101813
12.216981 5.0101944
12.226415 5.0102074
12.235849 5.0102205
12.245283 5.0102336
12.254717 5.0102467
12.264151 5.0102598
12.273585 5.010273
12.283019 5.0102862
12.292453 5.0102994
12.301887 5.0103126
12.311321 5.0103258
12.320755 5.0103391
12.330189 5.0103524
12.339623 5.0103657
12.349057 5.010379
12.358491 5.0103923
12.367925 5.0104057
12.377358 5.0104191
12.386792 5.0104325
12.396226 5.0104459
12.40566 5.0104593
12.415094 5.0104728
12.424528 5.0104863
12.433962 5.0104998
12.443396 5.0105133
12.45283 5.0105269
12.462264 5.0105404
12.471698 5.010554
12.481132 5.0105676
12.490566 5.0105813
12.5 5.0105949
12.51 5.0106094
12.52 5.0106239
12.53 5.0106385
12.54 5.010653
12.55 5.0106676
12.56 5.0106823
12.57 5.0106969
12.58 5.0107116
12.59 5.0107262
12.6 5.010741
12.61 5.0107557
12.62 5.0107705
12.63 5.0107852
12.64 5.0108
12.65 5.0108149
12.660294 5.0108302
12.670588 5.0108455
12.680882 5.0108608
12.691176 5.0108762
12.701471 5.0108916
12.711765 5.010907
12.722059 5.0109225
12.732353 5.010938
12.742647 5.0109535
12.752941 5.010969
12.763235 5.0109846
12.773529 5.0110002
12.783824 5.0110158
12.794118 5.0110314
12.804412 5.0110471
12.814706 5.0110628
12.825 5.0110785
12.835294 5.0110943
12.845588 5.0111101
12.855882 5.0111259
12.866176 5.0111417
12.876471 5.0111576
12.886765 5.0111734
12.897059 5.0111894
12.907353 5.0112053
12.917647 5.0112213
12.927941 5.0112373
12.938235 5.0112533
12.948529 5.0112694
12.958824 5.0112855
12.969118 5.0113016
12.979412 5.0113177
12.989706 5.0113339
13 5.0113501
13.011111 5.0113676
13.022222 5.0113851
13.033333 5.0114027
13.044444 5.0114203
13.055556 5.011438
13.066667 5.0114556
13.077778 5.0114734
13.088889 5.0114911
13.1 5.0115089
13.111111 5.0115267
13.122222 5.0115445
13.133333 5.0115624
13.144444 5.0115803
13.155556 5.0115983
13.166667 5.0116163
13.177778 5.0116343
13.188889 5.0116523
13.2 5.0116704
13.211111 5.0116885
13.222222 5.0117067
13.233333 5.0117249
13.244444 5.0117431
13.255556 5.0117614
13.266667 5.0117797
13.277778 5.011798
13.288889 5.0118164
13.3 5.0118348
13.311111 5.0118532
13.322222 5.0118717
13.333333 5.0118902
13.344444 5.0119088
13.355556 5.0119273
13.366667 5.011946
13.377778 5.0119646
13.388889 5.0119833
13.4 5.012002
13.411111 5.0120208
13.422222 5.0120396
13.433333 5.0120584
13.444444 5.0120773
13.455556 5.0120962
13.466667 5.0121152
13.477778 5.0121342
13.488889 5.0121532
13.5 5.0121722
13.511364 5.0121918
13.522727 5.0122113
13.534091 5.012231
13.545455 5.0122506
13.556818 5.0122703
13.568182 5.01229
13.579545 5.0123098
13.590909 5.0123296
13.602273 5.0123494
13.613636 5.0123693
13.625 5.0123892
13.636364 5.0124092
13.647727 5.0124292
13.659091 5.0124493
13.670455 5.0124694
13.681818 5.0124895
13.693182 5.0125097
13.704545 5.0125299
13.715909 5.0125501
13.727273 5.0125704
13.738636 5.0125908
13.75 5.0126111
13.761364 5.0126315
13.772727 5.012652
13.784091 5.0126725
13.795455 5.012693
13.806818 5.0127136
13.818182 5.0127343
13.829545 5.0127549
13.840909 5.0127756
13.852273 5.0127964
13.863636 5.0128172
13.875 5.012838
13.886364 5.0128589
13.897727 5.0128798
13.909091 5.0129008
13.920455 5.0129218
13.931818 5.0129429
13.943182 5.012964
13.954545 5.0129851
13.965909 5.0130063
13.977273 5.0130275
13.988636 5.0130488
14 5.0130701
14.011364 5.0130915
14.022727 5.0131129
14.034091 5.0131343
14.045455 5.0131558
14.056818 5.0131774
14.068182 5.013199
14.079545 5.0132206
14.090909 5.0132423
14.102273 5.013264
14.113636 5.0132857
14.125 5.0133076
14.136364 5.0133294
14.147727 5.0133513
14.159091 5.0133733
14.170455 5.0133953
14.181818 5.0134173
14.193182 5.0134394
14.204545 5.0134615
14.215909 5.0134837
14.227273 5.0135059
14.238636 5.0135282
14.25 5.0135505
14.261364 5.0135729
14.272727 5.0135953
14.284091 5.0136178
14.295455 5.0136403
14.306818 5.0136628
14.318182 5.0136854
14.329545 5.0137081
14.340909 5.0137308
14.352273 5.0137535
14.363636 5.0137763
14.375 5.0137992
14.386364 5.0138221
14.397727 5.013845
14.409091 5.013868
14.420455 5.013891
14.431818 5.0139141
14.443182 5.0139373
14.454545 5.0139604
14.465909 5.0139837
14.477273 5.014007
14.488636 5.0140303
14.5 5.0140537
14.511905 5.0140782
14.52381 5.0141028
14.535714 5.0141275
14.547619 5.0141522
14.559524 5.014177
14.571429 5.0142018
14.583333 5.0142267
14.595238 5.0142516
14.607143 5.0142766
14.619048 5.0143017
14.630952 5.0143268
14.642857 5.0143519
14.654762 5.0143772
14.666667 5.0144024
14.678571 5.0144278
14.690051 5.0144522
14.701531 5.0144768
14.71301 5.0145014
14.72449 5.014526
14.735969 5.0145507
14.747449 5.0145755
14.758929 5.0146003
14.770408 5.0146252
14.781888 5.0146501
14.793367 5.0146751
14.804847 5.0147001
14.816327 5.0147252
14.827806 5.0147503
14.839286 5.0147755
14.850765 5.0148008
14.862245 5.0148261
14.873724 5.0148515
14.885204 5.0148769
14.896684 5.0149024
14.908163 5.0149279
14.919643 5.0149535
14.931122 5.0149791
14.942602 5.0150048
14.954082 5.0150306
14.965561 5.0150564
14.977041 5.0150823
14.98852 5.0151082
15 5.0151342
15.011628 5.0151606
15.023256 5.0151871
15.034884 5.0152136
15.046512 5.0152401
15.05814 5.0152668
15.069767 5.0152934
15.081395 5.0153202
15.093023 5.015347
15.104651 5.0153739
15.115947 5.0154
15.127243 5.0154262
15.138538 5.0154525
15.149834 5.0154789
15.16113 5.0155052
15.172425 5.0155317
15.183721 5.0155582
15.195017 5.0155848
15.206312 5.0156114
15.217608 5.0156381
15.228904 5.0156649
15.240199 5.0156917
15.251495 5.0157185
15.262791 5.0157455
15.274086 5.0157724
15.285382 5.0157995
15.296678 5.0158266
15.307973 5.0158538
15.319269 5.015881
15.330565 5.0159083
15.34186 5.0159357
15.353156 5.0159631
15.364452 5.0159905
15.375748 5.0160181
15.387043 5.0160457
15.398339 5.0160733
15.409635 5.0161011
15.42093 5.0161288
15.432226 5.0161567
15.443522 5.0161846
15.454817 5.0162126
15.466113 5.0162406
15.477409 5.0162687
15.488704 5.0162969
15.5 5.0163251
15.511628 5.0163542
15.523256 5.0163834
15.534884 5.0164127
15.546512 5.016442
15.55814 5.0164714
15.569767 5.0165009
15.581395 5.0165304
15.593023 5.01656
15.604651 5.0165896
15.616279 5.0166194
15.627907 5.0166492
15.639535 5.0166791
15.651163 5.016709
15.662791 5.016739
15.674419 5.0167691
15.686047 5.0167993
15.697674 5.0168295
15.709302 5.0168598
15.72093 5.0168902
15.732558 5.0169206
15.744186 5.0169512
15.755814 5.0169817
15.767442 5.0170124
15.77907 5.0170431
15.790698 5.0170739
15.802326 5.0171048
15.813953 5.0171358
15.825581 5.0171668
15.837209 5.0171979
15.848837 5.0172291
15.860465 5.0172603
15.872093 5.0172916
15.883721 5.017323
15.895349 5.0173545
15.906977 5.0173861
15.918605 5.0174177
15.930233 5.0174494
15.94186 5.0174811
15.953488 5.017513
15.965116 5.0175449
15.976744 5.0175769
15.988372 5.017609
16 5.0176412
16.012195 5.017675
16.02439 5.0177088
16.036585 5.0177428
16.04878 5.0177769
16.060976 5.017811
16.073171 5.0178452
16.085366 5.0178795
16.097561 5.0179139
16.109756 5.0179484
16.121951 5.017983
16.134146 5.0180176
16.146341 5.0180524
16.158537 5.0180872
16.170732 5.0181221
16.182927 5.0181571
16.195122 5.0181922
16.207317 5.0182274
16.219512 5.0182627
16.231707 5.0182981
16.243902 5.0183335
16.256098 5.0183691
16.268293 5.0184047
16.280488 5.0184404
16.292683 5.0184763
16.304878 5.0185122
16.317073 5.0185482
16.329268 5.0185843
16.341463 5.0186204
16.353659 5.0186567
16.365854 5.0186931
16.378049 5.0187295
16.390244 5.0187661
16.402439 5.0188028
16.414634 5.0188395
16.426829 5.0188763
16.439024 5.0189133
16.45122 5.0189503
16.463415 5.0189874
16.47561 5.0190246
16.487805 5.0190619
16.5 5.0190994
16.5125 5.0191378
16.525 5.0191763
16.5375 5.019215
16.55 5.0192537
16.5625 5.0192926
16.575 5.0193315
16.5875 5.0193705
16.6 5.0194097
16.6125 5.019449
16.625 5.0194883
16.6375 5.0195278
16.65 5.0195673
16.6625 5.019607
16.675 5.0196468
16.6875 5.0196867
16.7 5.0197267
16.7125 5.0197668
16.725 5.019807
16.7375 5.0198473
16.75 5.0198877
16.7625 5.0199282
16.775 5.0199688
16.7875 5.0200095
16.8 5.0200504
16.8125 5.0200913
16.825 5.0201324
16.8375 5.0201736
16.85 5.0202148
16.8625 5.0202562
16.875 5.0202977
16.8875 5.0203393
16.9 5.0203811
16.9125 5.0204229
16.925 5.0204648
16.9375 5.0205069
16.95 5.020549
16.9625 5.0205913
16.975 5.0206337
16.9875 5.0206762
17 5.0207188
17.012821 5.0207626
17.025641 5.0208066
17.038462 5.0208506
17.051282 5.0208948
17.064103 5.0209391
17.076923 5.0209835
17.089744 5.0210281
17.102564 5.0210727
17.115385 5.0211175
17.128205 5.0211624
17.141026 5.0212074
17.153846 5.0212526
17.166209 5.0212962
17.178571 5.02134
17.190934 5.0213839
17.203297 5.0214279
17.215659 5.0214721
17.228022 5.0215163
17.240385 5.0215607
17.252747 5.0216051
17.26511 5.0216497
17.277473 5.0216944
17.289835 5.0217393
17.302198 5.0217842
17.31456 5.0218293
17.326923 5.0218745
17.339286 5.0219198
17.351648 5.0219652
17.364011 5.0220107
17.376374 5.0220564
17.388736 5.0221022
17.401099 5.0221481
17.413462 5.0221941
17.425824 5.0222403
17.438187 5.0222865
17.450549 5.0223329
17.462912 5.0223794
17.475275 5.0224261
17.487637 5.0224728
17.5 5.0225197
17.512821 5.0225684
17.525641 5.0226173
17.538462 5.0226663
17.551282 5.0227154
17.564103 5.0227647
17.576923 5.0228141
17.589744 5.0228636
17.602564 5.0229133
17.615385 5.0229631
17.628205 5.023013
17.641484 5.0230649
17.654762 5.0231169
17.66804 5.023169
17.681319 5.0232213
17.694597 5.0232738
17.707875 5.0233264
17.721154 5.0233791
17.734432 5.023432
17.747711 5.023485
17.760989 5.0235382
17.774267 5.0235915
17.787546 5.023645
17.800824 5.0236986
17.814103 5.0237524
17.827381 5.0238063
17.840659 5.0238604
17.853938 5.0239147
17.867216 5.023969
17.880495 5.0240236
17.893773 5.0240783
17.907051 5.0241331
17.92033 5.0241881
17.933608 5.0242432
17.946886 5.0242985
17.960165 5.024354
17.973443 5.0244096
17.986722 5.0244653
18 5.0245212
18.013889 5.0245799
18.027778 5.0246388
18.041667 5.0246979
18.055556 5.0247572
18.069444 5.0248167
18.083333 5.0248763
18.097222 5.0249362
18.111111 5.0249962
18.125 5.0250564
18.138889 5.0251167
18.152778 5.0251773
18.166667 5.025238
18.180556 5.0252989
18.194444 5.02536
18.208333 5.0254212
18.222222 5.0254826
18.236111 5.0255442
18.25 5.025606
18.263889 5.025668
18.277778 5.0257301
18.291667 5.0257924
18.305556 5.0258549
18.319444 5.0259176
18.333333 5.0259805
18.347222 5.0260435
18.361111 5.0261067
18.375 5.0261701
18.388889 5.0262337
18.402778 5.0262975
18.416667 5.0263614
18.430556 5.0264256
18.444444 5.0264899
18.458333 5.0265544
18.472222 5.0266191
18.486111 5.026684
18.5 5.0267494
18.514706 5.0268189
18.529412 5.0268886
18.544118 5.0269585
18.558824 5.0270286
18.573529 5.0270989
18.588235 5.0271694
18.602434 5.0272377
18.616633 5.0273062
18.630832 5.027375
18.64503 5.0274439
18.659229 5.027513
18.673428 5.0275824
18.687035 5.027649
18.700642 5.0277159
18.714249 5.027783
18.727857 5.0278508
18.741464 5.0279188
18.755071 5.027987
18.768678 5.0280554
18.782285 5.028124
18.795092 5.0281888
18.807899 5.0282537
18.820706 5.0283189
18.833512 5.0283842
18.846319 5.0284497
18.859126 5.0285154
18.871933 5.028582
18.884739 5.0286488
18.897546 5.0287158
18.90893 5.0287755
18.920314 5.0288354
18.931697 5.0288955
18.943081 5.0289557
18.954465 5.0290161
18.965849 5.0290766
18.977232 5.0291378
18.988616 5.0291995
19 5.0292614
19.011905 5.0293263
19.02381 5.0293914
19.035714 5.0294566
19.047619 5.0295221
19.059219 5.029586
19.070818 5.0296509
19.082418 5.0297163
19.094017 5.0297819
19.105617 5.0298477
19.116885 5.0299119
19.128153 5.0299762
19.139421 5.0300408
19.150689 5.030106
19.161957 5.0301722
19.173225 5.0302386
19.184118 5.0303029
19.19501 5.0303675
19.205903 5.0304323
19.216795 5.0304974
19.227688 5.0305631
19.23858 5.03063
19.249473 5.030697
19.260365 5.0307643
19.271258 5.0308319
19.28215 5.0308997
19.293043 5.0309677
19.30339 5.0310333
19.313738 5.0310999
19.324086 5.0311668
19.334434 5.0312339
19.344782 5.0313013
19.35513 5.0313689
19.365478 5.0314368
19.375826 5.0315057
19.386173 5.0315758
19.396521 5.0316462
19.406869 5.0317169
19.417217 5.0317879
19.427565 5.0318593
19.437913 5.0319309
19.448261 5.0320043
19.458609 5.0320785
19.468956 5.032153
19.479304 5.0322278
19.489652 5.032303
19.5 5.0323786
19.510638 5.0324587
19.521277 5.0325393
19.531915 5.0326203
19.542553 5.0327018
19.553191 5.0327837
19.56383 5.0328661
19.574468 5.0329489
19.585106 5.0330322
19.595745 5.033116
19.606383 5.0332003
19.617317 5.0332875
19.628251 5.0333751
19.639184 5.0334634
19.650118 5.0335521
19.661052 5.0336414
19.671986 5.0337313
19.68292 5.0338218
19.693853 5.0339129
19.704787 5.0340046
19.716142 5.0341004
19.727496 5.0341969
19.73885 5.0342967
19.750205 5.034398
19.761559 5.0345001
19.772913 5.034603
19.784268 5.0347068
19.795622 5.0348115
19.806976 5.0349172
19.818331 5.0350238
19.829685 5.0351313
19.841039 5.0352399
19.852394 5.0353496
19.863748 5.0354603
19.875102 5.0355756
19.886457 5.0356927
19.897811 5.0358113
19.909165 5.0359312
19.92052 5.0360528
19.931874 5.0361759
19.943228 5.0363022
19.954583 5.0364339
19.965937 5.0365676
19.977291 5.0367035
19.988646 5.0368418
20 5.0369826
20.0125 5.0371407
20.025329 5.0373065
20.038514 5.0374809
20.0517 5.0376602
20.064885 5.0378526
20.07807 5.0380509
20.091255 5.0382558
20.10488 5.038475
20.118505 5.0387025
20.13213 5.0389392
20.145755 5.039186
20.15938 5.039444
20.173004 5.0397232
20.187222 5.040036
20.201439 5.0403672
20.215656 5.0407241
20.229873 5.0411174
20.24409 5.0415389
20.258308 5.0419919
20.272525 5.0424804
20.286742 5.043009
20.300959 5.0435827
20.315176 5.0442073
20.329394 5.0448894
20.343611 5.0456365
20.357828 5.0464572
20.370753 5.0472725
20.383677 5.0481643
20.396602 5.0491416
20.409527 5.0502312
20.422452 5.0514432
20.435376 5.0527799
20.448301 5.0542567
20.461226 5.0558909
20.474151 5.0577022
20.487075 5.0597126
20.5 5.061947
20.513514 5.0645595
20.527027 5.0674855
20.540541 5.0707672
20.554054 5.0744524
20.567568 5.0785953
20.581081 5.0832579
20.594595 5.0885107
20.608108 5.0944342
20.622104 5.1013887
20.6361 5.1092813
20.650097 5.1182475
20.664093 5.1284425
20.678089 5.1400451
20.692085 5.1532609
20.706081 5.1683269
20.720077 5.1855165
20.734073 5.2051452
20.748069 5.2275779
20.762066 5.2532366
20.776062 5.2826102
20.790058 5.3162656
20.803179 5.352148
20.816301 5.3929754
20.829422 5.4394607
20.842543 5.492432
20.855665 5.552848
20.868786 5.6218196
20.881908 5.7006361
20.895029 5.7907965
20.90815 5.8940467
20.921272 6.0124241
20.934393 6.1483117
20.947514 6.3045027
20.960636 6.4842795
20.973757 6.6915096
20.986879 6.9307623
21 7.2074529
21.012821 7.519669
21.025641 7.8809062
21.038462 8.2996403
21.051282 8.7860574
21.064103 9.3524057
21.076923 10.013472
21.089744 10.78718
21.102176 11.663951
21.114608 12.691709
21.12704 13.899864
21.139472 15.324788
21.151904 17.011341
21.164336 19.015003
21.176768 21.404545
21.188739 24.144212
21.200711 27.41899
21.212682 31.342721
21.224654 36.05588
21.236626 41.726718
21.248597 48.551471
21.260569 56.741863
21.27254 66.514055
21.284512 78.061386
21.295853 90.765162
21.307195 105.27202
21.318536 121.45169
21.329211 138.00127
21.339257 154.49748
21.348712 170.51753
21.358168 186.62024
21.367032 201.48732
21.375897 215.78519
21.38417 228.44092
21.392444 240.12149
21.400718 250.65385
21.408355 259.38223
21.415992 267.0039
21.423629 273.60482
21.431266 279.35572
21.438903 284.26514
21.44654 288.43801
21.454177 291.97519
21.461814 294.96346
21.469452 297.47423
21.477089 299.58067
21.484726 301.34881
21.492363 302.83357
21.5 304.08062
21.507576 305.12151
21.515152 305.99853
21.522727 306.73942
21.530303 307.36751
21.537879 307.90154
21.545581 308.36298
21.553283 308.75829
21.560985 309.09938
21.568687 309.39528
21.576389 309.65715
21.584234 309.89198
21.592078 310.0967
21.599923 310.27457
21.607767 310.42933
21.615612 310.56443
21.62362 310.685
21.631628 310.79067
21.639636 310.88343
21.647644 310.96491
21.655653 311.0365
21.663661 311.09937
21.671864 311.15573
21.680067 311.20492
21.688271 311.24774
21.696474 311.28486
21.704678 311.31689
21.712881 311.34437
21.721084 311.36775
21.729536 311.38798
21.737988 311.40474
21.74644 311.41833
21.754892 311.42907
21.763344 311.43723
21.771796 311.44306
21.780248 311.44677
21.7887 311.44857
21.797152 311.44862
21.805604 311.4471
21.814056 311.44414
21.822508 311.43988
21.83096 311.43443
21.839412 311.42791
21.847864 311.4204
21.856316 311.41201
21.864768 311.4028
21.87322 311.39286
21.881672 311.38224
21.890124 311.37103
21.898576 311.35927
21.907028 311.34701
21.91548 311.33432
21.923932 311.32123
21.932384 311.30778
21.940836 311.29402
21.949288 311.27999
21.95774 311.26571
21.966192 311.25122
21.974644 311.23655
21.983096 311.22173
21.991548 311.20678
22 311.19173
22.009259 311.17521
22.018519 311.15864
22.027778 311.14205
22.037037 311.12547
22.046296 311.10892
22.055556 311.09246
22.064815 311.07612
22.074074 311.05995
22.083333 311.04399
22.092593 311.02829
22.101852 311.01287
22.111111 310.99778
22.12037 310.98303
22.12963 310.96866
22.138889 310.95469
22.148148 310.94113
22.157407 310.92802
22.166667 310.91538
22.175926 310.90324
22.185185 310.89164
22.194444 310.88062
22.203704 310.87022
22.212963 310.86048
22.222222 310.85144
22.231481 310.84316
22.240741 310.83567
22.25 310.82899
22.259259 310.82315
22.268519 310.81817
22.277778 310.81409
22.287037 310.81096
22.296296 310.80882
22.305556 310.80774
22.314815 310.80777
22.324074 310.80897
22.333333 310.81136
22.342593 310.81496
22.351852 310.81982
22.361111 310.826
22.37037 310.83358
22.37963 310.84261
22.388889 310.85285
22.398148 310.86463
22.407407 310.87817
22.416667 310.89349
22.425926 310.91061
22.435185 310.9295
22.444444 310.9502
22.453704 310.97273
22.462963 310.99714
22.472222 311.02349
22.481481 311.05185
22.490741 311.08224
22.5 311.11469
22.509091 311.14856
22.518182 311.18447
22.527273 311.22243
22.536364 311.26248
22.545455 311.30465
22.554545 311.34898
22.563636 311.39551
22.572727 311.44429
22.581818 311.49541
22.590909 311.54894
22.599802 311.60371
22.608696 311.66104
22.617391 311.71956
22.626087 311.78057
22.634783 311.84407
22.643276 311.90878
22.651769 311.9765
22.660263 312.04713
22.668756 312.1206
22.677037 312.19489
22.685319 312.27187
22.6936 312.35157
22.701881 312.43405
22.709938 312.51701
22.717995 312.60275
22.726053 312.69134
22.73411 312.7829
22.742167 312.87749
22.750224 312.97523
22.75803 313.07269
22.765835 313.17178
22.773641 313.27358
22.781446 313.3784
22.789252 313.48664
22.797057 313.59856
22.804863 313.71452
22.812668 313.83444
22.820474 313.95832
22.828279 314.08625
22.836085 314.21838
22.84389 314.35489
22.851696 314.49596
22.859111 314.65341
22.866526 314.8194
22.873941 314.99089
22.881357 315.16814
22.888772 315.35143
22.896187 315.54105
22.903602 315.73733
22.911017 315.94059
22.918433 316.15121
22.925848 316.36957
22.933263 316.59606
22.940678 316.8311
22.948093 317.07508
22.955509 317.32825
22.962924 317.58969
22.970339 317.86064
22.977754 318.14204
22.98517 318.43472
22.992585 318.73947
23 319.05701
23.007576 319.39538
23.015152 319.74811
23.022727 320.11529
23.030303 320.49687
23.037879 320.89287
23.045455 321.3035
23.05303 321.72905
23.060606 322.16957
23.068182 322.64594
23.075758 323.14159
23.083333 323.65715
23.090909 324.19278
23.098485 324.74846
23.106061 325.32397
23.113636 325.91895
23.121212 326.53281
23.128788 327.16486
23.136364 327.81365
23.143939 328.47744
23.151515 329.15596
23.159091 329.85029
23.166667 330.56108
23.174242 331.28611
23.181818 332.02279
23.189394 332.76847
23.19697 333.52017
23.204545 334.27436
23.212121 335.02852
23.219697 335.78066
23.227273 336.56339
23.234848 337.33864
23.242424 338.10273
23.25 338.85093
23.257576 339.57623
23.265152 340.28396
23.272727 340.97385
23.280303 341.642
23.287879 342.32681
23.295455 343.14385
23.30303 343.94895
23.310606 344.73367
23.318182 345.48499
23.325758 346.19626
23.333333 346.87377
23.340909 347.5202
23.348485 348.13636
23.356061 348.7229
23.363636 349.28103
23.371212 349.81239
23.378788 350.31902
23.386364 350.80205
23.393939 351.26182
23.401515 351.69858
23.409091 352.11178
23.416667 352.52602
23.424242 352.92303
23.431818 353.29884
23.439394 353.65248
23.44697 353.98505
23.454545 354.2988
23.462121 354.59781
23.469697 354.88393
23.477273 355.1536
23.484848 355.4053
23.492424 355.64088
23.5 355.86262
23.507937 356.07888
23.515747 356.276
23.523558 356.45827
23.531368 356.62711
23.539051 356.78146
23.546733 356.92572
23.554416 357.06121
23.561968 357.18672
23.56952 357.33415
23.577072 357.56331
23.584625 357.7781
23.592042 357.98108
23.59946 358.17834
23.606877 358.36984
23.614294 358.55522
23.621712 358.73424
23.628987 358.90364
23.636261 359.06681
23.643536 359.22382
23.650811 359.37482
23.658086 359.52002
23.66536 359.65959
23.672635 359.79366
23.679752 359.91981
23.686868 360.04122
23.693985 360.15818
23.701102 360.2709
23.708218 360.37949
23.715335 360.48395
23.722452 360.58429
23.729568 360.68054
23.736685 360.77225
23.743801 360.85911
23.750726 360.93979
23.75765 361.01753
23.764574 361.09286
23.771499 361.16577
23.778423 361.24268
23.785347 361.31906
23.792271 361.39367
23.799196 361.46585
23.80612 361.53531
23.813044 361.61615
23.819969 361.69657
23.826893 361.77577
23.833817 361.853
23.840741 361.92801
23.847666 362.0005
23.85459 362.0702
23.861514 362.13689
23.868439 362.2005
23.875363 362.26113
23.882287 362.319
23.889211 362.37438
23.895728 362.42443
23.902245 362.47276
23.908762 362.51947
23.915279 362.5644
23.921796 362.6074
23.928313 362.64858
23.93483 362.68814
23.941347 362.72628
23.947864 362.76312
23.954381 362.79875
23.960898 362.8332
23.967415 362.86648
23.973932 362.8986
23.980449 362.92957
23.986966 362.9594
23.993483 362.98811
24 363.0164
24.006849 363.04629
24.013699 363.07616
24.020453 363.10534
24.027207 363.13404
24.033961 363.16212
24.040715 363.18946
24.04747 363.21598
24.054224 363.24163
24.060978 363.26637
24.067732 363.29016
24.074486 363.33833
24.08124 363.39638
24.087995 363.45288
24.094749 363.50841
24.101503 363.56325
24.108257 363.61711
24.115011 363.66978
24.121766 363.72116
24.12852 363.77121
24.135274 363.81993
24.142028 363.86738
24.148782 363.91361
24.155537 363.95866
24.162291 364.00258
24.169045 364.04541
24.175799 364.08714
24.182553 364.12779
24.189307 364.16737
24.196062 364.20589
24.202816 364.24338
24.20957 364.27989
24.216324 364.31543
24.223078 364.35005
24.229833 364.38374
24.236587 364.41653
24.243341 364.44839
24.250095 364.47933
24.256849 364.50936
24.263604 364.53849
24.270358 364.56679
24.277112 364.59432
24.283866 364.62112
24.29062 364.64724
24.297374 364.67266
24.304129 364.69735
24.310883 364.72128
24.317637 364.74443
24.324391 364.76683
24.331145 364.78852
24.3379 364.80957
24.344654 364.83006
24.351408 364.85004
24.358162 364.86954
24.364916 364.88854
24.37167 364.90702
24.378425 364.92492
24.385179 364.94213
24.391933 364.95858
24.398687 364.97439
24.405441 364.98976
24.412196 365.00484
24.41895 365.01971
24.425704 365.03436
24.432458 365.04871
24.439212 365.06266
24.445967 365.07613
24.452721 365.08911
24.459475 365.1016
24.466229 365.11363
24.472983 365.12541
24.479737 365.1371
24.486492 365.14852
24.493246 365.16005
24.5 365.17146
24.506849 365.18249
24.513699 365.19263
24.520548 365.20171
24.527397 365.20971
24.534247 365.21678
24.541096 365.22422
24.547945 365.23509
24.554795 365.25295
24.561644 365.27121
24.568493 365.28863
24.575342 365.3048
24.582192 365.31971
24.589041 365.33351
24.59589 365.34631
24.60274 365.35823
24.609589 365.36938
24.616438 365.37961
24.623288 365.38914
24.630137 365.39824
24.636986 365.40703
24.643836 365.41553
24.650685 365.42364
24.657534 365.43131
24.664384 365.43856
24.671233 365.44543
24.678082 365.45199
24.684932 365.45827
24.691781 365.46432
24.69863 365.47014
24.705479 365.47571
24.712329 365.48104
24.719178 365.48612
24.726027 365.49095
24.732877 365.49554
24.739726 365.49988
24.746575 365.50398
24.753425 365.50784
24.760274 365.51147
24.767123 365.51487
24.773973 365.51804
24.780822 365.521
24.787671 365.52374
24.794521 365.52626
24.80137 365.52857
24.808219 365.53067
24.815068 365.53256
24.821918 365.53424
24.828767 365.53571
24.835616 365.53698
24.842466 365.53805
24.849315 365.53891
24.856164 365.53957
24.863014 365.54004
24.869863 365.5403
24.876712 365.54038
24.883562 365.54026
24.890411 365.53994
24.89726 365.53943
24.90411 365.53873
24.910959 365.53784
24.917808 365.53676
24.924658 365.53549
24.931507 365.53402
24.938356 365.53236
24.945205 365.53052
24.952055 365.52849
24.958904 365.52627
24.965753 365.52387
24.972603 365.52129
24.979452 365.51853
24.986301 365.5156
24.993151 365.5125
25 365.50923
25.007042 365.5057
25.014085 365.50198
25.021127 365.49809
25.028169 365.49403
25.035211 365.4898
25.042254 365.48539
25.049296 365.48083
25.056338 365.4761
25.06338 365.47123
25.070423 365.4662
25.077465 365.46103
25.084507 365.45572
25.091549 365.45029
25.098715 365.44463
25.105881 365.43883
25.113047 365.4329
25.120213 365.42684
25.127378 365.42065
25.134544 365.41432
25.14171 365.40786
25.148876 365.40126
25.156042 365.39453
25.163207 365.38767
25.170373 365.38068
25.177539 365.37358
25.184705 365.36636
25.191871 365.35903
25.199036 365.35161
25.206202 365.34409
25.213368 365.33657
25.220534 365.32925
25.2277 365.32206
25.234865 365.31492
25.242031 365.30777
25.249197 365.30957
25.256363 365.31361
25.263529 365.31746
25.270694 365.32112
25.27786 365.32458
25.285026 365.32783
25.292192 365.33088
25.299358 365.33372
25.306523 365.33636
25.313689 365.3388
25.320855 365.34103
25.328021 365.34307
25.335187 365.34491
25.342352 365.34655
25.349518 365.34799
25.356684 365.34924
25.36385 365.35029
25.371016 365.35115
25.378181 365.35182
25.385347 365.35231
25.392513 365.35262
25.399679 365.35275
25.406845 365.35272
25.41401 365.35254
25.421176 365.35237
25.428342 365.35241
25.435508 365.35261
25.442674 365.3529
25.449839 365.35322
25.457005 365.35353
25.464171 365.3538
25.471337 365.354
25.478503 365.35411
25.485668 365.35412
25.492834 365.354
25.5 365.35374
25.507353 365.3533
25.514706 365.35269
25.522059 365.3519
25.529412 365.35092
25.536765 365.34975
25.544118 365.3484
25.551471 365.34688
25.558824 365.34524
25.566176 365.34349
25.573529 365.34167
25.580882 365.33962
25.588235 365.33738
25.595588 365.33501
25.602941 365.33256
25.610294 365.33006
25.617647 365.32752
25.625 365.32492
25.632353 365.32226
25.639706 365.31951
25.647059 365.31669
25.654412 365.31378
25.661765 365.3108
25.669118 365.30775
25.676471 365.30473
25.683824 365.30187
25.691176 365.29915
25.698529 365.2965
25.705882 365.29381
25.713235 365.29101
25.720588 365.28809
25.727941 365.28507
25.735294 365.28199
25.742647 365.27881
25.75 365.2755
25.757353 365.27202
25.764706 365.26833
25.772059 365.26443
25.779412 365.2608
25.786765 365.25708
25.794118 365.25314
25.801471 365.24897
25.808824 365.24463
25.816176 365.24016
25.823529 365.2356
25.830882 365.23092
25.838235 365.22611
25.845588 365.22113
25.852941 365.21596
25.860294 365.21059
25.867647 365.20503
25.875 365.19929
25.882353 365.19338
25.889706 365.18733
25.897059 365.18113
25.904412 365.1748
25.911765 365.16833
25.919118 365.16172
25.926471 365.15496
25.933824 365.14886
25.941176 365.14285
25.948529 365.13689
25.955882 365.13092
25.963235 365.12496
25.970588 365.11891
25.977941 365.1149
25.985294 365.11056
25.992647 365.10618
26 365.10201
26.007576 365.0978
26.015152 365.09358
26.022727 365.08931
26.030303 365.08497
26.037879 365.08055
26.045455 365.07606
26.05303 365.07149
26.060606 365.06675
26.068182 365.06183
26.075758 365.05678
26.083333 365.05165
26.090909 365.04646
26.098485 365.04124
26.106061 365.03599
26.113636 365.03071
26.121212 365.02539
26.128788 365.02004
26.136364 365.01465
26.143939 365.00922
26.151515 365.00374
26.159091 364.99821
26.166667 364.99264
26.174242 364.98701
26.181818 364.98134
26.189394 364.97562
26.19697 364.96985
26.204545 364.96402
26.212121 364.95815
26.219697 364.95222
26.227273 364.94623
26.234848 364.94019
26.242424 364.93409
26.25 364.92793
26.257576 364.92172
26.265152 364.91544
26.272727 364.90911
26.280303 364.90272
26.287879 364.89626
26.295455 364.88975
26.30303 364.88319
26.310606 364.87656
26.318182 364.86988
26.325758 364.86315
26.333333 364.85636
26.340909 364.84952
26.348485 364.84263
26.356061 364.83569
26.363636 364.8287
26.371212 364.82167
26.378788 364.8146
26.386364 364.80747
26.393939 364.80031
26.401515 364.79311
26.409091 364.78586
26.416667 364.77858
26.424242 364.77126
26.431818 364.7639
26.439394 364.75651
26.44697 364.74909
26.454545 364.74163
26.462121 364.73414
26.469697 364.72662
26.477273 364.71906
26.484848 364.71148
26.492424 364.70387
26.5 364.69624
26.507692 364.68846
26.515385 364.68065
26.523077 364.67282
26.530769 364.66496
26.538462 364.65708
26.546154 364.64917
26.553846 364.64125
26.561538 364.6333
26.569231 364.62533
26.576923 364.61734
26.584615 364.60933
26.592308 364.60131
26.6 364.59326
26.607692 364.58518
26.615385 364.57709
26.623077 364.56898
26.630769 364.56085
26.638462 364.55269
26.646154 364.54452
26.653846 364.53633
26.661538 364.52811
26.669231 364.51988
26.676923 364.51163
26.684615 364.50336
26.692308 364.49507
26.7 364.48677
26.707692 364.47845
26.715385 364.47011
26.723077 364.46176
26.730769 364.45339
26.738462 364.44501
26.746154 364.43661
26.753846 364.4282
26.761538 364.41977
26.769231 364.41134
26.776923 364.40289
26.784615 364.39443
26.792308 364.38596
26.8 364.37747
26.807692 364.36898
26.815385 364.36047
26.823077 364.35195
26.830769 364.34343
26.838462 364.33489
26.846154 364.32634
26.853846 364.31779
26.861538 364.30922
26.869231 364.30065
26.876923 364.29206
26.884615 364.28347
26.892308 364.27486
26.9 364.26625
26.907692 364.25763
26.915385 364.249
26.923077 364.24036
26.930769 364.23171
26.938462 364.22305
26.946154 364.21439
26.953846 364.20571
26.961538 364.19703
26.969231 364.18834
26.976923 364.17964
26.984615 364.17093
26.992308 364.16221
27 364.15348
27.007937 364.14447
27.015873 364.13544
27.02381 364.12641
27.031746 364.11736
27.039683 364.1083
27.047619 364.09922
27.055556 364.09014
27.063492 364.08104
27.071429 364.07193
27.079365 364.06281
27.087302 364.05368
27.095238 364.04453
27.103175 364.03537
27.111111 364.02619
27.119048 364.01701
27.126984 364.00781
27.134921 363.99861
27.142857 363.98939
27.150794 363.98016
27.15873 363.97091
27.166667 363.96166
27.174603 363.9524
27.18254 363.94313
27.190476 363.93385
27.198413 363.92456
27.206349 363.91526
27.214286 363.90596
27.222222 363.89664
27.230159 363.88732
27.238095 363.87799
27.246032 363.86865
27.253968 363.85931
27.261905 363.84995
27.269841 363.8406
27.277778 363.83123
27.285714 363.82186
27.293651 363.81248
27.301587 363.8031
27.309524 363.79371
27.31746 363.78431
27.325397 363.77491
27.333333 363.76551
27.34127 363.75611
27.349206 363.7467
27.357143 363.73729
27.365079 363.72788
27.373016 363.71846
27.380952 363.70905
27.388889 363.69964
27.396825 363.69023
27.404762 363.68082
27.412698 363.67142
27.420635 363.66201
27.428571 363.65261
27.436508 363.64321
27.444444 363.63381
27.452381 363.62442
27.460317 363.61502
27.468254 363.60563
27.47619 363.59625
27.484127 363.58686
27.492063 363.57747
27.5 363.56816
27.508065 363.55878
27.516129 363.54947
27.524194 363.5402
27.532258 363.53096
27.540323 363.52175
27.548387 363.51255
27.556452 363.50336
27.564516 363.49417
27.572581 363.48498
27.580645 363.47579
27.58871 363.46659
27.596774 363.4574
27.604839 363.4482
27.612903 363.439
27.620968 363.42979
27.629032 363.42058
27.637097 363.41137
27.645161 363.40215
27.653226 363.39293
27.66129 363.3837
27.669355 363.37447
27.677419 363.36524
27.685484 363.35601
27.693548 363.34677
27.701613 363.33753
27.709677 363.32829
27.717742 363.31904
27.725806 363.3098
27.733871 363.30055
27.741935 363.2913
27.75 363.28205
27.758065 363.2728
27.766129 363.26355
27.774194 363.2543
27.782258 363.24504
27.790323 363.23578
27.798387 363.22653
27.806452 363.21727
27.814516 363.20801
27.822581 363.19875
27.830645 363.18949
27.83871 363.18022
27.846774 363.17096
27.854839 363.1617
27.862903 363.15243
27.870968 363.14317
27.879032 363.1339
27.887097 363.12678
27.895161 363.11994
27.903226 363.11308
27.91129 363.10622
27.919355 363.09934
27.927419 363.09245
27.935484 363.08555
27.943548 363.07865
27.951613 363.07173
27.959677 363.0648
27.967742 363.05786
27.975806 363.05091
27.983871 363.04395
27.991935 363.03698
28 363.03
28.008197 363.0229
28.016393 363.01579
28.02459 363.00867
28.032787 363.00154
28.040984 362.9944
28.04918 362.98725
28.057377 362.98009
28.065574 362.97292
28.07377 362.96575
28.081967 362.95857
28.090164 362.95138
28.098361 362.94418
28.106557 362.93697
28.114754 362.92976
28.122951 362.92254
28.131148 362.91531
28.139344 362.90808
28.147541 362.90084
28.155738 362.89359
28.163934 362.88634
28.172131 362.87909
28.180328 362.87183
28.188525 362.86456
28.196721 362.85729
28.204918 362.85002
28.213115 362.84279
28.221311 362.83562
28.229508 362.82849
28.237705 362.82138
28.245902 362.81429
28.254098 362.80721
28.262295 362.80013
28.270492 362.79305
28.278689 362.78597
28.286885 362.7789
28.295082 362.77182
28.303279 362.76473
28.311475 362.75765
28.319672 362.75056
28.327869 362.74346
28.336066 362.73637
28.344262 362.72927
28.352459 362.72217
28.360656 362.71506
28.368852 362.70795
28.377049 362.70084
28.385246 362.69372
28.393443 362.6866
28.401639 362.67948
28.409836 362.67235
28.418033 362.66522
28.42623 362.65808
28.434426 362.65094
28.442623 362.64379
28.45082 362.63664
28.459016 362.62949
28.467213 362.62232
28.47541 362.61515
28.483607 362.60798
28.491803 362.6008
28.5 362.59361
28.508197 362.58641
28.516393 362.5792
28.52459 362.57199
28.532787 362.56477
28.540984 362.55753
28.54918 362.55029
28.557377 362.54304
28.565574 362.53578
28.57377 362.5285
28.581967 362.52121
28.590164 362.51393
28.598361 362.50665
28.606557 362.49937
28.614754 362.49209
28.622951 362.4848
28.631148 362.47751
28.639344 362.47022
28.647541 362.46292
28.655738 362.45563
28.663934 362.44834
28.672131 362.44104
28.680328 362.43375
28.688525 362.42646
28.696721 362.41917
28.704918 362.41189
28.713115 362.40461
28.721311 362.39733
28.729508 362.39006
28.737705 362.38279
28.745902 362.37552
28.754098 362.36826
28.762295 362.361
28.770492 362.35375
28.778689 362.34649
28.786885 362.33924
28.795082 362.332
28.803279 362.32475
28.811475 362.31751
28.819672 362.31026
28.827869 362.30302
28.836066 362.29578
28.844262 362.28854
28.852459 362.2813
28.860656 362.27406
28.868852 362.26682
28.877049 362.25958
28.885246 362.25233
28.893443 362.24507
28.901639 362.23781
28.909836 362.23055
28.918033 362.22329
28.92623 362.21603
28.934426 362.20877
28.942623 362.20151
28.95082 362.19425
28.959016 362.18699
28.967213 362.17972
28.97541 362.17245
28.983607 362.16518
28.991803 362.15791
29 362.15063
29.008333 362.14323
29.016667 362.13583
29.025 362.12841
29.033333 362.121
29.041667 362.11357
29.05 362.10614
29.058333 362.09871
29.066667 362.09126
29.075 362.0838
29.083333 362.07634
29.091667 362.06887
29.1 362.06138
29.108333 362.05389
29.116667 362.04638
29.125 362.03887
29.133333 362.03135
29.141667 362.02381
29.15 362.01627
29.158333 362.00872
29.166667 362.00116
29.175 361.9936
29.183333 361.98602
29.191667 361.97845
29.2 361.97087
29.208333 361.96328
29.216667 361.95569
29.225 361.94811
29.233333 361.94052
29.241667 361.93293
29.25 361.92534
29.258333 361.91776
29.266667 361.91018
29.275 361.9026
29.283333 361.89502
29.291667 361.88745
29.3 361.87987
29.308333 361.87231
29.316667 361.86474
29.325 361.85718
29.333333 361.84962
29.341667 361.84206
29.35 361.8345
29.358333 361.82695
29.366667 361.81939
29.375 361.81183
29.383333 361.80428
29.391667 361.79672
29.4 361.78916
29.408333 361.7816
29.416667 361.77403
29.425 361.76647
29.433333 361.7589
29.441667 361.75133
29.45 361.74376
29.458333 361.73619
29.466667 361.72861
29.475 361.72104
29.483333 361.71346
29.491667 361.70589
29.5 361.69831
29.508475 361.69061
29.516949 361.68291
29.525424 361.67521
29.533898 361.66751
29.542373 361.65981
29.550847 361.65212
29.559322 361.64442
29.567797 361.63673
29.576271 361.62903
29.584746 361.62134
29.59322 361.61364
29.601695 361.60595
29.610169 361.59825
29.618644 361.59055
29.627119 361.58285
29.635593 361.57514
29.644068 361.56743
29.652542 361.55972
29.661017 361.552
29.669492 361.54427
29.677966 361.53654
29.686441 361.5288
29.694915 361.52105
29.70339 361.51329
29.711864 361.50553
29.720339 361.49776
29.728814 361.48999
29.737288 361.4822
29.745763 361.47442
29.754237 361.46662
29.762712 361.45883
29.771186 361.45103
29.779661 361.44322
29.788136 361.43542
29.79661 361.42761
29.805085 361.41981
29.813559 361.412
29.822034 361.40419
29.830508 361.39638
29.838983 361.38858
29.847458 361.38077
29.855932 361.37297
29.864407 361.36518
29.872881 361.35738
29.881356 361.34959
29.889831 361.3418
29.898305 361.33401
29.90678 361.32623
29.915254 361.31845
29.923729 361.31066
29.932203 361.30288
29.940678 361.29511
29.949153 361.28735
29.957627 361.27959
29.966102 361.27184
29.974576 361.2641
29.983051 361.25636
29.991525 361.24863
30 361.24091
30.008475 361.23319
30.016949 361.22548
30.025424 361.21778
30.033898 361.21008
30.042373 361.20239
30.050847 361.19469
30.059322 361.187
30.067797 361.17932
30.076271 361.17163
30.084746 361.16394
30.09322 361.15625
30.101695 361.14856
30.110169 361.14086
30.118644 361.13315
30.127119 361.12544
30.135593 361.11772
30.144068 361.11
30.152542 361.10226
30.161017 361.09452
30.169492 361.08677
30.177966 361.079
30.186441 361.07123
30.194915 361.06346
30.20339 361.05567
30.211864 361.04788
30.220339 361.04008
30.228814 361.03227
30.237288 361.02446
30.245763 361.01664
30.254237 361.00881
30.262712 361.00098
30.271186 360.99316
30.279661 360.98534
30.288136 360.97752
30.29661 360.96971
30.305085 360.9619
30.313559 360.95408
30.322034 360.94627
30.330508 360.93846
30.338983 360.93065
30.347458 360.92283
30.355932 360.91502
30.364407 360.9072
30.372881 360.89939
30.381356 360.89157
30.389831 360.88375
30.398305 360.87593
30.40678 360.8681
30.415254 360.86027
30.423729 360.85244
30.432203 360.8446
30.440678 360.83675
30.449153 360.8289
30.457627 360.82105
30.466102 360.81319
30.474576 360.80532
30.483051 360.79745
30.491525 360.78957
30.5 360.78169
30.508475 360.77381
30.516949 360.76592
30.525424 360.75803
30.533898 360.75014
30.542373 360.74225
30.550847 360.73435
30.559322 360.72645
30.567797 360.71855
30.576271 360.71065
30.584746 360.70275
30.59322 360.69485
30.601695 360.68694
30.610169 360.67903
30.618644 360.67112
30.627119 360.66321
30.635593 360.6553
30.644068 360.64738
30.652542 360.63947
30.661017 360.63154
30.669492 360.62362
30.677966 360.6157
30.686441 360.60777
30.694915 360.59984
30.70339 360.59191
30.711864 360.58397
30.720339 360.57606
30.728814 360.56819
30.737288 360.56037
30.745763 360.55257
30.754237 360.5448
30.762712 360.53705
30.771186 360.5293
30.779661 360.52157
30.788136 360.51385
30.79661 360.50613
30.805085 360.49843
30.813559 360.49074
30.822034 360.48306
30.830508 360.4754
30.838983 360.46775
30.847458 360.46011
30.855932 360.45249
30.864407 360.44488
30.872881 360.43728
30.881356 360.4297
30.889831 360.42212
30.898305 360.41456
30.90678 360.40701
30.915254 360.39946
30.923729 360.39192
30.932203 360.38438
30.940678 360.37684
30.949153 360.3693
30.957627 360.36176
30.966102 360.35422
30.974576 360.34667
30.983051 360.33912
30.991525 360.33156
31 360.324
31.008475 360.31642
31.016949 360.30969
31.025424 360.30434
31.033898 360.29898
31.042373 360.29361
31.050847 360.28823
31.059322 360.28284
31.067797 360.27744
31.076271 360.27202
31.084746 360.26658
31.09322 360.26113
31.101695 360.25566
31.110169 360.25017
31.118644 360.24466
31.127119 360.23914
31.135593 360.23359
31.144068 360.22803
31.152542 360.22245
31.161017 360.21686
31.169492 360.21126
31.177966 360.20565
31.186441 360.20003
31.194915 360.1944
31.20339 360.18877
31.211864 360.18313
31.220339 360.17749
31.228814 360.17185
31.237288 360.16621
31.245763 360.16057
31.254237 360.15493
31.262712 360.1493
31.271186 360.14367
31.279661 360.13804
31.288136 360.13241
31.29661 360.12679
31.305085 360.12118
31.313559 360.11557
31.322034 360.10996
31.330508 360.10436
31.338983 360.09877
31.347458 360.09318
31.355932 360.08761
31.364407 360.08204
31.372881 360.07648
31.381356 360.07092
31.389831 360.06538
31.398305 360.05985
31.40678 360.05434
31.415254 360.04883
31.423729 360.04339
31.432203 360.03802
31.440678 360.03272
31.449153 360.02747
31.457627 360.02225
31.466102 360.01706
31.474576 360.01188
31.483051 360.00671
31.491525 360.00155
31.5 359.99639
31.508475 359.99124
31.516949 359.98609
31.525424 359.98094
31.533898 359.97579
31.542373 359.97065
31.550847 359.96551
31.559322 359.96037
31.567797 359.95524
31.576271 359.9501
31.584746 359.94497
31.59322 359.93984
31.601695 359.93471
31.610169 359.92958
31.618644 359.92444
31.627119 359.91931
31.635593 359.91417
31.644068 359.90903
31.652542 359.90388
31.661017 359.89873
31.669492 359.89357
31.677966 359.88841
31.686441 359.88324
31.694915 359.87806
31.70339 359.87288
31.711864 359.8677
31.720339 359.86251
31.728814 359.85732
31.737288 359.85212
31.745763 359.84692
31.754237 359.84173
31.762712 359.83653
31.771186 359.83133
31.779661 359.82613
31.788136 359.82093
31.79661 359.81574
31.805085 359.81054
31.813559 359.80534
31.822034 359.80014
31.830508 359.79495
31.838983 359.78975
31.847458 359.78456
31.855932 359.77937
31.864407 359.77418
31.872881 359.769
31.881356 359.76381
31.889831 359.75862
31.898305 359.75344
31.90678 359.74825
31.915254 359.74306
31.923729 359.73786
31.932203 359.73266
31.940678 359.72745
31.949153 359.72224
31.957627 359.71702
31.966102 359.7118
31.974576 359.70657
31.983051 359.70133
31.991525 359.69608
32 359.69084
32.008475 359.68559
32.016949 359.68033
32.025424 359.67508
32.033898 359.66983
32.042373 359.66457
32.050847 359.65932
32.059322 359.65406
32.067797 359.64881
32.076271 359.64355
32.084746 359.6383
32.09322 359.63304
32.101695 359.62779
32.110169 359.62253
32.118644 359.61727
32.127119 359.61201
32.135593 359.60674
32.144068 359.60148
32.152542 359.59621
32.161017 359.59094
32.169492 359.58567
32.177966 359.58039
32.186441 359.57511
32.194915 359.56983
32.20339 359.56454
32.211864 359.55925
32.220339 359.55395
32.228814 359.54864
32.237288 359.54333
32.245763 359.53801
32.254237 359.53268
32.262712 359.52735
32.271186 359.522
32.279661 359.51664
32.288136 359.51126
32.29661 359.50588
32.305085 359.50047
32.313559 359.49506
32.322034 359.48963
32.330508 359.48419
32.338983 359.47874
32.347458 359.47328
32.355486 359.4681
32.363515 359.46291
32.371543 359.45772
32.379572 359.45253
32.3876 359.44733
32.395629 359.44213
32.403657 359.43694
32.411686 359.43174
32.419715 359.42655
32.427743 359.42135
32.435772 359.41616
32.4438 359.41097
32.451829 359.40577
32.459857 359.40057
32.467886 359.39537
32.475914 359.39016
32.483943 359.38495
32.491971 359.37972
32.5 359.37449
32.508333 359.36905
32.516667 359.36361
32.525 359.35817
32.533333 359.35272
32.541667 359.34727
32.55 359.34182
32.558333 359.33637
32.566667 359.33092
32.575 359.32548
32.583333 359.32003
32.591667 359.31459
32.6 359.30914
32.608333 359.3037
32.616667 359.29825
32.625 359.2928
32.633333 359.28736
32.641667 359.28191
32.65 359.27646
32.658333 359.27101
32.666667 359.26556
32.675 359.26009
32.683333 359.25461
32.691667 359.24912
32.7 359.2436
32.708333 359.23805
32.716667 359.23247
32.725 359.22687
32.733333 359.22124
32.741667 359.21559
32.75 359.20994
32.758333 359.20429
32.766667 359.19864
32.775 359.19299
32.783333 359.18736
32.791667 359.18174
32.8 359.17612
32.808333 359.1705
32.816667 359.16486
32.825 359.15921
32.833333 359.15353
32.841667 359.14782
32.85 359.14208
32.858333 359.13632
32.866667 359.13055
32.875 359.12478
32.883333 359.11902
32.891667 359.11328
32.9 359.10756
32.908333 359.10188
32.916667 359.09623
32.925 359.0906
32.933333 359.08499
32.941667 359.07936
32.95 359.07371
32.958333 359.06803
32.966667 359.06232
32.975 359.05655
32.983333 359.05068
32.991667 359.04472
33 359.03872
33.008333 359.0327
33.016528 359.0268
33.024722 359.02093
33.032917 359.01509
33.041111 359.00929
33.049306 359.0035
33.0575 358.99773
33.065694 358.99195
33.073889 358.98616
33.082083 358.98034
33.090278 358.97448
33.098472 358.96856
33.106667 358.9626
33.114861 358.95659
33.123056 358.95055
33.13125 358.94448
33.139444 358.9384
33.147639 358.93233
33.155833 358.92625
33.164028 358.92017
33.172222 358.91407
33.180417 358.90796
33.188611 358.90231
33.196806 358.89692
33.205 358.89167
33.213194 358.88651
33.221389 358.88139
33.229583 358.87629
33.237778 358.8712
33.245972 358.86613
33.254167 358.86106
33.262361 358.85599
33.270556 358.85151
33.27875 358.84699
33.286944 358.84247
33.295139 358.83792
33.303333 358.83335
33.311528 358.82872
33.319722 358.82404
33.327917 358.81956
33.336111 358.81501
33.344306 358.81039
33.3525 358.80571
33.360694 358.80102
33.368889 358.79633
33.377083 358.79164
33.385278 358.78693
33.393472 358.78222
33.401667 358.77749
33.409861 358.77278
33.418056 358.76807
33.42625 358.76334
33.434444 358.75858
33.442639 358.75375
33.450833 358.74887
33.459028 358.74392
33.467222 358.73893
33.475417 358.73389
33.483611 358.72881
33.491806 358.72369
33.5 358.71861
33.508197 358.71362
33.516393 358.70871
33.52459 358.70384
33.532787 358.69896
33.540984 358.69405
33.54918 358.68908
33.557377 358.68406
33.565574 358.67899
33.57377 358.67387
33.581967 358.66871
33.590164 358.6635
33.598361 358.65826
33.606557 358.65299
33.614754 358.64769
33.622951 358.64237
33.631148 358.63704
33.639344 358.63169
33.647541 358.62633
33.655738 358.62094
33.663934 358.61553
33.672131 358.61008
33.680328 358.60461
33.688525 358.59912
33.696721 358.59361
33.704918 358.58809
33.713115 358.58257
33.721311 358.57703
33.729508 358.57149
33.737705 358.56594
33.745902 358.56038
33.754098 358.55481
33.762295 358.54922
33.770492 358.54361
33.778689 358.53799
33.786885 358.53236
33.795082 358.52667
33.803279 358.5209
33.811475 358.51508
33.819672 358.50923
33.827869 358.50337
33.836066 358.49751
33.844262 358.49165
33.852459 358.4858
33.860224 358.48025
33.86799 358.4747
33.875755 358.46916
33.88352 358.4636
33.891286 358.45804
33.899051 358.45247
33.906816 358.44689
33.914582 358.4413
33.922347 358.4357
33.930112 358.43008
33.937877 358.42445
33.945643 358.4188
33.953408 358.41314
33.961173 358.40746
33.968939 358.40176
33.976704 358.39604
33.984469 358.39031
33.992235 358.38456
34 358.37879
34.008065 358.37278
34.016129 358.36674
34.024194 358.36068
34.032258 358.3546
34.040323 358.34849
34.048387 358.34236
34.056452 358.3362
34.064516 358.33002
34.072581 358.32381
34.080645 358.31758
34.08871 358.31133
34.096774 358.30506
34.104839 358.29876
34.112903 358.29244
34.120968 358.28611
34.129032 358.27975
34.137097 358.27337
34.145161 358.26698
34.153226 358.26056
34.16129 358.25412
34.169355 358.24767
34.177419 358.24119
34.185484 358.23469
34.193548 358.22817
34.201613 358.22166
34.209677 358.21526
34.217742 358.20897
34.225806 358.20276
34.233871 358.19659
34.241935 358.19045
34.25 358.18432
34.258065 358.17819
34.266129 358.17205
34.274194 358.1659
34.282258 358.15974
34.290323 358.15355
34.298387 358.14735
34.306452 358.14112
34.314516 358.13487
34.322581 358.12859
34.330645 358.1223
34.33871 358.11598
34.346774 358.10963
34.354839 358.10327
34.362903 358.09688
34.370968 358.09047
34.379032 358.08405
34.387097 358.0776
34.395161 358.07113
34.403226 358.06465
34.41129 358.05815
34.419355 358.05163
34.427419 358.0451
34.435484 358.03855
34.443548 358.03198
34.451613 358.02541
34.459677 358.01882
34.467742 358.01222
34.475806 358.0056
34.483871 357.99898
34.491935 357.99234
34.5 357.98569
34.508065 357.98123
34.516129 357.97917
34.524194 357.9771
34.532258 357.97501
34.540323 357.97291
34.548387 357.97088
34.556452 357.96893
34.564516 357.96704
34.572581 357.96517
34.580645 357.9633
34.58871 357.96143
34.596774 357.95955
34.604839 357.95766
34.612903 357.95575
34.620968 357.95382
34.629032 357.95188
34.637097 357.94993
34.645161 357.94796
34.653226 357.94598
34.66129 357.94399
34.669355 357.94199
34.677419 357.93997
34.685484 357.93794
34.693548 357.9359
34.701613 357.93384
34.709677 357.93177
34.717742 357.92968
34.725806 357.92757
34.733871 357.92544
34.741935 357.92329
34.75 357.92112
34.758065 357.91892
34.766129 357.91671
34.774194 357.91447
34.782258 357.91221
34.790323 357.90992
34.798387 357.90761
34.806452 357.90528
34.814516 357.90293
34.822581 357.90057
34.830645 357.89818
34.83871 357.89578
34.846774 357.89337
34.854839 357.89094
34.862903 357.8885
34.870968 357.88605
34.879032 357.88359
34.887097 357.88112
34.895161 357.87864
34.903226 357.87615
34.91129 357.87365
34.919355 357.87114
34.927419 357.86862
34.935484 357.86609
34.943548 357.86354
34.951613 357.86099
34.959677 357.85843
34.967742 357.85586
34.975806 357.85329
34.983871 357.85071
34.991935 357.84814
35 357.84556
35.007937 357.84302
35.015873 357.84048
35.02381 357.83794
35.031746 357.83539
35.039683 357.83283
35.047619 357.83027
35.055556 357.82769
35.063492 357.82509
35.071429 357.82247
35.079365 357.81982
35.087302 357.81715
35.095238 357.81445
35.103175 357.81172
35.111111 357.80897
35.119048 357.80618
35.126984 357.80338
35.134921 357.80055
35.142857 357.7977
35.150794 357.79484
35.15873 357.79196
35.166667 357.78906
35.174603 357.78615
35.18254 357.78321
35.190476 357.78026
35.198413 357.77727
35.206349 357.77426
35.214286 357.77122
35.222222 357.76814
35.230159 357.76503
35.238095 357.76189
35.246032 357.75872
35.253968 357.75552
35.261905 357.7523
35.269841 357.74906
35.277778 357.7458
35.285714 357.74252
35.293651 357.73922
35.301587 357.73591
35.309524 357.73257
35.31746 357.72923
35.325397 357.72588
35.333333 357.72252
35.34127 357.71915
35.349206 357.71578
35.357143 357.7124
35.365079 357.709
35.373016 357.70558
35.380952 357.70212
35.388889 357.6986
35.396825 357.69504
35.404762 357.69142
35.412698 357.68776
35.420635 357.68407
35.428571 357.68037
35.436508 357.67667
35.444444 357.67299
35.452381 357.66932
35.460317 357.66567
35.468254 357.66201
35.47619 357.65831
35.484127 357.65456
35.492063 357.65077
35.5 357.64696
35.507937 357.64312
35.515873 357.63926
35.52381 357.63537
35.531746 357.63147
35.539683 357.62755
35.547619 357.62362
35.555556 357.61969
35.563492 357.61577
35.571429 357.61188
35.579365 357.60801
35.587302 357.60416
35.595238 357.60032
35.603175 357.59647
35.611111 357.59262
35.619048 357.58873
35.626984 357.58482
35.634921 357.5809
35.642857 357.57697
35.650794 357.57305
35.65873 357.56913
35.666667 357.56522
35.674603 357.5613
35.68254 357.55729
35.690476 357.55326
35.698413 357.54929
35.706349 357.54541
35.714286 357.54161
35.722222 357.53784
35.730159 357.53408
35.738095 357.53027
35.746032 357.5264
35.753968 357.52247
35.761905 357.51846
35.769841 357.51436
35.777778 357.51015
35.785714 357.50584
35.793651 357.50143
35.801587 357.49692
35.809524 357.49254
35.81746 357.48852
35.825397 357.48462
35.833333 357.48067
35.84127 357.47661
35.849206 357.47366
35.857143 357.47076
35.865079 357.46782
35.873016 357.4648
35.880952 357.46167
35.888889 357.45853
35.896825 357.45546
35.904762 357.45238
35.912698 357.44919
35.920635 357.44583
35.928571 357.4423
35.936508 357.4386
35.944444 357.43476
35.952381 357.4308
35.960317 357.42673
35.968254 357.42255
35.97619 357.41966
35.984127 357.41681
35.992063 357.41396
36 357.41109
36.007937 357.4082
36.015873 357.40527
36.02381 357.4023
36.031746 357.39929
36.039683 357.39624
36.047619 357.39313
36.055556 357.38998
36.063492 357.38678
36.071429 357.38355
36.079365 357.38029
36.087302 357.37701
36.095238 357.37368
36.103175 357.37024
36.111111 357.36671
36.119048 357.36313
36.126984 357.35954
36.134921 357.35595
36.142857 357.35237
36.150794 357.34879
36.15873 357.34522
36.166667 357.34164
36.174603 357.33806
36.18254 357.33447
36.190476 357.33087
36.198413 357.32725
36.206349 357.32361
36.214286 357.31995
36.222222 357.31627
36.230159 357.31256
36.238095 357.30884
36.246032 357.30509
36.253968 357.30131
36.261905 357.29752
36.269841 357.2937
36.277778 357.28985
36.285714 357.28599
36.293651 357.2821
36.301587 357.27818
36.309524 357.27425
36.31746 357.27029
36.325397 357.26631
36.333333 357.2623
36.34127 357.25827
36.349206 357.25421
36.357143 357.25014
36.365079 357.24604
36.373016 357.24191
36.380952 357.23776
36.388889 357.23359
36.396825 357.2294
36.404762 357.22518
36.412698 357.22094
36.420635 357.21667
36.428571 357.21238
36.436508 357.20807
36.444444 357.20374
36.452381 357.19939
36.460317 357.19501
36.468254 357.19062
36.47619 357.18621
36.484127 357.18178
36.492063 357.17733
36.5 357.17286
36.507937 357.16838
36.515873 357.16388
36.52381 357.15937
36.531746 357.15484
36.539683 357.1503
36.547619 357.14574
36.555556 357.14117
36.563492 357.13658
36.571429 357.13197
36.579365 357.12735
36.587302 357.12272
36.595238 357.11806
36.603175 357.11339
36.611111 357.1087
36.619048 357.10399
36.626984 357.09926
36.634921 357.0945
36.642857 357.08973
36.650794 357.08492
36.65873 357.0801
36.666667 357.07524
36.674603 357.07036
36.68254 357.06545
36.690476 357.06052
36.698413 357.05555
36.706349 357.05056
36.714286 357.04554
36.722222 357.04049
36.730159 357.03542
36.738095 357.03032
36.746032 357.0252
36.753968 357.02005
36.761905 357.01488
36.769841 357.00968
36.777778 357.00446
36.785714 356.99922
36.793651 356.99397
36.801587 356.98869
36.809524 356.98339
36.81746 356.97807
36.825397 356.97274
36.833333 356.96738
36.84127 356.96201
36.849206 356.95662
36.857143 356.95122
36.865079 356.9458
36.873016 356.94035
36.880952 356.9349
36.888889 356.92942
36.896825 356.92392
36.904762 356.9184
36.912698 356.91287
36.920635 356.90731
36.928571 356.90173
36.936508 356.89614
36.944444 356.89052
36.952381 356.88488
36.960317 356.87923
36.968254 356.87356
36.97619 356.86787
36.984127 356.86217
36.992063 356.85645
37 356.85072
37.007937 356.84498
37.015873 356.83922
37.02381 356.83345
37.031616 356.82775
37.039422 356.82204
37.047229 356.81632
37.055035 356.81058
37.062842 356.80482
37.070648 356.79905
37.078454 356.79325
37.086261 356.78744
37.094067 356.7816
37.101874 356.77574
37.10968 356.76985
37.117486 356.76394
37.125293 356.758
37.133099 356.75204
37.140906 356.74605
37.148712 356.74004
37.156518 356.73401
37.164325 356.72795
37.172131 356.72188
37.179938 356.71579
37.187744 356.70969
37.19555 356.70358
37.203357 356.69746
37.211163 356.69133
37.21897 356.68519
37.226776 356.67905
37.234582 356.6729
37.242389 356.66673
37.250195 356.66056
37.258002 356.65437
37.265808 356.64817
37.273614 356.64195
37.281421 356.63571
37.289227 356.62944
37.297034 356.62315
37.30484 356.61684
37.312646 356.6105
37.320453 356.60414
37.328259 356.59775
37.336066 356.59134
37.343872 356.58491
37.351678 356.57845
37.359485 356.57198
37.367291 356.5655
37.375098 356.55899
37.382904 356.55249
37.39071 356.54608
37.398517 356.53973
37.406323 356.53618
37.41413 356.53501
37.421936 356.53382
37.429742 356.53259
37.437549 356.53133
37.445355 356.53003
37.453162 356.52871
37.460968 356.52735
37.468774 356.52596
37.476581 356.52454
37.484387 356.5231
37.492194 356.52162
37.5 356.52012
37.507812 356.51858
37.515625 356.51702
37.523438 356.51542
37.53125 356.5138
37.539062 356.51214
37.546875 356.51046
37.554688 356.50875
37.5625 356.50701
37.570312 356.50526
37.578125 356.50348
37.585938 356.50169
37.59375 356.49988
37.601562 356.49805
37.609375 356.4962
37.617188 356.49432
37.625 356.49242
37.632812 356.49049
37.640625 356.48855
37.648438 356.48659
37.65625 356.48462
37.664062 356.48264
37.671875 356.48073
37.679688 356.47896
37.6875 356.47729
37.695312 356.4757
37.703125 356.47416
37.710938 356.47264
37.71875 356.47114
37.726562 356.46965
37.734375 356.46816
37.742188 356.46667
37.75 356.46512
37.757812 356.46349
37.765625 356.46182
37.773438 356.46012
37.78125 356.45843
37.789062 356.45676
37.796875 356.45511
37.804688 356.45349
37.8125 356.45189
37.820312 356.45029
37.828125 356.4487
37.835938 356.44709
37.84375 356.44545
37.851562 356.44378
37.859375 356.44206
37.867188 356.4403
37.875 356.4385
37.882812 356.43666
37.890625 356.4348
37.898438 356.43293
37.90625 356.43106
37.914062 356.42918
37.921875 356.4273
37.929688 356.42544
37.9375 356.42366
37.945312 356.42196
37.953125 356.42031
37.960938 356.4187
37.96875 356.41712
37.976562 356.41559
37.984375 356.41414
37.992188 356.41274
38 356.41138
38.007812 356.41004
38.015625 356.40867
38.023438 356.40725
38.03125 356.40575
38.039062 356.40414
38.046875 356.40242
38.054688 356.40059
38.0625 356.39866
38.070312 356.39665
38.078125 356.39456
38.085938 356.3924
38.09375 356.39019
38.101562 356.38793
38.109375 356.38562
38.117188 356.38328
38.125 356.38089
38.132812 356.37846
38.140625 356.37599
38.148438 356.37349
38.15625 356.37094
38.164062 356.36835
38.171875 356.36573
38.179688 356.36306
38.1875 356.36036
38.195312 356.35763
38.203125 356.35486
38.210938 356.35205
38.21875 356.34921
38.226562 356.34632
38.234375 356.34339
38.242188 356.34042
38.25 356.33741
38.257812 356.33435
38.265625 356.33125
38.273438 356.3281
38.28125 356.32491
38.289062 356.32167
38.296875 356.31838
38.304688 356.31504
38.3125 356.31183
38.320312 356.30864
38.328125 356.30539
38.335938 356.30204
38.34375 356.29898
38.351562 356.29595
38.359375 356.29292
38.367188 356.28988
38.375 356.28682
38.382812 356.28375
38.390625 356.28064
38.398438 356.27898
38.40625 356.27733
38.414062 356.27571
38.421875 356.27405
38.429688 356.27231
38.4375 356.2705
38.445312 356.26863
38.453125 356.26672
38.460938 356.26479
38.46875 356.26284
38.476562 356.26088
38.484375 356.2589
38.492188 356.2569
38.5 356.25488
38.507812 356.25285
38.515625 356.25078
38.523438 356.2487
38.53125 356.24659
38.539062 356.24445
38.546875 356.24229
38.554688 356.2401
38.5625 356.23788
38.570312 356.23564
38.578125 356.23338
38.585938 356.23109
38.59375 356.22878
38.601562 356.22645
38.609375 356.2241
38.617188 356.22173
38.625 356.21934
38.632812 356.21693
38.640625 356.2145
38.648438 356.21205
38.65625 356.20959
38.664062 356.2071
38.671875 356.2046
38.679688 356.20208
38.6875 356.19954
38.695312 356.19698
38.703125 356.1944
38.710938 356.19179
38.71875 356.18917
38.726562 356.18652
38.734375 356.18384
38.742188 356.18113
38.75 356.1784
38.757812 356.17564
38.765625 356.17285
38.773438 356.17004
38.78125 356.16719
38.789062 356.16431
38.796875 356.16139
38.804688 356.15845
38.8125 356.15548
38.820312 356.15248
38.828125 356.14945
38.835938 356.14639
38.84375 356.1433
38.851562 356.14019
38.859375 356.13705
38.867188 356.13389
38.875 356.13071
38.882812 356.12751
38.890625 356.12428
38.898438 356.12104
38.90625 356.11778
38.914062 356.11451
38.921875 356.11122
38.929688 356.10793
38.9375 356.10462
38.945312 356.1013
38.953125 356.09798
38.960938 356.09465
38.96875 356.0913
38.976562 356.08796
38.984375 356.0846
38.992188 356.08123
39 356.07785
39.007812 356.07446
39.015625 356.07105
39.023438 356.06763
39.03125 356.06419
39.039062 356.06074
39.046875 356.05727
39.054688 356.05378
39.0625 356.05027
39.070312 356.04674
39.078125 356.04319
39.085938 356.03961
39.09375 356.03602
39.101562 356.0324
39.109375 356.02876
39.117188 356.0251
39.125 356.02142
39.132812 356.01772
39.140625 356.01399
39.148438 356.01025
39.15625 356.00649
39.164062 356.00271
39.171875 355.99891
39.179688 355.9951
39.1875 355.99126
39.195312 355.98741
39.203125 355.98354
39.210938 355.97965
39.21875 355.97575
39.226562 355.97182
39.234375 355.96788
39.242188 355.96391
39.25 355.95993
39.257812 355.95592
39.265625 355.95189
39.273438 355.94784
39.28125 355.94377
39.289062 355.93968
39.296875 355.93556
39.304688 355.93142
39.3125 355.92726
39.320312 355.92308
39.328125 355.91888
39.335938 355.91467
39.34375 355.91044
39.351562 355.9062
39.359375 355.90195
39.367188 355.89769
39.375 355.89343
39.382812 355.88916
39.390625 355.88489
39.398438 355.88062
39.40625 355.87634
39.414062 355.87206
39.421875 355.86778
39.429688 355.86349
39.4375 355.85919
39.445312 355.85488
39.453125 355.85056
39.460938 355.84622
39.46875 355.84186
39.476562 355.83747
39.484375 355.83307
39.492188 355.82863
39.5 355.82417
39.507937 355.81961
39.515873 355.81502
39.52381 355.8104
39.531746 355.80574
39.539683 355.80106
39.547619 355.79636
39.555556 355.79162
39.563492 355.78687
39.571429 355.78209
39.579365 355.77729
39.587302 355.77247
39.595238 355.76763
39.603175 355.76276
39.611111 355.75787
39.619048 355.75295
39.626984 355.748
39.634921 355.74302
39.642857 355.73801
39.650794 355.73296
39.65873 355.72788
39.666667 355.72275
39.674603 355.7176
39.68254 355.7124
39.690476 355.70717
39.698413 355.70191
39.706349 355.69662
39.714286 355.6913
39.722222 355.68595
39.730159 355.68059
39.738095 355.6752
39.746032 355.66978
39.753968 355.66435
39.761905 355.6589
39.769841 355.65344
39.777778 355.64795
39.785714 355.64244
39.793651 355.63692
39.801587 355.63138
39.809524 355.62582
39.81746 355.62023
39.825397 355.61465
39.833333 355.60915
39.84127 355.60374
39.849206 355.59839
39.857143 355.59307
39.865079 355.58776
39.873016 355.58238
39.880952 355.57699
39.888889 355.57159
39.896825 355.56619
39.904762 355.5608
39.912698 355.55538
39.920635 355.54995
39.928571 355.54447
39.936508 355.53894
39.944444 355.53337
39.952381 355.52775
39.960317 355.52398
39.968254 355.52319
39.97619 355.5224
39.984127 355.5216
39.992063 355.52079
40 355.51998
40.007937 355.51918
40.015873 355.51837
40.02381 355.51765
40.031746 355.51709
40.039683 355.51666
40.047619 355.5163
40.055556 355.51608
40.063492 355.51607
40.071429 355.51609
40.079365 355.51612
40.087302 355.51624
40.095238 355.51636
40.103175 355.51641
40.111111 355.51636
40.119048 355.51622
40.126984 355.51598
40.134921 355.51568
40.142857 355.51533
40.150794 355.51494
40.15873 355.51454
40.166667 355.51412
40.174603 355.51371
40.18254 355.5133
40.190476 355.51288
40.198413 355.51245
40.206349 355.51194
40.214286 355.51142
40.222222 355.5109
40.230159 355.5104
40.238095 355.50993
40.246032 355.5095
40.253968 355.50911
40.261905 355.50876
40.269841 355.50842
40.277778 355.5081
40.285714 355.50779
40.293651 355.50749
40.301587 355.50721
40.309524 355.50692
40.31746 355.50662
40.325397 355.50635
40.333333 355.50615
40.34127 355.506
40.349206 355.50587
40.357143 355.50572
40.365079 355.50551
40.373016 355.50522
40.380952 355.50485
40.388889 355.50438
40.396825 355.50383
40.404762 355.5032
40.412698 355.50249
40.420635 355.50173
40.428571 355.50091
40.436508 355.50004
40.444444 355.49914
40.452381 355.4982
40.460317 355.49724
40.468254 355.49625
40.47619 355.49524
40.484127 355.49421
40.492063 355.49316
40.5 355.49209
40.507937 355.491
40.515873 355.48989
40.52381 355.48875
40.531746 355.48758
40.539683 355.48639
40.547619 355.48517
40.555556 355.48393
40.563492 355.48266
40.571429 355.48137
40.579365 355.48005
40.587302 355.47871
40.595238 355.47734
40.603175 355.47595
40.611111 355.47452
40.619048 355.47305
40.626984 355.47153
40.634921 355.46997
40.642857 355.46835
40.650794 355.4667
40.65873 355.465
40.666667 355.46328
40.674603 355.46153
40.68254 355.45975
40.690476 355.45797
40.698413 355.45617
40.706349 355.45436
40.714286 355.45255
40.722222 355.45072
40.730159 355.44889
40.738095 355.44705
40.746032 355.4452
40.753968 355.44334
40.761905 355.44147
40.769841 355.43959
40.777778 355.43769
40.785714 355.43578
40.793651 355.43386
40.801587 355.43193
40.809524 355.42999
40.81746 355.42803
40.825397 355.42606
40.833333 355.42408
40.84127 355.42208
40.849206 355.42007
40.857143 355.41804
40.865079 355.416
40.873016 355.41395
40.880952 355.41187
40.888889 355.40978
40.896825 355.40767
40.904762 355.40554
40.912698 355.40339
40.920635 355.40122
40.928571 355.39902
40.936508 355.3968
40.944444 355.39455
40.952381 355.39228
40.960317 355.38999
40.968254 355.38766
40.97619 355.38531
40.984127 355.38293
40.992063 355.38052
41 355.37809
41.007937 355.37562
41.015873 355.37313
41.02381 355.37061
41.031746 355.36806
41.039683 355.36548
41.047619 355.36288
41.055556 355.36025
41.063492 355.35759
41.071429 355.35491
41.079365 355.35219
41.087302 355.34946
41.095238 355.34669
41.103175 355.34391
41.111111 355.3411
41.119048 355.33826
41.126984 355.3354
41.134921 355.33251
41.142857 355.3296
41.150794 355.32667
41.15873 355.32371
41.166667 355.32073
41.174603 355.31772
41.18254 355.31469
41.190476 355.31163
41.198413 355.30854
41.206349 355.30542
41.214286 355.30228
41.222222 355.2991
41.230159 355.29589
41.238095 355.29265
41.246032 355.28937
41.253968 355.28606
41.261905 355.2827
41.269841 355.27931
41.277778 355.27588
41.285714 355.27241
41.293651 355.2689
41.301587 355.26533
41.309524 355.26173
41.31746 355.25809
41.325397 355.25443
41.333333 355.25116
41.34127 355.24812
41.349206 355.24523
41.357143 355.24243
41.365079 355.23969
41.373016 355.23794
41.380952 355.23625
41.388889 355.23461
41.396825 355.23298
41.404762 355.23134
41.412698 355.22969
41.420635 355.22802
41.428571 355.22632
41.436508 355.22458
41.444444 355.22282
41.452381 355.22102
41.460317 355.21919
41.468254 355.21734
41.47619 355.21546
41.484127 355.21357
41.492063 355.21164
41.5 355.20968
41.507937 355.20768
41.515873 355.20564
41.52381 355.20357
41.531746 355.20145
41.539683 355.1993
41.547619 355.19711
41.555556 355.19488
41.563492 355.19261
41.571429 355.1903
41.579365 355.18796
41.587302 355.18558
41.595238 355.18317
41.603175 355.18073
41.611111 355.17826
41.619048 355.17577
41.626984 355.17325
41.634921 355.17071
41.642857 355.16816
41.650794 355.16558
41.65873 355.16299
41.666667 355.16038
41.674603 355.15776
41.68254 355.15512
41.690476 355.15247
41.698413 355.1498
41.706349 355.1471
41.714286 355.14438
41.722222 355.14164
41.730159 355.13889
41.738095 355.13613
41.746032 355.13336
41.753968 355.13059
41.761905 355.12779
41.769841 355.12498
41.777778 355.12214
41.785714 355.11927
41.793651 355.11638
41.801587 355.11346
41.809524 355.11051
41.81746 355.10754
41.825397 355.10454
41.833333 355.10151
41.84127 355.09846
41.849206 355.09539
41.857143 355.09231
41.865079 355.08921
41.873016 355.08609
41.880952 355.08296
41.888889 355.07981
41.896825 355.07666
41.904762 355.07348
41.912698 355.07029
41.920635 355.06708
41.928571 355.06385
41.936508 355.0606
41.944444 355.05732
41.952381 355.05402
41.960317 355.05069
41.968254 355.04733
41.97619 355.04395
41.984127 355.04054
41.992063 355.03711
42 355.03365
42.008065 355.03011
42.016129 355.02655
42.024194 355.02297
42.032258 355.01938
42.040323 355.01578
42.048387 355.01216
42.056452 355.00853
42.064516 355.00489
42.072581 355.00125
42.080645 354.99759
42.08871 354.99392
42.096774 354.99024
42.104839 354.98656
42.112903 354.98285
42.120968 354.97914
42.129032 354.97541
42.137097 354.97167
42.145161 354.96791
42.153226 354.96414
42.16129 354.96034
42.169355 354.95652
42.177419 354.95267
42.185484 354.94879
42.193548 354.94488
42.201613 354.94094
42.209677 354.93695
42.217742 354.93294
42.225806 354.92889
42.233871 354.92482
42.241935 354.92072
42.25 354.91661
42.258065 354.91248
42.266129 354.90834
42.274194 354.90418
42.282258 354.9
42.290323 354.8958
42.298387 354.89157
42.306452 354.88731
42.314516 354.88301
42.322581 354.87866
42.330645 354.87424
42.33871 354.86974
42.346774 354.86518
42.354839 354.86056
42.362903 354.85592
42.370968 354.85125
42.379032 354.84659
42.387097 354.84193
42.395161 354.83728
42.403226 354.83265
42.41129 354.82801
42.419355 354.82338
42.427419 354.81875
42.435484 354.81411
42.443548 354.80946
42.451613 354.80478
42.459677 354.80009
42.467742 354.79537
42.475806 354.79063
42.483871 354.78586
42.491935 354.78097
42.5 354.77607
42.508065 354.77119
42.516129 354.76636
42.524194 354.76157
42.532258 354.7568
42.540323 354.75205
42.548387 354.74729
42.556452 354.74251
42.564516 354.73772
42.572581 354.73289
42.580645 354.72802
42.58871 354.72322
42.596774 354.71849
42.604839 354.71383
42.612903 354.70922
42.620968 354.70465
42.629032 354.7001
42.637097 354.69555
42.645161 354.69099
42.653226 354.68641
42.66129 354.68181
42.669355 354.67727
42.677419 354.67286
42.685484 354.66854
42.693548 354.66843
42.701613 354.66917
42.709677 354.6699
42.717742 354.67068
42.725806 354.67155
42.733871 354.67243
42.741935 354.67329
42.75 354.67413
42.758065 354.67494
42.766129 354.67573
42.774194 354.67649
42.782258 354.67721
42.790323 354.67787
42.798387 354.67854
42.806452 354.67925
42.814516 354.67998
42.822581 354.68072
42.830645 354.68144
42.83871 354.68214
42.846774 354.68281
42.854839 354.68345
42.862903 354.68404
42.870968 354.68461
42.879032 354.68513
42.887097 354.68562
42.895161 354.68607
42.903226 354.68645
42.91129 354.68676
42.919355 354.68705
42.927419 354.68733
42.935484 354.68761
42.943548 354.6879
42.951613 354.68818
42.959677 354.68846
42.967742 354.68872
42.975806 354.68897
42.983871 354.68919
42.991935 354.68938
43 354.68955
43.008065 354.68969
43.016129 354.68981
43.024194 354.6899
43.032258 354.68997
43.040323 354.69001
43.048387 354.69003
43.056452 354.69002
43.064516 354.68997
43.072581 354.68989
43.080645 354.68976
43.08871 354.68958
43.096774 354.68934
43.104839 354.68906
43.112903 354.68875
43.120968 354.68842
43.129032 354.68809
43.137097 354.68775
43.145161 354.68742
43.153226 354.6871
43.16129 354.68678
43.169355 354.68646
43.177419 354.68615
43.185484 354.68583
43.193548 354.68551
43.201613 354.68518
43.209677 354.68485
43.217742 354.6845
43.225806 354.68415
43.233871 354.68378
43.241935 354.6834
43.25 354.683
43.258065 354.68259
43.266129 354.68216
43.274194 354.68172
43.282258 354.68126
43.290323 354.68077
43.298387 354.68027
43.306452 354.67974
43.314516 354.6792
43.322581 354.67863
43.330645 354.67804
43.33871 354.67742
43.346774 354.67678
43.354839 354.67612
43.362903 354.67543
43.370968 354.67471
43.379032 354.67397
43.387097 354.67321
43.395161 354.67242
43.403226 354.67161
43.41129 354.67078
43.419355 354.66992
43.427419 354.66903
43.435484 354.66813
43.443548 354.6672
43.451613 354.66624
43.459677 354.66527
43.467742 354.66426
43.475806 354.66324
43.483871 354.66219
43.491935 354.66112
43.5 354.66002
43.508197 354.65887
43.516393 354.65769
43.52459 354.65649
43.532787 354.65526
43.540984 354.654
43.54918 354.6527
43.557377 354.65138
43.565574 354.65003
43.57377 354.64865
43.581967 354.64723
43.590164 354.64579
43.598361 354.64431
43.606557 354.64281
43.614754 354.64127
43.622951 354.63971
43.631148 354.63812
43.639344 354.6365
43.647541 354.63486
43.655738 354.63319
43.663934 354.63149
43.672131 354.62978
43.680328 354.62804
43.688525 354.62627
43.696721 354.62449
43.704918 354.62269
43.713115 354.62087
43.721311 354.61902
43.729508 354.61715
43.737705 354.61526
43.745902 354.61335
43.754098 354.61144
43.762295 354.60953
43.770492 354.60762
43.778689 354.60571
43.786885 354.6038
43.795082 354.60188
43.803279 354.59994
43.811475 354.59799
43.819672 354.59601
43.827869 354.594
43.836066 354.59197
43.844262 354.5899
43.852459 354.58779
43.860656 354.58565
43.868852 354.58347
43.877049 354.58125
43.885246 354.57899
43.893443 354.57669
43.901639 354.57435
43.909836 354.57197
43.918033 354.56955
43.92623 354.5671
43.934426 354.56461
43.942623 354.56209
43.95082 354.55953
43.959016 354.55694
43.967213 354.55432
43.97541 354.55166
43.983607 354.54897
43.991803 354.54624
44 354.54348
44.008197 354.54068
44.016393 354.53784
44.02459 354.53495
44.032787 354.53202
44.040984 354.52904
44.04918 354.52648
44.057377 354.52405
44.065574 354.52168
44.07377 354.51934
44.081967 354.517
44.090164 354.51577
44.098361 354.51462
44.106557 354.51352
44.114754 354.51244
44.122951 354.51135
44.131148 354.51025
44.139344 354.50912
44.147541 354.50797
44.155738 354.50681
44.163934 354.50563
44.172131 354.50444
44.180328 354.50324
44.188525 354.50202
44.196721 354.50079
44.204918 354.49954
44.213115 354.49828
44.221311 354.49701
44.229508 354.49571
44.237705 354.4944
44.245902 354.49306
44.254098 354.49169
44.262295 354.49029
44.270492 354.48886
44.278689 354.48739
44.286885 354.48588
44.295082 354.48433
44.303279 354.48274
44.311475 354.48111
44.319672 354.47944
44.327869 354.47773
44.336066 354.47598
44.344262 354.47419
44.352459 354.47237
44.360656 354.47053
44.368852 354.46866
44.377049 354.46677
44.385246 354.46485
44.393443 354.46292
44.401639 354.46097
44.409836 354.459
44.418033 354.45702
44.42623 354.45503
44.434426 354.45301
44.442623 354.45098
44.45082 354.44892
44.459016 354.44685
44.467213 354.44476
44.47541 354.44264
44.483607 354.4405
44.491803 354.43833
44.5 354.43614
44.508333 354.43389
44.516667 354.43162
44.525 354.42931
44.533333 354.42699
44.541667 354.42464
44.55 354.42225
44.558333 354.41984
44.566667 354.41741
44.575 354.41494
44.583333 354.41246
44.591667 354.40996
44.6 354.40745
44.608333 354.40493
44.616667 354.4024
44.625 354.39986
44.633333 354.39731
44.641667 354.39476
44.65 354.39218
44.658333 354.38958
44.666667 354.38695
44.675 354.38428
44.683333 354.38158
44.691667 354.37883
44.7 354.37604
44.708333 354.37322
44.716667 354.37037
44.725 354.36748
44.733333 354.36456
44.741667 354.3616
44.75 354.3586
44.758333 354.35557
44.766667 354.35251
44.775 354.34943
44.783333 354.34633
44.791667 354.34322
44.8 354.3401
44.808333 354.33695
44.816667 354.33378
44.825 354.33059
44.833333 354.32738
44.841667 354.32416
44.85 354.32093
44.858333 354.31769
44.866667 354.31445
44.875 354.3112
44.883333 354.30794
44.891667 354.30468
44.9 354.30141
44.908333 354.29812
44.916667 354.29483
44.925 354.29151
44.933333 354.28818
44.941667 354.28482
44.95 354.28143
44.958333 354.27802
44.966667 354.27459
44.975 354.27115
44.983333 354.2677
44.991667 354.26425
45 354.26079
45.008333 354.25734
45.016667 354.25388
45.025 354.25041
45.033333 354.24693
45.041667 354.24343
45.05 354.23991
45.058333 354.2364
45.066667 354.23289
45.075 354.22939
45.083333 354.2259
45.091667 354.22242
45.1 354.21899
45.108333 354.21561
45.116667 354.21229
45.125 354.20898
45.133333 354.20567
45.141667 354.20234
45.15 354.19899
45.158333 354.19559
45.166667 354.19213
45.175 354.18858
45.183333 354.18493
45.191667 354.18117
45.2 354.17732
45.208333 354.17338
45.216667 354.16935
45.225 354.16517
45.233333 354.16096
45.241667 354.1568
45.25 354.15269
45.258333 354.14858
45.266667 354.14447
45.275 354.14034
45.283333 354.1362
45.291667 354.13204
45.3 354.12786
45.308333 354.12367
45.316667 354.11945
45.325 354.11522
45.333333 354.11096
45.341667 354.10667
45.35 354.1025
45.358333 354.09854
45.366667 354.09453
45.375 354.09052
45.383333 354.08663
45.391667 354.08275
45.4 354.0789
45.408333 354.07506
45.416667 354.07123
45.425 354.06858
45.433333 354.06984
45.441667 354.07103
45.45 354.07218
45.458333 354.07328
45.466667 354.07435
45.475 354.07537
45.483333 354.07636
45.491667 354.0773
45.5 354.0782
45.508475 354.07906
45.516949 354.07987
45.525424 354.08064
45.533898 354.08136
45.542373 354.08204
45.550847 354.08268
45.559322 354.08337
45.567797 354.0841
45.576271 354.08484
45.584746 354.08561
45.59322 354.08642
45.601695 354.08728
45.610169 354.08817
45.618644 354.08908
45.627119 354.09
45.635593 354.09093
45.644068 354.09185
45.652542 354.09277
45.661017 354.09368
45.669492 354.09458
45.677966 354.09546
45.686441 354.09633
45.694915 354.09718
45.70339 354.09801
45.711864 354.09882
45.720339 354.09961
45.728814 354.10038
45.737288 354.10113
45.745763 354.10186
45.754237 354.10256
45.762712 354.10324
45.771186 354.10389
45.779661 354.10452
45.788136 354.10511
45.79661 354.10568
45.805085 354.10622
45.813559 354.10672
45.822034 354.1072
45.830508 354.10765
45.838983 354.10806
45.847458 354.10845
45.855932 354.1088
45.864407 354.10913
45.872881 354.10943
45.881356 354.1097
45.889831 354.10994
45.898305 354.11016
45.90678 354.11035
45.915254 354.11052
45.923729 354.11066
45.932203 354.11078
45.940678 354.11089
45.949153 354.11097
45.957627 354.11104
45.966102 354.1111
45.974576 354.11113
45.983051 354.11116
45.991525 354.11117
46 354.11117
46.008621 354.11116
46.017241 354.11113
46.025862 354.11109
46.034483 354.11103
46.043103 354.11096
46.051724 354.11086
46.060345 354.11075
46.068966 354.11063
46.077586 354.11047
46.086207 354.1103
46.094828 354.1101
46.103448 354.10988
46.112069 354.10963
46.12069 354.10935
46.12931 354.10904
46.137931 354.10871
46.146552 354.10833
46.155172 354.10793
46.163793 354.1075
46.172414 354.10703
46.181034 354.10652
46.189655 354.10599
46.198276 354.10542
46.206897 354.10483
46.215517 354.1042
46.224138 354.10354
46.232759 354.10286
46.241379 354.10215
46.25 354.10141
46.258621 354.10064
46.267241 354.09984
46.275862 354.09902
46.284483 354.09817
46.293103 354.09728
46.301724 354.09637
46.310345 354.09542
46.318966 354.09444
46.327586 354.09343
46.336207 354.09238
46.344828 354.09129
46.353448 354.09017
46.362069 354.08902
46.37069 354.08782
46.37931 354.0866
46.387931 354.08533
46.396552 354.08404
46.405172 354.08272
46.413793 354.08136
46.422414 354.07999
46.431034 354.07859
46.439655 354.07717
46.448276 354.07574
46.456897 354.0743
46.465517 354.07285
46.474138 354.07139
46.482759 354.06992
46.491379 354.06845
46.5 354.06698
46.508621 354.06549
46.517241 354.064
46.525862 354.06249
46.534483 354.06097
46.543103 354.05943
46.551724 354.05786
46.560345 354.05627
46.568966 354.05464
46.577586 354.05299
46.586207 354.05129
46.594828 354.04957
46.603448 354.0478
46.612069 354.046
46.62069 354.04416
46.62931 354.0423
46.637931 354.04041
46.646552 354.0385
46.655172 354.03658
46.663793 354.03464
46.672414 354.0327
46.681034 354.03076
46.689655 354.02881
46.698276 354.02686
46.706897 354.0249
46.715517 354.02295
46.724138 354.02098
46.732759 354.01901
46.741379 354.01702
46.75 354.01501
46.758621 354.01299
46.767241 354.01094
46.775862 354.00886
46.784483 354.00676
46.793103 354.00463
46.801724 354.00246
46.810345 354.00027
46.818966 353.99805
46.827586 353.9958
46.836207 353.99353
46.844828 353.99123
46.853448 353.98891
46.862069 353.98658
46.87069 353.98423
46.87931 353.98186
46.887931 353.97948
46.896552 353.97709
46.905172 353.97468
46.913793 353.97227
46.922414 353.96984
46.931034 353.9674
46.939655 353.96494
46.948276 353.96246
46.956897 353.95997
46.965517 353.95744
46.974138 353.95489
46.982759 353.95229
46.991379 353.94964
47 353.94694
47.008772 353.94413
47.017544 353.94126
47.026316 353.93833
47.035088 353.93535
47.04386 353.93231
47.052632 353.92924
47.061404 353.92612
47.070175 353.92297
47.078947 353.91979
47.087719 353.91658
47.096491 353.91396
47.105263 353.91154
47.114035 353.90922
47.122807 353.90694
47.131579 353.90468
47.140351 353.9024
47.149123 353.90009
47.157895 353.89775
47.166667 353.8958
47.175439 353.89396
47.184211 353.89215
47.192982 353.89034
47.201754 353.88851
47.210526 353.88704
47.219298 353.88557
47.22807 353.88403
47.236842 353.88243
47.245614 353.88076
47.254386 353.87906
47.263158 353.87731
47.27193 353.87551
47.280702 353.87367
47.289474 353.87177
47.298246 353.86982
47.307018 353.86783
47.315789 353.86578
47.324561 353.86369
47.333333 353.86157
47.342105 353.85941
47.350877 353.85722
47.359649 353.85501
47.368421 353.85275
47.377193 353.85047
47.385965 353.84813
47.394737 353.84576
47.403509 353.84334
47.412281 353.84088
47.421053 353.8384
47.429825 353.8359
47.438596 353.83338
47.447368 353.83084
47.45614 353.82828
47.464912 353.8257
47.473684 353.82311
47.482456 353.8205
47.491228 353.81789
47.5 353.81531
47.508772 353.81275
47.517544 353.81019
47.526316 353.80764
47.535088 353.80508
47.54386 353.80249
47.552632 353.79986
47.561404 353.79718
47.570175 353.79452
47.578947 353.79201
47.587719 353.7896
47.596491 353.78723
47.605263 353.78485
47.614035 353.78241
47.622807 353.77987
47.631579 353.77722
47.640351 353.77447
47.649123 353.77162
47.657895 353.76869
47.666667 353.76568
47.675439 353.76261
47.684211 353.75947
47.692982 353.75628
47.701754 353.75304
47.710526 353.74975
47.719298 353.74641
47.72807 353.74303
47.736842 353.73961
47.745614 353.73615
47.754386 353.73265
47.763158 353.72911
47.77193 353.72553
47.780702 353.7219
47.789474 353.71818
47.798246 353.71438
47.807018 353.7105
47.815789 353.70659
47.824561 353.70267
47.833333 353.69873
47.842105 353.69481
47.850877 353.69105
47.859649 353.68742
47.868421 353.68389
47.877193 353.6804
47.885965 353.67693
47.894737 353.67347
47.903509 353.67001
47.912281 353.66656
47.921053 353.66311
47.929825 353.65968
47.938596 353.65625
47.947368 353.65282
47.95614 353.6494
47.964912 353.64597
47.973684 353.64253
47.982456 353.63908
47.991228 353.63561
48 353.63212
48.008772 353.62861
48.017544 353.62507
48.026316 353.6215
48.035088 353.6179
48.04386 353.61426
48.052632 353.6106
48.061404 353.60689
48.070175 353.60316
48.078947 353.59939
48.087719 353.59559
48.096491 353.59176
48.105263 353.5879
48.114035 353.58619
48.122807 353.58777
48.131579 353.58933
48.140351 353.59093
48.149123 353.59261
48.157895 353.59435
48.166667 353.5961
48.175439 353.59786
48.184211 353.59961
48.192982 353.60135
48.201754 353.60307
48.210526 353.60478
48.219298 353.60647
48.22807 353.60814
48.236842 353.60979
48.245614 353.61143
48.254386 353.61304
48.263158 353.61464
48.27193 353.61622
48.280702 353.61778
48.289474 353.61932
48.298246 353.62084
48.307018 353.62233
48.315789 353.62381
48.324561 353.62526
48.333333 353.62669
48.342105 353.6281
48.350877 353.62948
48.359649 353.63083
48.368421 353.63218
48.377193 353.6335
48.385965 353.6348
48.394737 353.63608
48.403509 353.63734
48.412281 353.63856
48.421053 353.63977
48.429825 353.64095
48.438596 353.64211
48.447368 353.64325
48.45614 353.64437
48.464912 353.64546
48.473684 353.64654
48.482456 353.64759
48.491228 353.64863
48.5 353.64965
48.508772 353.65065
48.517544 353.65163
48.526316 353.65259
48.535088 353.65353
48.54386 353.65445
48.552632 353.65534
48.561404 353.65621
48.570175 353.65705
48.578947 353.65785
48.587719 353.65863
48.596491 353.65937
48.605263 353.66008
48.614035 353.66075
48.622807 353.66138
48.631579 353.66198
48.640351 353.66255
48.649123 353.66308
48.657895 353.66358
48.666667 353.66405
48.675439 353.66449
48.684211 353.66491
48.692982 353.6653
48.701754 353.66568
48.710526 353.66604
48.719298 353.66639
48.72807 353.66672
48.736842 353.66704
48.745614 353.66735
48.754386 353.66765
48.763158 353.66793
48.77193 353.66819
48.780702 353.66843
48.789474 353.66864
48.798246 353.66882
48.807018 353.66897
48.815789 353.66907
48.824561 353.66914
48.833333 353.66915
48.842105 353.66912
48.850877 353.66904
48.859649 353.66891
48.868421 353.66873
48.877193 353.6685
48.885965 353.66822
48.894737 353.66791
48.903509 353.66755
48.912281 353.66716
48.921053 353.66674
48.929825 353.66629
48.938596 353.66582
48.947368 353.66532
48.95614 353.6648
48.964912 353.66425
48.973684 353.66368
48.982456 353.66308
48.991228 353.66245
49 353.66178
49.008772 353.66108
49.017544 353.66033
49.026316 353.65954
49.035088 353.65871
49.04386 353.65783
49.052632 353.65691
49.061404 353.65594
49.070175 353.65493
49.078947 353.65389
49.087719 353.65282
49.096491 353.65171
49.105263 353.65058
49.114035 353.64943
49.122807 353.64825
49.131579 353.64705
49.140351 353.64583
49.149123 353.6446
49.157895 353.64334
49.166667 353.64205
49.175439 353.64075
49.184211 353.63941
49.192982 353.63804
49.201754 353.63664
49.210526 353.6352
49.219298 353.63371
49.22807 353.63218
49.236842 353.63059
49.245614 353.62896
49.254386 353.62726
49.263158 353.62552
49.27193 353.62372
49.280702 353.62189
49.289474 353.62001
49.298246 353.6181
49.307018 353.61617
49.315789 353.61422
49.324561 353.61223
49.333333 353.61021
49.342105 353.60816
49.350877 353.60607
49.359649 353.60393
49.368421 353.60175
49.377193 353.59953
49.385965 353.59728
49.394737 353.59491
49.403509 353.59234
49.412281 353.58964
49.421053 353.58686
49.429825 353.58405
49.438596 353.58122
49.447368 353.5784
49.45614 353.57561
49.464912 353.57285
49.473684 353.5701
49.482456 353.56736
49.491228 353.56462
49.5 353.56272
49.508772 353.56123
49.517544 353.55992
49.526316 353.55867
49.535088 353.55742
49.54386 353.55612
49.552632 353.55475
49.561404 353.55329
49.570175 353.55175
49.578947 353.5501
49.587719 353.54835
49.596491 353.5465
49.605263 353.54453
49.614035 353.54245
49.622807 353.5404
49.631579 353.53855
49.640351 353.53677
49.649123 353.5349
49.657895 353.53281
49.666667 353.53046
49.675439 353.52999
49.684211 353.52947
49.692982 353.52931
49.701754 353.52936
49.710526 353.52953
49.719298 353.52975
49.72807 353.52996
49.736842 353.53012
49.745614 353.5302
49.754386 353.53018
49.763158 353.53006
49.77193 353.52984
49.780702 353.52948
49.789474 353.52898
49.798246 353.52831
49.807018 353.52749
49.815789 353.5265
49.824561 353.52537
49.833333 353.52408
49.842105 353.52262
49.850877 353.52108
49.859649 353.51949
49.868421 353.51787
49.877193 353.51621
49.885965 353.51452
49.894737 353.5128
49.903509 353.51103
49.912281 353.50922
49.921053 353.50736
49.929825 353.50547
49.938596 353.50352
49.947368 353.50154
49.95614 353.49951
49.964912 353.49743
49.973684 353.49532
49.982456 353.49317
49.991228 353.49098
50 353.48876
50.008772 353.4865
50.017544 353.48417
50.026316 353.48176
50.035088 353.47927
50.04386 353.47671
50.052632 353.4741
50.061404 353.47145
50.070175 353.46879
50.078947 353.46612
50.087719 353.46346
50.096491 353.4608
50.105263 353.45815
50.114035 353.4555
50.122807 353.45285
50.131579 353.45019
50.140351 353.44752
50.149123 353.44484
50.157895 353.44212
50.166667 353.43938
50.175439 353.43661
50.184211 353.4338
50.192982 353.43095
50.201754 353.42806
50.210526 353.42513
50.219298 353.42216
50.22807 353.41914
50.236842 353.41609
50.245614 353.41299
50.254386 353.40986
50.263158 353.40668
50.27193 353.40347
50.280702 353.40023
50.289474 353.39695
50.298246 353.39364
50.307018 353.39029
50.315789 353.38692
50.324561 353.38352
50.333333 353.38009
50.342105 353.37663
50.350877 353.37315
50.359649 353.36964
50.368421 353.36611
50.377193 353.36255
50.385965 353.35896
50.394737 353.35534
50.403509 353.35169
50.412281 353.34802
50.421053 353.34432
50.429825 353.34058
50.438596 353.33682
50.447368 353.33303
50.45614 353.3292
50.464912 353.32534
50.473684 353.32145
50.482456 353.31752
50.491228 353.31355
50.5 353.30955
50.508772 353.30552
50.517544 353.30145
50.526316 353.29734
50.535088 353.29321
50.54386 353.28904
50.552632 353.28485
50.561404 353.28063
50.570175 353.27638
50.578947 353.27211
50.587719 353.26781
50.596491 353.26348
50.605263 353.25913
50.614035 353.25475
50.622807 353.25034
50.631579 353.2459
50.640351 353.24143
50.649123 353.23693
50.657895 353.23239
50.666667 353.22781
50.675439 353.2232
50.684211 353.21855
50.692982 353.21385
50.701754 353.20912
50.710526 353.20435
50.719298 353.19953
50.72807 353.19469
50.736842 353.1898
50.745614 353.18489
50.754386 353.17994
50.763158 353.17497
50.77193 353.16998
50.780702 353.165
50.789474 353.16015
50.798246 353.1554
50.807018 353.1507
50.815789 353.14833
50.824561 353.14961
50.833333 353.15087
50.842105 353.15211
50.850877 353.15333
50.859649 353.15452
50.868421 353.15568
50.877193 353.1568
50.885965 353.15788
50.894737 353.15892
50.903509 353.15991
50.912281 353.16086
50.921053 353.16177
50.929825 353.16262
50.938596 353.16343
50.947368 353.1642
50.95614 353.16493
50.964912 353.16562
50.973684 353.16628
50.982456 353.16691
50.991228 353.16751
51 353.16808
51.008929 353.16864
51.017857 353.16917
51.026786 353.16968
51.035714 353.17015
51.044643 353.1706
51.053571 353.171
51.0625 353.17137
51.071429 353.17169
51.080357 353.1721
51.089286 353.17264
51.098214 353.17329
51.107143 353.17398
51.116071 353.17469
51.125 353.17539
51.133929 353.17608
51.142857 353.17674
51.151786 353.17737
51.160714 353.17797
51.169643 353.17854
51.178571 353.17909
51.1875 353.17961
51.196429 353.1801
51.205357 353.18058
51.214286 353.18103
51.223214 353.18146
51.232143 353.18187
51.241071 353.18226
51.25 353.18262
51.258929 353.18295
51.267857 353.18325
51.276786 353.18352
51.285714 353.18374
51.294643 353.18392
51.303571 353.18404
51.3125 353.18412
51.321429 353.18414
51.330357 353.18411
51.339286 353.18403
51.348214 353.1839
51.357143 353.18374
51.366071 353.18353
51.375 353.18329
51.383929 353.18302
51.392857 353.18272
51.401786 353.18237
51.410714 353.18186
51.419643 353.18122
51.428571 353.18049
51.4375 353.17972
51.446429 353.17895
51.455357 353.17817
51.464286 353.1774
51.473214 353.17661
51.482143 353.17581
51.491071 353.17499
51.5 353.17413
51.508929 353.17324
51.517857 353.17231
51.526786 353.17131
51.535714 353.17025
51.544643 353.16913
51.553571 353.16796
51.5625 353.16677
51.571429 353.16556
51.580357 353.16433
51.589286 353.16311
51.598214 353.16187
51.607143 353.16063
51.616071 353.15938
51.625 353.15811
51.633929 353.15682
51.642857 353.1555
51.651786 353.15415
51.660714 353.15277
51.669643 353.15134
51.678571 353.14986
51.6875 353.14833
51.696429 353.14679
51.705357 353.14532
51.714286 353.14393
51.723214 353.14258
51.732143 353.14121
51.741071 353.13982
51.75 353.1384
51.758929 353.13696
51.767857 353.1355
51.776786 353.13396
51.785714 353.13234
51.794643 353.13064
51.803571 353.12887
51.8125 353.12704
51.821429 353.12519
51.830357 353.12426
51.839286 353.12346
51.848214 353.12275
51.857143 353.12209
51.866071 353.12142
51.875 353.12069
51.883929 353.11987
51.892857 353.11891
51.901786 353.11971
51.910714 353.12048
51.919643 353.12119
51.928571 353.12181
51.9375 353.12233
51.946429 353.12274
51.955357 353.12303
51.964286 353.12321
51.973214 353.1233
51.982143 353.12335
51.991071 353.12337
52 353.12332
52.008929 353.1232
52.017857 353.12302
52.026786 353.12277
52.035714 353.12246
52.044643 353.12209
52.053571 353.12168
52.0625 353.12123
52.071429 353.12073
52.080357 353.1202
52.089286 353.11963
52.098214 353.11903
52.107143 353.11834
52.116071 353.11751
52.125 353.11655
52.133929 353.11549
52.142857 353.11435
52.151786 353.11316
52.160714 353.11194
52.169643 353.11068
52.178571 353.1094
52.1875 353.10809
52.196429 353.10676
52.205357 353.10539
52.214286 353.104
52.223214 353.10258
52.232143 353.10114
52.241071 353.09967
52.25 353.09818
52.258929 353.09666
52.267857 353.09511
52.276786 353.09353
52.285714 353.09192
52.294643 353.09027
52.303571 353.08859
52.3125 353.08687
52.321429 353.08512
52.330357 353.08334
52.339286 353.08152
52.348214 353.07967
52.357143 353.07778
52.366071 353.07587
52.375 353.07393
52.383929 353.07196
52.392857 353.06996
52.401786 353.06794
52.410714 353.0659
52.419643 353.06383
52.428571 353.06174
52.4375 353.05962
52.446429 353.05748
52.455357 353.05531
52.464286 353.05312
52.473214 353.0509
52.482143 353.04865
52.491071 353.04638
52.5 353.04408
52.508929 353.04175
52.517857 353.03939
52.526786 353.037
52.535714 353.03458
52.544643 353.03213
52.553571 353.02965
52.5625 353.02714
52.571429 353.02459
52.580357 353.02202
52.589286 353.01941
52.598214 353.01677
52.607143 353.0141
52.616071 353.01139
52.625 353.00865
52.633929 353.00588
52.642857 353.00307
52.651786 353.00024
52.660714 352.99737
52.669643 352.99447
52.678571 352.99155
52.6875 352.9886
52.696429 352.98562
52.705357 352.98261
52.714286 352.97958
52.723214 352.97653
52.732143 352.97344
52.741071 352.97033
52.75 352.96719
52.758929 352.96401
52.767857 352.96081
52.776786 352.95757
52.785714 352.95429
52.794643 352.95097
52.803571 352.94762
52.8125 352.94423
52.821429 352.9408
52.830357 352.93734
52.839286 352.93383
52.848214 352.9303
52.857143 352.92673
52.866071 352.92313
52.875 352.9195
52.883929 352.91584
52.892857 352.91217
52.901786 352.90847
52.910714 352.90475
52.919643 352.90101
52.928571 352.89726
52.9375 352.89349
52.946429 352.88969
52.955357 352.88588
52.964286 352.88204
52.973214 352.87818
52.982143 352.87428
52.991071 352.87035
53 352.86639
53.008929 352.86253
53.017857 352.85877
53.026786 352.85507
53.035714 352.85141
53.044643 352.84775
53.053571 352.84409
53.0625 352.84041
53.071429 352.8367
53.080357 352.83297
53.089286 352.8292
53.098214 352.8254
53.107143 352.82157
53.116071 352.81772
53.125 352.81603
53.133929 352.81766
53.142857 352.81926
53.151786 352.82084
53.160714 352.82239
53.169643 352.82391
53.178571 352.8254
53.1875 352.82686
53.196429 352.82829
53.205357 352.82968
53.214286 352.83104
53.223214 352.83236
53.232143 352.83364
53.241071 352.83488
53.25 352.83608
53.258929 352.83724
53.267857 352.83846
53.276786 352.83979
53.285714 352.84121
53.294643 352.84269
53.303571 352.84419
53.3125 352.84571
53.321429 352.84722
53.330357 352.84873
53.339286 352.85022
53.348214 352.85169
53.357143 352.85313
53.366071 352.85456
53.375 352.85596
53.383929 352.85732
53.392857 352.85866
53.401786 352.85996
53.410714 352.86123
53.419643 352.86246
53.428571 352.86365
53.4375 352.8648
53.446429 352.8659
53.455357 352.86695
53.464286 352.86796
53.473214 352.86893
53.482143 352.86982
53.491071 352.87062
53.5 352.8714
53.508929 352.87219
53.517857 352.87298
53.526786 352.87376
53.535714 352.87453
53.544643 352.8753
53.553571 352.87605
53.5625 352.87679
53.571429 352.87751
53.580357 352.8782
53.589286 352.87886
53.598214 352.87945
53.607143 352.87999
53.616071 352.88049
53.625 352.88096
53.633929 352.88141
53.642857 352.88184
53.651786 352.88226
53.660714 352.88266
53.669643 352.88303
53.678571 352.88338
53.6875 352.88369
53.696429 352.88399
53.705357 352.88441
53.714286 352.8852
53.723214 352.88624
53.732143 352.88724
53.741071 352.88809
53.75 352.88876
53.758929 352.88926
53.767857 352.88963
53.776786 352.8899
53.785714 352.89009
53.794643 352.89024
53.803571 352.89034
53.8125 352.89042
53.821429 352.89048
53.830357 352.89051
53.839286 352.89051
53.848214 352.89048
53.857143 352.89042
53.866071 352.89032
53.875 352.89018
53.883929 352.88997
53.892857 352.8897
53.901786 352.88943
53.910714 352.88915
53.919643 352.88885
53.928571 352.88855
53.9375 352.88827
53.946429 352.88804
53.955357 352.88784
53.964286 352.88769
53.973214 352.88757
53.982143 352.88747
53.991071 352.88742
54 352.88744
54.008929 352.88758
54.017857 352.88781
54.026786 352.88811
54.035714 352.88844
54.044643 352.88876
54.053571 352.88908
54.0625 352.88946
54.071429 352.88989
54.080357 352.89036
54.089286 352.89084
54.098214 352.89128
54.107143 352.89164
54.116071 352.8919
54.125 352.89204
54.133929 352.89205
54.142857 352.89193
54.151786 352.89171
54.160714 352.89137
54.169643 352.89095
54.178571 352.89045
54.1875 352.88988
54.196429 352.88926
54.205357 352.88858
54.214286 352.88786
54.223214 352.88709
54.232143 352.88628
54.241071 352.88543
54.25 352.88454
54.258929 352.8836
54.267857 352.88262
54.276786 352.8816
54.285714 352.88053
54.294643 352.87942
54.303571 352.87827
54.3125 352.87707
54.321429 352.87583
54.330357 352.87455
54.339286 352.87322
54.348214 352.87185
54.357143 352.87044
54.366071 352.86898
54.375 352.86749
54.383929 352.86597
54.392857 352.8644
54.401786 352.86279
54.410714 352.86113
54.419643 352.85942
54.428571 352.85765
54.4375 352.85582
54.446429 352.85394
54.455357 352.85201
54.464286 352.85004
54.473214 352.84803
54.482143 352.846
54.491071 352.84395
54.5 352.84187
54.508929 352.83978
54.517857 352.83766
54.526786 352.8355
54.535714 352.83332
54.544643 352.83109
54.553571 352.82883
54.5625 352.82653
54.571429 352.82419
54.580357 352.82182
54.589286 352.8194
54.598214 352.81693
54.607143 352.81442
54.616071 352.81285
54.625 352.81142
54.633929 352.81007
54.642857 352.80875
54.651786 352.80826
54.660714 352.80791
54.669643 352.80761
54.678571 352.8073
54.6875 352.80693
54.696429 352.80647
54.705357 352.80592
54.714286 352.80531
54.723214 352.80463
54.732143 352.80391
54.741071 352.80314
54.75 352.80232
54.758929 352.80146
54.767857 352.80056
54.776786 352.79961
54.785714 352.79862
54.794643 352.79758
54.803571 352.79651
54.8125 352.79539
54.821429 352.79422
54.830357 352.79302
54.839286 352.79178
54.848214 352.7905
54.857143 352.78918
54.866071 352.78783
54.875 352.78644
54.883929 352.78502
54.892857 352.78356
54.901786 352.78206
54.910714 352.78053
54.919643 352.77896
54.928571 352.77736
54.9375 352.77572
54.946429 352.77403
54.955357 352.77229
54.964286 352.77051
54.973214 352.76868
54.982143 352.76682
54.991071 352.76492
55 352.763
55.008929 352.76104
55.017857 352.75906
55.026786 352.75704
55.035714 352.75498
55.044643 352.75289
55.053571 352.75077
55.0625 352.74861
55.071429 352.74642
55.080357 352.74419
55.089286 352.74193
55.098214 352.73964
55.107143 352.73733
55.116071 352.73498
55.125 352.73261
55.133929 352.73022
55.142857 352.7278
55.151786 352.72536
55.160714 352.72291
55.169643 352.72043
55.178571 352.71793
55.1875 352.71541
55.196429 352.71287
55.205357 352.71031
55.214286 352.70772
55.223214 352.70511
55.232143 352.70247
55.241071 352.6998
55.25 352.6971
55.258929 352.69437
55.267857 352.6916
55.276786 352.6888
55.285714 352.68596
55.294643 352.68309
55.303571 352.68018
55.3125 352.67724
55.321429 352.67427
55.330357 352.67127
55.339286 352.66825
55.348214 352.6652
55.357143 352.66212
55.366071 352.65902
55.375 352.6559
55.383929 352.65275
55.392857 352.64958
55.401786 352.64639
55.410714 352.64317
55.419643 352.63993
55.428571 352.63666
55.4375 352.63337
55.446429 352.63004
55.455357 352.62668
55.464286 352.62329
55.473214 352.61986
55.482143 352.61639
55.491071 352.61288
55.5 352.60933
55.509091 352.60567
55.518182 352.60197
55.527273 352.59821
55.536364 352.59441
55.545455 352.59057
55.554545 352.58668
55.563636 352.58275
55.572727 352.57878
55.581818 352.57477
55.590909 352.57072
55.6 352.56663
55.609091 352.5625
55.618182 352.55833
55.627273 352.55412
55.636364 352.54987
55.645455 352.54557
55.654545 352.54122
55.663636 352.53682
55.672727 352.53238
55.681818 352.52788
55.690909 352.52332
55.7 352.51876
55.709091 352.51429
55.718182 352.50989
55.727273 352.50554
55.736364 352.50121
55.745455 352.49689
55.754545 352.49255
55.763636 352.4882
55.772727 352.48383
55.781818 352.47944
55.790909 352.47503
55.8 352.47059
55.809091 352.46613
55.818182 352.46165
55.827273 352.45775
55.836364 352.45917
55.845455 352.46056
55.854545 352.46194
55.863636 352.4633
55.872727 352.4646
55.881818 352.46581
55.890909 352.46697
55.9 352.46812
55.909091 352.46928
55.918182 352.47042
55.927273 352.47155
55.936364 352.47266
55.945455 352.47375
55.954545 352.47499
55.963636 352.47634
55.972727 352.47776
55.981818 352.47921
55.990909 352.48065
56 352.48204
56.009091 352.48336
56.018182 352.48459
56.027273 352.48574
56.036364 352.48682
56.045455 352.48786
56.054545 352.48889
56.063636 352.48993
56.072727 352.49099
56.081818 352.49206
56.090909 352.49315
56.1 352.49428
56.109091 352.49545
56.118182 352.49667
56.127273 352.49792
56.136364 352.49925
56.145455 352.50076
56.154545 352.50233
56.163636 352.50393
56.172727 352.50561
56.181818 352.50727
56.190909 352.50888
56.2 352.51042
56.209091 352.5119
56.218182 352.51335
56.227273 352.51478
56.236364 352.5162
56.245455 352.51761
56.254545 352.519
56.263636 352.52037
56.272727 352.52171
56.281818 352.523
56.290909 352.52426
56.3 352.52549
56.309091 352.52672
56.318182 352.52797
56.327273 352.52924
56.336364 352.53056
56.345455 352.53191
56.354545 352.53327
56.363636 352.53465
56.372727 352.53603
56.381818 352.53741
56.390909 352.53874
56.4 352.54002
56.409091 352.54124
56.418182 352.54236
56.427273 352.54343
56.436364 352.54447
56.445455 352.54547
56.454545 352.54643
56.463636 352.54733
56.472727 352.54815
56.481818 352.5489
56.490909 352.54956
56.5 352.55016
56.509091 352.55068
56.518182 352.55112
56.527273 352.5515
56.536364 352.55182
56.545455 352.55206
56.554545 352.55223
56.563636 352.55234
56.572727 352.55239
56.581818 352.55238
56.590909 352.55231
56.6 352.55219
56.609091 352.552
56.618182 352.55176
56.627273 352.55147
56.636364 352.55112
56.645455 352.55073
56.654545 352.55028
56.663636 352.54977
56.672727 352.54918
56.681818 352.54852
56.690909 352.5478
56.7 352.54702
56.709091 352.5462
56.718182 352.54535
56.727273 352.54446
56.736364 352.54353
56.745455 352.54257
56.754545 352.54157
56.763636 352.54055
56.772727 352.53948
56.781818 352.53838
56.790909 352.53724
56.8 352.53608
56.809091 352.53492
56.818182 352.53377
56.827273 352.53262
56.836364 352.53147
56.845455 352.53031
56.854545 352.52914
56.863636 352.52794
56.872727 352.52672
56.881818 352.52546
56.890909 352.52417
56.9 352.52283
56.909091 352.52145
56.918182 352.52002
56.927273 352.51853
56.936364 352.517
56.945455 352.51541
56.954545 352.51376
56.963636 352.5126
56.972727 352.51159
56.981818 352.51064
56.990909 352.50968
57 352.51007
57.009259 352.51041
57.018519 352.5107
57.027778 352.51096
57.037037 352.51116
57.046296 352.5113
57.055556 352.51139
57.064815 352.51141
57.074074 352.51137
57.083333 352.51126
57.092593 352.5111
57.101852 352.51088
57.111111 352.5106
57.12037 352.51027
57.12963 352.50988
57.138889 352.50944
57.148148 352.50894
57.157407 352.50839
57.166667 352.50779
57.175926 352.50714
57.185185 352.50644
57.194444 352.50569
57.203704 352.50489
57.212963 352.50404
57.222222 352.50315
57.231481 352.50221
57.240741 352.50123
57.25 352.50021
57.259259 352.49914
57.268519 352.49804
57.277778 352.49689
57.287037 352.4957
57.296296 352.49447
57.305556 352.49321
57.314815 352.49191
57.324074 352.49058
57.333333 352.48921
57.342593 352.48781
57.351852 352.48638
57.361111 352.48493
57.37037 352.48344
57.37963 352.48194
57.388889 352.48041
57.398148 352.47885
57.407407 352.47727
57.416667 352.47567
57.425926 352.47404
57.435185 352.47239
57.444444 352.47071
57.453704 352.469
57.462963 352.46726
57.472222 352.46549
57.481481 352.46368
57.490741 352.46183
57.5 352.45993
57.509259 352.45799
57.518519 352.456
57.527778 352.45397
57.537037 352.45189
57.546296 352.44977
57.555556 352.44761
57.564815 352.4454
57.574074 352.44315
57.583333 352.44087
57.592593 352.43854
57.601852 352.43619
57.611111 352.43381
57.62037 352.43139
57.62963 352.42895
57.638889 352.42648
57.648148 352.42399
57.657407 352.42147
57.666667 352.41891
57.675926 352.41633
57.685185 352.41372
57.694444 352.41107
57.703704 352.40838
57.712963 352.40567
57.722222 352.40291
57.731481 352.40012
57.740741 352.39729
57.75 352.39442
57.759259 352.39153
57.768519 352.38859
57.777778 352.38563
57.787037 352.38263
57.796296 352.37961
57.805556 352.37656
57.814815 352.37349
57.824074 352.37039
57.833333 352.36726
57.842593 352.36412
57.851852 352.36095
57.861111 352.35776
57.87037 352.35454
57.87963 352.35129
57.888889 352.34801
57.898148 352.3447
57.907407 352.34136
57.916667 352.33797
57.925926 352.33455
57.935185 352.33108
57.944444 352.32757
57.953704 352.32402
57.962963 352.32041
57.972222 352.31677
57.981481 352.31309
57.990741 352.30937
58 352.30562
58.009259 352.30183
58.018519 352.29803
58.027778 352.2942
58.037037 352.29035
58.046296 352.28648
58.055556 352.28259
58.064815 352.27868
58.074074 352.27475
58.083333 352.27079
58.092593 352.26681
58.101852 352.26279
58.111111 352.25873
58.12037 352.25463
58.12963 352.25048
58.138889 352.24629
58.148148 352.24205
58.157407 352.23776
58.166667 352.23342
58.175926 352.22905
58.185185 352.22464
58.194444 352.22019
58.203704 352.21571
58.212963 352.21121
58.222222 352.20669
58.231481 352.20214
58.240741 352.19757
58.25 352.19298
58.259259 352.18834
58.268519 352.18381
58.277778 352.1794
58.287037 352.17509
58.296296 352.17081
58.305556 352.1665
58.314815 352.16216
58.324074 352.15775
58.333333 352.1533
58.342593 352.1488
58.351852 352.14425
58.361111 352.13967
58.37037 352.13502
58.37963 352.13031
58.388889 352.12554
58.398148 352.12073
58.407407 352.12142
58.416667 352.12284
58.425926 352.12427
58.435185 352.12572
58.444444 352.12719
58.453704 352.12866
58.462963 352.13014
58.472222 352.13179
58.481481 352.13361
58.490741 352.13554
58.5 352.13773
58.509434 352.14029
58.518868 352.14282
58.528302 352.1454
58.537736 352.14812
58.54717 352.15073
58.556604 352.15316
58.566038 352.15544
58.575472 352.1576
58.584906 352.15965
58.59434 352.16163
58.603774 352.16357
58.613208 352.16552
58.622642 352.16753
58.632075 352.16954
58.641509 352.17151
58.650943 352.17342
58.660377 352.17531
58.669811 352.17726
58.679245 352.17932
58.688679 352.1815
58.698113 352.18373
58.707547 352.18593
58.716981 352.18802
58.726415 352.19006
58.735849 352.19206
58.745283 352.19404
58.754717 352.19598
58.764151 352.19788
58.773585 352.19973
58.783019 352.20156
58.792453 352.20339
58.801887 352.20527
58.811321 352.20724
58.820755 352.20931
58.830189 352.21147
58.839623 352.21369
58.849057 352.21591
58.858491 352.21809
58.867925 352.22017
58.877358 352.22214
58.886792 352.22397
58.896226 352.22567
58.90566 352.22724
58.915094 352.22866
58.924528 352.22998
58.933962 352.2312
58.943396 352.23235
58.95283 352.23346
58.962264 352.23453
58.971698 352.23557
58.981132 352.2366
58.990566 352.2376
59 352.23858
59.009434 352.23953
59.018868 352.24044
59.028302 352.24131
59.037736 352.24213
59.04717 352.24288
59.056604 352.24354
59.066038 352.24411
59.075472 352.24459
59.084906 352.24499
59.09434 352.24531
59.103774 352.24559
59.113208 352.24583
59.122642 352.24605
59.132075 352.24626
59.141509 352.24647
59.150943 352.24668
59.160377 352.24688
59.169811 352.24708
59.179245 352.24727
59.188679 352.24745
59.198113 352.24761
59.207547 352.24775
59.216981 352.24787
59.226415 352.24796
59.235849 352.24802
59.245283 352.24806
59.254717 352.24807
59.264151 352.24805
59.273585 352.24801
59.283019 352.24794
59.292453 352.24784
59.301887 352.24771
59.311321 352.24756
59.320755 352.24739
59.330189 352.2472
59.339623 352.24698
59.349057 352.24674
59.358491 352.24648
59.367925 352.2462
59.377358 352.2459
59.386792 352.24558
59.396226 352.24524
59.40566 352.24487
59.415094 352.24449
59.424528 352.24408
59.433962 352.24364
59.443396 352.24318
59.45283 352.24269
59.462264 352.24217
59.471698 352.24162
59.481132 352.24103
59.490566 352.24041
59.5 352.23976
59.509615 352.23905
59.519231 352.23831
59.528846 352.23754
59.538462 352.23672
59.548077 352.23588
59.557692 352.23499
59.567308 352.23407
59.576923 352.23312
59.586538 352.23213
59.596154 352.23111
59.605769 352.23006
59.615385 352.22898
59.625 352.22787
59.634615 352.22674
59.644231 352.22557
59.653846 352.22438
59.663462 352.22316
59.673077 352.22191
59.682692 352.22064
59.692308 352.21933
59.701923 352.21799
59.711538 352.21661
59.721154 352.2152
59.730769 352.21375
59.740385 352.21226
59.75 352.21073
59.759615 352.20916
59.769231 352.20754
59.778846 352.20589
59.788462 352.20419
59.798077 352.20244
59.807692 352.20065
59.817308 352.19882
59.826923 352.19691
59.836538 352.19493
59.846154 352.19292
59.855769 352.19186
59.865385 352.19091
59.875 352.18997
59.884615 352.189
59.894231 352.18799
59.903846 352.18748
59.913462 352.18697
59.923077 352.18644
59.932692 352.18587
59.942308 352.18527
59.951923 352.18463
59.961538 352.18396
59.971154 352.18325
59.980769 352.1825
59.990385 352.18171
60 352.18088
60.009615 352.18001
60.019231 352.17909
60.028846 352.17813
60.038462 352.17712
60.048077 352.17606
60.057692 352.17496
60.067308 352.1738
60.076923 352.17261
60.086538 352.17136
60.096154 352.17007
60.105769 352.16873
60.115385 352.16736
60.125 352.16595
60.134615 352.1645
60.144231 352.16302
60.153846 352.16151
60.163462 352.15998
60.173077 352.15843
60.182692 352.15688
60.192308 352.15534
60.201923 352.1538
60.211538 352.15224
60.221154 352.15068
60.230769 352.14912
60.240385 352.14755
60.25 352.14597
60.259615 352.14437
60.269231 352.14273
60.278846 352.14106
60.288462 352.13935
60.298077 352.1376
60.307692 352.1358
60.317308 352.13395
60.326923 352.13206
60.336538 352.13012
60.346154 352.12813
60.355769 352.12611
60.365385 352.12404
60.375 352.12193
60.384615 352.11979
60.394231 352.11762
60.403846 352.11542
60.413462 352.11319
60.423077 352.11094
60.432692 352.10867
60.442308 352.10637
60.451923 352.10405
60.461538 352.10171
60.471154 352.09935
60.480769 352.09697
60.490385 352.09457
60.5 352.09214
60.509804 352.08963
60.519608 352.0871
60.529412 352.08453
60.539216 352.08193
60.54902 352.07929
60.558824 352.07661
60.568627 352.0739
60.578431 352.07116
60.588235 352.06838
60.598039 352.06558
60.607843 352.06275
60.617647 352.0599
60.627451 352.05703
60.637255 352.05415
60.647059 352.05124
60.656863 352.04833
60.666667 352.0454
60.676471 352.04246
60.686275 352.03951
60.696078 352.03654
60.705882 352.03356
60.715686 352.03055
60.72549 352.02752
60.735294 352.02445
60.745098 352.02135
60.754902 352.01821
60.764706 352.01502
60.77451 352.01179
60.784314 352.0085
60.794118 352.00517
60.803922 352.0018
60.813725 351.99839
60.823529 351.99496
60.833333 351.99152
60.843137 351.98806
60.852941 351.9846
60.862745 351.98113
60.872549 351.97766
60.882353 351.97417
60.892157 351.97067
60.901961 351.96713
60.911765 351.96356
60.921569 351.95995
60.931373 351.95629
60.941176 351.95259
60.95098 351.94885
60.960784 351.94509
60.970588 351.94131
60.980392 351.93751
60.990196 351.9337
61 351.92983
61.009804 351.92589
61.019608 351.92188
61.029412 351.91781
61.039216 351.91369
61.04902 351.90953
61.058824 351.90532
61.068627 351.90114
61.078431 351.89704
61.088235 351.89296
61.098039 351.88891
61.107843 351.88486
61.117647 351.8808
61.127451 351.87675
61.137255 351.87269
61.147059 351.86865
61.156863 351.86462
61.166667 351.86307
61.176471 351.86514
61.186275 351.86726
61.196078 351.86941
61.205882 351.87159
61.215686 351.87378
61.22549 351.87596
61.235294 351.87815
61.245098 351.88045
61.254902 351.88281
61.264706 351.88532
61.27451 351.888
61.284314 351.89072
61.294118 351.89345
61.303922 351.89618
61.313725 351.89882
61.323529 351.90129
61.333333 351.9035
61.343137 351.90553
61.352941 351.90746
61.362745 351.90931
61.372549 351.91114
61.382353 351.91298
61.392157 351.91488
61.401961 351.91686
61.411765 351.91889
61.421569 351.92092
61.431373 351.92287
61.441176 351.92468
61.45098 351.92627
61.460784 351.92767
61.470588 351.92915
61.480392 351.93094
61.490196 351.93304
61.5 351.93536
61.51 351.93786
61.52 351.9404
61.53 351.94291
61.54 351.94533
61.55 351.94763
61.56 351.94981
61.57 351.95187
61.58 351.95383
61.59 351.95569
61.6 351.95748
61.61 351.95921
61.62 351.96088
61.63 351.96251
61.64 351.96411
61.65 351.96566
61.66 351.96719
61.67 351.96868
61.68 351.97013
61.69 351.97153
61.7 351.97288
61.71 351.97417
61.72 351.97539
61.73 351.97654
61.74 351.97762
61.75 351.97864
61.76 351.97959
61.77 351.98044
61.78 351.98117
61.79 351.98182
61.8 351.98241
61.81 351.98295
61.82 351.98346
61.83 351.98393
61.84 351.98438
61.85 351.9848
61.86 351.98519
61.87 351.98556
61.88 351.9859
61.89 351.98621
61.9 351.98648
61.91 351.98834
61.92 351.98971
61.93 351.99081
61.94 351.99175
61.95 351.99259
61.96 351.99383
61.97 351.99511
61.98 351.99638
61.99 351.99763
62 351.99884
62.01 352.00002
62.02 352.00116
62.03 352.00226
62.04 352.00332
62.05 352.00433
62.06 352.00531
62.07 352.00625
62.08 352.00714
62.09 352.008
62.1 352.00882
62.11 352.00959
62.12 352.01024
62.13 352.01074
62.14 352.01114
62.15 352.01148
62.16 352.01179
62.17 352.01207
62.18 352.01232
62.19 352.01255
62.2 352.01276
62.21 352.01294
62.22 352.01309
62.23 352.01322
62.24 352.01332
62.25 352.0134
62.26 352.01346
62.27 352.01348
62.28 352.01348
62.29 352.01346
62.3 352.01341
62.31 352.01333
62.32 352.01322
62.33 352.01308
62.34 352.01291
62.35 352.0127
62.36 352.01246
62.37 352.01219
62.38 352.01188
62.39 352.01153
62.4 352.01115
62.41 352.01072
62.42 352.01027
62.43 352.00977
62.44 352.00925
62.45 352.00869
62.46 352.0081
62.47 352.00748
62.48 352.00683
62.49 352.00616
62.5 352.00546
62.51 352.00474
62.52 352.004
62.53 352.00324
62.54 352.00247
62.55 352.00167
62.56 352.00085
62.57 352.00001
62.58 351.99915
62.59 351.99827
62.6 351.99735
62.61 351.99642
62.62 351.99545
62.63 351.99445
62.64 351.99343
62.65 351.99237
62.66 351.99128
62.67 351.99016
62.68 351.98901
62.69 351.98783
62.7 351.98662
62.71 351.98538
62.72 351.98411
62.73 351.98282
62.74 351.98151
62.75 351.98017
62.76 351.9788
62.77 351.97742
62.78 351.97601
62.79 351.97458
62.8 351.97313
62.81 351.97165
62.82 351.97014
62.83 351.96861
62.84 351.96705
62.85 351.96546
62.86 351.96385
62.87 351.9622
62.88 351.96052
62.89 351.95881
62.9 351.95707
62.91 351.95531
62.92 351.95351
62.93 351.95168
62.94 351.94983
62.95 351.94795
62.96 351.94604
62.97 351.94411
62.98 351.94216
62.99 351.94018
63 351.93818
63.01 351.93615
63.02 351.9341
63.03 351.93203
63.04 351.92994
63.05 351.92783
63.06 351.92569
63.07 351.92353
63.08 351.92135
63.09 351.91914
63.1 351.91691
63.11 351.91465
63.12 351.91237
63.13 351.91007
63.14 351.90774
63.15 351.9054
63.16 351.90303
63.17 351.90064
63.18 351.89822
63.19 351.89577
63.2 351.89329
63.21 351.89079
63.22 351.88827
63.23 351.88574
63.24 351.88318
63.25 351.88061
63.26 351.87803
63.27 351.87543
63.28 351.87281
63.29 351.87018
63.3 351.86752
63.31 351.86483
63.32 351.86211
63.33 351.85936
63.34 351.85657
63.35 351.85375
63.36 351.8509
63.37 351.84802
63.38 351.84513
63.39 351.84221
63.4 351.83929
63.41 351.83634
63.42 351.83339
63.43 351.83042
63.44 351.82742
63.45 351.8244
63.46 351.82134
63.47 351.81826
63.48 351.81515
63.49 351.812
63.5 351.80883
63.51 351.80563
63.52 351.8024
63.53 351.79913
63.54 351.79582
63.55 351.79246
63.56 351.78908
63.57 351.78569
63.58 351.7823
63.59 351.7789
63.6 351.77548
63.61 351.77202
63.62 351.76848
63.63 351.76487
63.64 351.76121
63.65 351.75752
63.66 351.7538
63.67 351.75006
63.68 351.74632
63.69 351.74257
63.7 351.73883
63.71 351.73509
63.72 351.73137
63.73 351.72766
63.74 351.72395
63.75 351.72023
63.76 351.71637
63.77 351.71241
63.78 351.70842
63.79 351.70444
63.8 351.70048
63.81 351.69653
63.82 351.6926
63.83 351.68868
63.84 351.68478
63.85 351.68089
63.86 351.67702
63.87 351.67318
63.88 351.66934
63.89 351.6655
63.9 351.66167
63.91 351.65781
63.92 351.65395
63.93 351.65007
63.94 351.6462
63.95 351.64244
63.96 351.64411
63.97 351.64756
63.98 351.65099
63.99 351.65437
64 351.65771
64.010204 351.66107
64.020408 351.66438
64.030612 351.66764
64.040816 351.67085
64.05102 351.67404
64.061224 351.67722
64.071429 351.68037
64.081633 351.68349
64.091837 351.68657
64.102041 351.68962
64.112245 351.69263
64.122449 351.6956
64.132653 351.69854
64.142857 351.70145
64.153061 351.70433
64.163265 351.70717
64.173469 351.70999
64.183673 351.71278
64.193878 351.71554
64.204082 351.71827
64.214286 351.72097
64.22449 351.72365
64.234694 351.72629
64.244898 351.72891
64.255102 351.7315
64.265306 351.73407
64.27551 351.7366
64.285714 351.73912
64.295918 351.7416
64.306122 351.74406
64.316327 351.74649
64.326531 351.7489
64.336735 351.75128
64.346939 351.75363
64.357143 351.75595
64.367347 351.75824
64.377551 351.76051
64.387755 351.76274
64.397959 351.76496
64.408163 351.76721
64.418367 351.76945
64.428571 351.7717
64.438776 351.77392
64.44898 351.77611
64.459184 351.77828
64.469388 351.78042
64.479592 351.78253
64.489796 351.78461
64.5 351.78666
64.510204 351.78868
64.520408 351.79067
64.530612 351.79264
64.540816 351.79458
64.55102 351.79649
64.561224 351.79838
64.571429 351.80023
64.581633 351.80207
64.591837 351.80387
64.602041 351.80565
64.612245 351.8074
64.622449 351.80913
64.632653 351.81083
64.642857 351.8125
64.653061 351.81415
64.663265 351.81577
64.673469 351.81736
64.683673 351.81893
64.693878 351.82048
64.704082 351.822
64.714286 351.82349
64.72449 351.82495
64.734694 351.8264
64.744898 351.82781
64.755102 351.8292
64.765306 351.83057
64.77551 351.83192
64.785714 351.83324
64.795918 351.83453
64.806122 351.83581
64.816327 351.83706
64.826531 351.83828
64.836735 351.83949
64.846939 351.84067
64.857143 351.84183
64.867347 351.84297
64.877551 351.84408
64.887755 351.84517
64.897959 351.84624
64.908163 351.84729
64.918367 351.84832
64.928571 351.84932
64.938776 351.8503
64.94898 351.85125
64.959184 351.85218
64.969388 351.85309
64.979592 351.85397
64.989796 351.85483
65 351.85566
65.010204 351.85647
65.020408 351.85725
65.030612 351.85801
65.040816 351.85874
65.05102 351.85945
65.061224 351.86013
65.071429 351.86078
65.081633 351.86141
65.091837 351.86202
65.102041 351.8626
65.112245 351.86315
65.122449 351.86367
65.132653 351.86418
65.142857 351.86465
65.153061 351.8651
65.163265 351.86553
65.173469 351.86593
65.183673 351.86631
65.193878 351.86666
65.204082 351.867
65.214286 351.86731
65.22449 351.8676
65.234694 351.86787
65.244898 351.86811
65.255102 351.86834
65.265306 351.86854
65.27551 351.86873
65.285714 351.86889
65.295918 351.86904
65.306122 351.86916
65.316327 351.86927
65.326531 351.86935
65.336735 351.86941
65.346939 351.86945
65.357143 351.86948
65.367347 351.86948
65.377551 351.86945
65.387755 351.86941
65.397959 351.86935
65.408163 351.86927
65.418367 351.86916
65.428571 351.86904
65.438776 351.86889
65.44898 351.86872
65.459184 351.86854
65.469388 351.86833
65.479592 351.8681
65.489796 351.86786
65.5 351.86759
65.510204 351.86731
65.520408 351.867
65.530612 351.86668
65.540816 351.86633
65.55102 351.86597
65.561224 351.86558
65.571429 351.86517
65.581633 351.86475
65.591837 351.8643
65.602041 351.86383
65.612245 351.86334
65.622449 351.86282
65.632653 351.86229
65.642857 351.86174
65.653061 351.86116
65.663265 351.86056
65.673469 351.85995
65.683673 351.85931
65.693878 351.85865
65.704082 351.85796
65.714286 351.85726
65.72449 351.85654
65.734694 351.85579
65.744898 351.85503
65.755102 351.85425
65.765306 351.85345
65.77551 351.85263
65.785714 351.85179
65.795918 351.85094
65.806122 351.85006
65.816327 351.84918
65.826531 351.84827
65.836735 351.84735
65.846939 351.84642
65.857143 351.84547
65.867347 351.8445
65.877551 351.84351
65.887755 351.84251
65.897959 351.84149
65.908163 351.84046
65.918367 351.8394
65.928571 351.83833
65.938776 351.83724
65.94898 351.83612
65.959184 351.83499
65.969388 351.83384
65.979592 351.83267
65.989796 351.83148
66 351.83027
66.010417 351.82901
66.020833 351.82773
66.03125 351.82643
66.041667 351.82512
66.052083 351.82378
66.0625 351.82242
66.072917 351.82104
66.083333 351.81964
66.09375 351.81823
66.104167 351.8168
66.114583 351.81534
66.125 351.81387
66.135417 351.81238
66.145833 351.81088
66.15625 351.80935
66.166667 351.80781
66.177083 351.80625
66.1875 351.80467
66.197917 351.80307
66.208333 351.80146
66.21875 351.79982
66.229167 351.79817
66.239583 351.7965
66.25 351.79481
66.260417 351.79311
66.270833 351.79138
66.28125 351.78964
66.291667 351.78789
66.302083 351.78612
66.3125 351.78433
66.322917 351.78253
66.333333 351.78071
66.34375 351.77888
66.354167 351.77703
66.364583 351.77517
66.375 351.7733
66.385417 351.77141
66.395833 351.7695
66.40625 351.76758
66.416667 351.76564
66.427083 351.76368
66.4375 351.76172
66.447917 351.75974
66.458333 351.75774
66.46875 351.75572
66.479167 351.75369
66.489583 351.75164
66.5 351.74958
66.510417 351.74749
66.520833 351.74539
66.53125 351.74328
66.541667 351.74114
66.552083 351.73899
66.5625 351.73683
66.572917 351.73465
66.583333 351.73245
66.59375 351.73023
66.604167 351.728
66.614583 351.72576
66.625 351.72349
66.635417 351.72121
66.645833 351.71891
66.65625 351.71658
66.666667 351.71424
66.677083 351.71187
66.6875 351.70948
66.697917 351.70706
66.708333 351.70463
66.71875 351.70216
66.729167 351.69968
66.739583 351.69717
66.75 351.69464
66.760417 351.69209
66.770833 351.68952
66.78125 351.68692
66.791667 351.68431
66.802083 351.68167
66.8125 351.67901
66.822917 351.67633
66.833333 351.67362
66.84375 351.67089
66.854167 351.66814
66.864583 351.66537
66.875 351.66257
66.885417 351.65975
66.895833 351.6569
66.90625 351.65404
66.916667 351.65114
66.927083 351.64823
66.9375 351.64529
66.947917 351.64233
66.958333 351.63935
66.96875 351.63634
66.979167 351.63332
66.989583 351.63028
67 351.62722
67.010417 351.62413
67.020833 351.62103
67.03125 351.61791
67.041667 351.61476
67.052083 351.6116
67.0625 351.60841
67.072917 351.6052
67.083333 351.60198
67.09375 351.59873
67.104167 351.59546
67.114583 351.59218
67.125 351.58888
67.135417 351.58556
67.145833 351.58224
67.15625 351.57889
67.166667 351.57553
67.177083 351.57216
67.1875 351.56877
67.197917 351.56537
67.208333 351.56195
67.21875 351.55851
67.229167 351.55506
67.239583 351.55159
67.25 351.5481
67.260417 351.5446
67.270833 351.54108
67.28125 351.53755
67.291667 351.53401
67.302083 351.53046
67.3125 351.52689
67.322917 351.52331
67.333333 351.51972
67.34375 351.5161
67.354167 351.51247
67.364583 351.50883
67.375 351.50516
67.385417 351.50149
67.395833 351.49781
67.40625 351.49411
67.416667 351.49041
67.427083 351.48669
67.4375 351.48295
67.447917 351.47921
67.458333 351.47544
67.46875 351.47166
67.479167 351.46787
67.489583 351.46406
67.5 351.46025
67.510417 351.45642
67.520833 351.45258
67.53125 351.44873
67.541667 351.44487
67.552083 351.44102
67.5625 351.43716
67.572917 351.43331
67.583333 351.42945
67.59375 351.42559
67.604167 351.42172
67.614583 351.41783
67.625 351.41612
67.635417 351.4185
67.645833 351.42087
67.65625 351.42322
67.666667 351.42555
67.677083 351.42786
67.6875 351.43015
67.697917 351.43242
67.708333 351.43467
67.71875 351.4369
67.729167 351.43911
67.739583 351.4413
67.75 351.44347
67.760417 351.44561
67.770833 351.44773
67.78125 351.44983
67.791667 351.45191
67.802083 351.45397
67.8125 351.45601
67.822917 351.45803
67.833333 351.46003
67.84375 351.46201
67.854167 351.46397
67.864583 351.46591
67.875 351.46783
67.885417 351.46973
67.895833 351.47161
67.90625 351.47347
67.916667 351.47531
67.927083 351.47713
67.9375 351.47893
67.947917 351.48071
67.958333 351.48247
67.96875 351.48421
67.979167 351.48593
67.989583 351.48763
68 351.48931
68.010638 351.49101
68.021277 351.49269
68.031915 351.49435
68.042553 351.49598
68.053191 351.4976
68.06383 351.4992
68.074468 351.50079
68.085106 351.50235
68.095745 351.50389
68.106383 351.50542
68.117021 351.50693
68.12766 351.50842
68.138298 351.50989
68.148936 351.51134
68.159574 351.51277
68.170213 351.51418
68.180851 351.51557
68.191489 351.51695
68.202128 351.5183
68.212766 351.51964
68.223404 351.52096
68.234043 351.52226
68.244681 351.52355
68.255319 351.52482
68.265957 351.52607
68.276596 351.52731
68.287234 351.52852
68.297872 351.52973
68.308511 351.53091
68.319149 351.53207
68.329787 351.53322
68.340426 351.53436
68.351064 351.53547
68.361702 351.53657
68.37234 351.53765
68.382979 351.53872
68.393617 351.53977
68.404255 351.5408
68.414894 351.54182
68.425532 351.54282
68.43617 351.5438
68.446809 351.54476
68.457447 351.54571
68.468085 351.54664
68.478723 351.54755
68.489362 351.54845
68.5 351.54933
68.510638 351.55019
68.521277 351.55103
68.531915 351.55186
68.542553 351.55266
68.553191 351.55346
68.56383 351.55423
68.574468 351.55498
68.585106 351.55572
68.595745 351.55645
68.606383 351.55715
68.617021 351.55784
68.62766 351.55851
68.638298 351.55916
68.648936 351.5598
68.659574 351.56042
68.670213 351.56102
68.680851 351.5616
68.691489 351.56216
68.702128 351.56271
68.712766 351.56323
68.723404 351.56374
68.734043 351.56423
68.744681 351.56469
68.755319 351.56514
68.765957 351.56557
68.776596 351.56598
68.787234 351.56638
68.797872 351.56675
68.808511 351.5671
68.819149 351.56743
68.829787 351.56774
68.840426 351.56803
68.851064 351.56831
68.861702 351.56856
68.87234 351.5688
68.882979 351.56902
68.893617 351.56922
68.904255 351.5694
68.914894 351.56956
68.925532 351.56971
68.93617 351.56983
68.946809 351.56994
68.957447 351.57003
68.968085 351.5701
68.978723 351.57015
68.989362 351.57019
69 351.5702
69.010638 351.5702
69.021277 351.57018
69.031915 351.57015
69.042553 351.57009
69.053191 351.57002
69.06383 351.56993
69.074468 351.56982
69.085106 351.56969
69.095745 351.56954
69.106383 351.56937
69.117021 351.56919
69.12766 351.56898
69.138298 351.56876
69.148936 351.56852
69.159574 351.56825
69.170213 351.56797
69.180851 351.56767
69.191489 351.56735
69.202128 351.56701
69.212766 351.56665
69.223404 351.56627
69.234043 351.56587
69.244681 351.56546
69.255319 351.56502
69.265957 351.56457
69.276596 351.5641
69.287234 351.56361
69.297872 351.5631
69.308511 351.56258
69.319149 351.56204
69.329787 351.56149
69.340426 351.56092
69.351064 351.56033
69.361702 351.55973
69.37234 351.55912
69.382979 351.55849
69.393617 351.55784
69.404255 351.55718
69.414894 351.55651
69.425532 351.55582
69.43617 351.55511
69.446809 351.55439
69.457447 351.55366
69.468085 351.55291
69.478723 351.55214
69.489362 351.55136
69.5 351.55056
69.51087 351.54973
69.521739 351.54887
69.532609 351.548
69.543478 351.54712
69.554348 351.54621
69.565217 351.54529
69.576087 351.54435
69.586957 351.54339
69.597826 351.54241
69.608696 351.54142
69.619565 351.54041
69.630435 351.53938
69.641304 351.53833
69.652174 351.53727
69.663043 351.53619
69.673913 351.53509
69.684783 351.53397
69.695652 351.53284
69.706522 351.53168
69.717391 351.53051
69.728261 351.52932
69.73913 351.52811
69.75 351.52688
69.76087 351.52563
69.771739 351.52437
69.782609 351.52309
69.793478 351.52179
69.804348 351.52047
69.815217 351.51914
69.826087 351.51779
69.836957 351.51642
69.847826 351.51504
69.858696 351.51364
69.869565 351.51223
69.880435 351.51081
69.891304 351.50937
69.902174 351.50791
69.913043 351.50645
69.923913 351.50497
69.934783 351.50347
69.945652 351.50196
69.956522 351.50044
69.967391 351.4989
69.978261 351.49735
69.98913 351.49578
70 351.4942
70.01087 351.4926
70.021739 351.49098
70.032609 351.48935
70.043478 351.4877
70.054348 351.48604
70.065217 351.48436
70.076087 351.48266
70.086957 351.48095
70.097826 351.47922
70.108696 351.47748
70.119565 351.47573
70.130435 351.47396
70.141304 351.47218
70.152174 351.47038
70.163043 351.46857
70.173913 351.46675
70.184783 351.46492
70.195652 351.46307
70.206522 351.46121
70.217391 351.45934
70.228261 351.45745
70.23913 351.45554
70.25 351.45362
70.26087 351.45168
70.271739 351.44973
70.282609 351.44776
70.293478 351.44578
70.304348 351.44378
70.315217 351.44177
70.326087 351.43974
70.336957 351.4377
70.347826 351.43565
70.358696 351.43358
70.369565 351.4315
70.380435 351.42942
70.391304 351.42731
70.402174 351.4252
70.413043 351.42308
70.423913 351.42094
70.434783 351.41879
70.445652 351.41663
70.456522 351.41446
70.467391 351.41227
70.478261 351.41007
70.48913 351.40785
70.5 351.40563
70.511111 351.40333
70.522222 351.40102
70.533333 351.3987
70.544444 351.39637
70.555556 351.39402
70.566667 351.39166
70.577778 351.38928
70.588889 351.3869
70.6 351.38451
70.611111 351.3821
70.622222 351.37968
70.633333 351.37725
70.644444 351.37481
70.655556 351.37236
70.666667 351.36989
70.677778 351.3674
70.688889 351.36491
70.7 351.36239
70.711111 351.35987
70.722222 351.35733
70.733333 351.35478
70.744444 351.35222
70.755556 351.34965
70.766667 351.34706
70.777778 351.34447
70.788889 351.34186
70.8 351.33924
70.811111 351.33661
70.822222 351.33397
70.833333 351.33132
70.844444 351.32865
70.855556 351.32598
70.866667 351.32329
70.877778 351.32059
70.888889 351.31788
70.9 351.31516
70.911111 351.31242
70.922222 351.30968
70.933333 351.30693
70.944444 351.30417
70.955556 351.30141
70.966667 351.29864
70.977778 351.29586
70.988889 351.29307
71 351.29027
71.011111 351.28747
71.022222 351.28465
71.033333 351.28182
71.044444 351.27899
71.055556 351.27614
71.066667 351.27328
71.077778 351.27041
71.088889 351.26754
71.1 351.26466
71.111111 351.26177
71.122222 351.25887
71.133333 351.25597
71.144444 351.25305
71.155556 351.25013
71.166667 351.2472
71.177778 351.24426
71.188889 351.24131
71.2 351.23834
71.211111 351.23537
71.222222 351.23239
71.233333 351.22941
71.244444 351.22642
71.255556 351.22343
71.266667 351.22043
71.277778 351.21743
71.288889 351.21441
71.3 351.21139
71.311111 351.20836
71.322222 351.20532
71.333333 351.20228
71.344444 351.19923
71.355556 351.19618
71.366667 351.19313
71.377778 351.19008
71.388889 351.18702
71.4 351.18395
71.411111 351.18087
71.422222 351.17779
71.433333 351.1747
71.444444 351.17161
71.455556 351.16852
71.466667 351.16542
71.477778 351.16231
71.488889 351.1592
71.5 351.15607
71.511111 351.15293
71.522222 351.15078
71.533333 351.15289
71.544444 351.15498
71.555556 351.15705
71.566667 351.1591
71.577778 351.16113
71.588889 351.16315
71.6 351.16515
71.611111 351.16713
71.622222 351.1691
71.633333 351.17105
71.644444 351.17299
71.655556 351.17491
71.666667 351.17682
71.677778 351.17871
71.688889 351.18059
71.7 351.18246
71.711111 351.18431
71.722222 351.18614
71.733333 351.18796
71.744444 351.18977
71.755556 351.19156
71.766667 351.19334
71.777778 351.19511
71.788889 351.19686
71.8 351.19859
71.811111 351.20031
71.822222 351.20201
71.833333 351.20371
71.844444 351.20538
71.855556 351.20704
71.866667 351.20869
71.877778 351.21032
71.888889 351.21193
71.9 351.21353
71.911111 351.21512
71.922222 351.21669
71.933333 351.21824
71.944444 351.21978
71.955556 351.2213
71.966667 351.22281
71.977778 351.22431
71.988889 351.22578
72 351.22725
72.011364 351.22873
72.022727 351.2302
72.034091 351.23165
72.045455 351.23309
72.056818 351.23451
72.068182 351.23592
72.079545 351.23731
72.090909 351.23868
72.102273 351.24004
72.113636 351.24139
72.125 351.24272
72.136364 351.24404
72.147727 351.24534
72.159091 351.24663
72.170455 351.2479
72.181818 351.24915
72.193182 351.2504
72.204545 351.25163
72.215909 351.25285
72.227273 351.25406
72.238636 351.25525
72.25 351.25643
72.261364 351.2576
72.272727 351.25876
72.284091 351.25991
72.295455 351.26104
72.306818 351.26216
72.318182 351.26327
72.329545 351.26436
72.340909 351.26545
72.352273 351.26651
72.363636 351.26757
72.375 351.26861
72.386364 351.26964
72.397727 351.27065
72.409091 351.27165
72.420455 351.27263
72.431818 351.2736
72.443182 351.27456
72.454545 351.2755
72.465909 351.27643
72.477273 351.27735
72.488636 351.27825
72.5 351.27914
72.511364 351.28001
72.522727 351.28087
72.534091 351.28172
72.545455 351.28255
72.556818 351.28337
