5069  2  0  1
   1    0  -2000    2
   2    2000  -2000    2
   3    2000  -3000    4
   4    0  -3000    6
   5    1000  -2500    0
   6    0  -2500    8
   7    1000  -3000    6
   8    1000  -2000    2
   9    500  -3000    6
  10    1148.2265740004732  -2647.8278606222048    0
  11    134.43504909937525  -2326.3933166559846    0
  12    0  -2750    8
  13    375  -2625    0
  14    108.75549531985411  -2740.797728091969    0
  15    166.66666666666669  -2625    0
  16    0  -2625    8
  17    83.333333333333343  -2687.5    0
  18    83.333333333333343  -2600.6944444444443    0
  19    50.781250000000036  -2644.0972222222222    0
  20    0  -2562.5    8
  21    28.175636574074097  -2627.1430121527778    0
  22    0  -2687.5    8
  23    55.754484953703695  -2613.9187282986109    0
  24    17.373007442918549  -2574.8137330209538    0
  25    16.375888246242013  -2669.8422147734041    0
  26    45.408884684244882  -2627.7128619912228    0
  27    82.23922164351832  -2633.7822808159722    0
  28    15.275656841648633  -2610.4541856706101    0
  29    35.616774121298121  -2604.8715918053499    0
  30    51.911172775052201  -2555.019626803416    0
  31    38.39773712793405  -2578.1916244039107    0
  32    66.165796141985822  -2578.8590105699773    0
  33    52.639024702292843  -2593.9178362339603    0
  34    25.428473782101474  -2555.1018363445473    0
  35    52.465770484339323  -2570.869435468152    0
  36    0  -2593.75    8
  37    38.547417594338476  -2515.6293852107528    0
  38    0  -2531.25    8
  39    38.615522085567207  -2537.5683319127879    0
  40    71.247407948551114  -2526.4974545552059    0
  41    20.576550544520128  -2526.6547507559071    0
  42    53.072622118645413  -2526.553874061527    0
  43    62.076009355174612  -2499.4643638220646    0
  44    20.113995710224234  -2505.7422572472469    0
  45    6.4159505268467356  -2515.625    0
  46    0  -2250    8
  47    0  -2375    8
  48    65.982825639657847  -2543.7438600647506    0
  49    7.2612369418983169  -2484.375    0
  50    9.2445086196622857  -2546.875    0
  51    37.094043040885339  -2664.9764075222947    0
  52    30.749604080481802  -2648.449975031157    0
  53    33.607327301103858  -2682.3320316815229    0
  54    0  -2656.25    8
  55    74.169653433340528  -2616.9534377109858    0
  56    80.90829716931043  -2553.8623890835502    0
  57    139.48503975325951  -2488.2744557896704    0
  58    39.12215188697283  -2489.416596439868    0
  59    66.742018415959592  -2457.5623678929765    0
  60    39.754384562957178  -2471.1306132042146    0
  61    57.060712227699142  -2477.0692935131528    0
  62    29.380362521600837  -2456.0588990436872    0
  63    90.264575417861252  -2481.3925195041757    0
  64    83.358504570621278  -2400.2560690054333    0
  65    0  -2468.75    8
  66    74.405973364469602  -2473.52187985618    0
  67    93.779241025013746  -2454.3986782797338    0
  68    69.732026409912834  -2427.3671474841335    0
  69    23.417949817191161  -2490.3605506005492    0
  70    0  -2437.5    8
  71    66.725099288257624  -2562.3431512505945    0
  72    91.247276264243268  -2576.8058345158911    0
  73    128.0863992831498  -2602.2652818228516    0
  74    135.05061396729326  -2543.2655415557274    0
  75    105.93982166222986  -2594.9284484143309    0
  76    109.22059380076357  -2554.9052945871967    0
  77    99.734535870325089  -2617.7987887459999    0
  78    94.805965113282966  -2561.4009425534346    0
  79    111.68518082101238  -2575.2533637572133    0
  80    122.0945019857397  -2659.8405184050107    0
  81    105.51412520725623  -2641.6918622497401    0
  82    86.116162174432915  -2660.5733179870786    0
  83    134.3297275429768  -2632.014438470083    0
  84    104.09373727603325  -2659.6376468557291    0
  85    112.77816166936981  -2687.7739891688252    0
  86    116.41455213585846  -2626.409554665212    0
  87    122.0611309376141  -2643.2228691395385    0
  88    86.34712533770022  -2506.3023238694514    0
  89    77.247250206249973  -2492.108286626049    0
  90    97.790274546159566  -2530.6007902200149    0
  91    113.06996315367562  -2497.7419595224569    0
  92    83.104287288142118  -2537.6993163033849    0
  93    116.52320744641946  -2536.6308313827185    0
  94    134.52440160798966  -2515.5487716226935    0
  95    112.37610495102025  -2517.4013286597274    0
  96    97.555862630271108  -2495.3021284644597    0
  97    78.801527410628296  -2443.5108820078199    0
  98    104.19888202277873  -2424.3190921966734    0
  99    39.402367031200882  -2395.1429708065675    0
 100    48.716267837286125  -2440.5317626171859    0
 101    49.78412201262605  -2457.4563358960245    0
 102    48.553569734604679  -2416.9151341858878    0
 103    24.878766697621053  -2430.6500264881042    0
 104    65.895332905688022  -2408.4587753100554    0
 105    15.558755700535041  -2445.4044201164716    0
 106    0  -2406.25    8
 107    29.859277549471688  -2411.9633732833909    0
 108    9.0803033517089968  -2421.875    0
 109    143.84107889544146  -2574.2140422701955    0
 110    127.38480246883454  -2563.028511574842    0
 111    69.889435245742391  -2649.245458112161    0
 112    54.400933839321681  -2668.69748364318    0
 113    57.334541552280264  -2695.8445346505105    0
 114    157.02511358099116  -2658.5966557103184    0
 115    147.29986636878888  -2613.7627422894338    0
 116    173.11485471409031  -2591.5794594031363    0
 117    146.11463081685466  -2593.9408021564482    0
 118    164.07057697780894  -2607.1667784153547    0
 119    190.96901243599831  -2612.3565858486959    0
 120    98.155854144323271  -2676.878821441157    0
 121    117.8979768669261  -2469.6286780494311    0
 122    128.94307473934177  -2500.445365804133    0
 123    86.336668944538488  -2418.7329301847108    0
 124    34.571103942344976  -2212.2495726127304    0
 125    16.862159090826118  -2390.625    0
 126    64.94676796436292  -2383.7488414738418    0
 127    0  -2312.5    8
 128    42.366289098502932  -2373.6690309683599    0
 129    21.022594217864697  -2369.2240120895135    0
 130    40.368416784699328  -2329.7966020238391    0
 131    0  -2343.75    8
 132    35.746695397774886  -2351.9887712349259    0
 133    7.0117864316159055  -2359.375    0
 134    55.317343833318496  -2396.4916694814742    0
 135    107.35834213802391  -2354.9656658004014    0
 136    20.332112812422785  -2337.20120160531    0
 137    23.191856303351699  -2314.1287728846251    0
 138    6.1880342765846894  -2328.125    0
 139    89.729729647148176  -2374.6281663199243    0
 140    73.987056955323652  -2275.6914577430525    0
 141    50.22932646064546  -2275.9433261518338    0
 142    114.45450641833501  -2394.3807803556874    0
 143    73.782412977729521  -2342.5966341286871    0
 144    52.156580695365676  -2299.6240965588086    0
 145    0  -2281.25    8
 146    32.414135010506271  -2291.6631273448511    0
 147    109.78500473367734  -2374.8751196703724    0
 148    139.05371020155874  -2378.180173209797    0
 149    97.557802292101272  -2390.1801750092113    0
 150    88.114903491138975  -2355.446572570605    0
 151    68.439410905962703  -2362.9740957662907    0
 152    55.083130952489221  -2348.5828558933717    0
 153    40.462447749572959  -2312.4443143461981    0
 154    62.884386691153125  -2321.1531968318077    0
 155    12.750472510992255  -2296.875    0
 156    105.20785549405365  -2298.3770642761006    0
 157    24.311853507313959  -2264.5259969892627    0
 158    103.35541920419254  -2314.0759552475015    0
 159    94.230781079038891  -2334.2070654801696    0
 160    83.010295327495925  -2316.9877875505217    0
 161    90.074040697656301  -2293.8104082075679    0
 162    61.780629892022802  -2244.919807841437    0
 163    70.808266857283044  -2294.7146815900032    0
 164    11.889296159949449  -2234.375    0
 165    61.968619091481337  -2262.6520703282499    0
 166    42.662537190285192  -2253.9896166987078    0
 167    0  -2187.5    8
 168    104.86645588557688  -2264.4759801671771    0
 169    0  -2125    8
 170    83.843179858059145  -2253.5530386786127    0
 171    57.2970815391296  -2213.6150086683169    0
 172    0  -2218.75    8
 173    48.591326385003995  -2168.7059557477578    0
 174    76.19083093804997  -2226.8824724605834    0
 175    118.42928812059969  -2289.7121685905413    0
 176    217.47569974502196  -2229.1138563874415    0
 177    90.316255363447496  -2216.3366073797424    0
 178    168.59287200700609  -2357.8392270077511    0
 179    43.978915962003661  -2232.0801363150922    0
 180    128.05611387351843  -2583.7984286552223    0
 181    72.338872251343659  -2672.7565988823753    0
 182    66.732419686042306  -2752.7364403838305    0
 183    140.35145369467202  -2681.4498799220742    0
 184    210.47787815563399  -2515.2748727464932    0
 185    195.93587042228438  -2651.5814550083851    0
 186    101.35691391223897  -2469.1110399687263    0
 187    116.34727074395992  -2445.3718106799874    0
 188    133.03508997346819  -2353.1530441881919    0
 189    118.75492749780823  -2333.1894192390487    0
 190    125.35553390051595  -2368.2371083433154    0
 191    77.866667788582902  -2203.8565971747512    0
 192    26.64025110450935  -2247.3328283829719    0
 193    151.37790300701667  -2291.1451062357896    0
 194    500  -2000    2
 195    7.1597462421771247  -2265.625    0
 196    129.43376633452812  -2242.66379382895    0
 197    107.64270522608092  -2178.5207870945715    0
 198    37.544707033185283  -2703.0063038318335    0
 199    0  -2718.75    8
 200    18.496110414871449  -2695.922006753055    0
 201    56.753702742999742  -2725.1626451363245    0
 202    139.71133048098201  -2663.4737034148752    0
 203    124.63753972141731  -2676.208992689878    0
 204    172.47572105978031  -2508.3630605035632    0
 205    221.56616859424142  -2568.0041379800045    0
 206    208.18288040089504  -2419.8212189148312    0
 207    186.20954840079906  -2632.8861534069879    0
 208    170.27453841633763  -2644.2171775363122    0
 209    152.4731759271566  -2637.6119779724381    0
 210    183.79024332888736  -2695.6335769703364    0
 211    148.08082606679511  -2418.6632307995314    0
 212    126.64352159099904  -2425.3989501668339    0
 213    132.11879694625725  -2405.3433604004613    0
 214    115.98326805353162  -2411.6302024900829    0
 215    149.91315757881841  -2362.3313965656494    0
 216    107.89765317116441  -2217.6161919325255    0
 217    27.541062893809055  -2227.7315529113475    0
 218    203.46395345080441  -2349.4532952465865    0
 219    24.680646891553341  -2179.0983394002451    0
 220    97.665202537562578  -2236.785962568918    0
 221    134.65644841186881  -2296.1114780842358    0
 222    149.19351213873125  -2343.5470409702434    0
 223    183.65017924237347  -2285.2641851576509    0
 224    151.45799266836019  -2324.8857968363427    0
 225    126.24617244871985  -2311.3934658914    0
 226    91.651462035464434  -2276.2089661167843    0
 227    68.679387623348248  -2181.7418985932322    0
 228    114.69049950802936  -2233.5579080182647    0
 229    164.77929322170297  -2137.1352569771188    0
 230    47.175004835347039  -2192.2788588329345    0
 231    88.114894614220646  -2179.5730797564665    0
 232    17.758176107204854  -2199.2146077090169    0
 233    232.0206810622922  -2215.0711858194077    0
 234    0  -2156.25    8
 235    97.479337622278564  -2196.741361973619    0
 236    135.81852793412267  -2269.3909080907679    0
 237    168.79522241884186  -2295.2352852994136    0
 238    164.84197538978756  -2241.6400516296012    0
 239    16.238698803057687  -2215.672380092682    0
 240    215.10917825896809  -2203.9917385798008    0
 241    119.38976483077191  -2272.9333036696744    0
 242    81.966936920187464  -2163.792346588094    0
 243    8.4513655559702201  -2171.875    0
 244    27.06860024104979  -2151.8896124921785    0
 245    168.67310484112429  -2262.3335557977584    0
 246    231.65838584701368  -2197.1777315463896    0
 247    153.77650150743142  -2272.9881355269631    0
 248    149.6001758197479  -2251.4079791013487    0
 249    250  -2000    2
 250    180.73260291276358  -2250.3125840251946    0
 251    207.0856552441864  -2288.8096556909927    0
 252    198.2481123714862  -2266.5908821533003    0
 253    232.48395792592814  -2235.7470473077251    0
 254    150.66825765228882  -2230.3781429670212    0
 255    241.46616698367845  -2182.2072808912194    0
 256    262.52112385663236  -2253.8931757157293    0
 257    198.30107350935128  -2236.8450739283144    0
 258    228.69972503372423  -2251.7134688487977    0
 259    210.66947023129978  -2253.4119317616651    0
 260    221.55272788933306  -2272.3940809491205    0
 261    258.54043309803359  -2319.5741202059235    0
 262    244.58095211910685  -2268.7771188718125    0
 263    235.66809950849446  -2299.4166955158298    0
 264    204.5370856603935  -2217.6601601857656    0
 265    275.36881635398976  -2287.632929186299    0
 266    234.95271544487122  -2282.5924613562083    0
 267    254.5278734412058  -2290.1874316486046    0
 268    96.597033525467765  -2155.2606881057618    0
 269    263.19071130396537  -2272.9542050240284    0
 270    290.79671986081621  -2262.4421688490393    0
 271    27.324240328370845  -2731.2722246609428    0
 272    97.747231533404062  -2725.9199463205478    0
 273    76.501736740208813  -2710.8890764580055    0
 274    152.11875440390625  -2504.6605461698086    0
 275    157.96671293051932  -2530.3216636198172    0
 276    142.25642588510721  -2529.2653566239546    0
 277    156.21444871738137  -2553.9769178839665    0
 278    187.43847380329919  -2534.0222739819851    0
 279    164.41337800887359  -2572.8911232349569    0
 280    193.03154392181472  -2570.9361337208802    0
 281    173.61697531482977  -2524.8898062714443    0
 282    164.37943193310753  -2681.4714935666198    0
 283    152.33224481641744  -2718.3670381531451    0
 284    185.80499881537116  -2672.4886672772536    0
 285    164.36107398177595  -2701.8801041629422    0
 286    144.96020664029984  -2700.356845976673    0
 287    183.67016241953752  -2728.5995407884388    0
 288    124.63132246764222  -2719.1918640279323    0
 289    178.364558269734  -2712.0970141305397    0
 290    206.36481329826154  -2712.1990070861957    0
 291    223.80296372325  -2677.9929621655506    0
 292    205.67758151160581  -2669.2100638216225    0
 293    206.45614170704906  -2690.6975823276598    0
 294    228.57487914520911  -2645.0508545156708    0
 295    210.61957437325546  -2627.7287539634003    0
 296    213.29186252441968  -2653.4963724842373    0
 297    250.65137345059642  -2604.2004824772098    0
 298    217.8852389368999  -2598.1949590794302    0
 299    233.91650984374118  -2621.5470840323414    0
 300    207.61148589436993  -2611.3281110840067    0
 301    273.38201244200053  -2642.875162575896    0
 302    233.65418592226092  -2604.5483608625095    0
 303    256.62347844136872  -2626.7076279807143    0
 304    251.22648538960058  -2649.0712424080712    0
 305    293.98704728437741  -2604.7475809257999    0
 306    237.05468923724413  -2663.0958976403153    0
 307    270.55941580387537  -2706.2427081463206    0
 308    264.33734904919515  -2676.4922278854592    0
 309    272.24291705928033  -2610.5172254423419    0
 310    288.03126194225553  -2626.1604471986848    0
 311    272.77146831027034  -2568.6506753244098    0
 312    325.73372137558761  -2673.9808155091646    0
 313    331.53090273879974  -2626.7247533667005    0
 314    266.66886939958619  -2589.5102434964369    0
 315    302.44458578494607  -2653.5695581103259    0
 316    309.85563127456709  -2620.6959825133254    0
 317    287.49448280615138  -2584.280447639439    0
 318    247.11654249774412  -2572.467625220987    0
 319    289.96907931653686  -2642.635671246363    0
 320    282.56859889460969  -2663.6637663814527    0
 321    316.32212494273921  -2639.4259579249388    0
 322    332.10212422894472  -2582.692043740356    0
 323    265.6663210144323  -2659.0119456445195    0
 324    302.08334382587987  -2677.4737515665288    0
 325    339.46511227545921  -2651.6817082773209    0
 326    308.5936651964825  -2549.6560125223327    0
 327    309.97373525585692  -2588.4129498368584    0
 328    325.99947345920481  -2604.6329360553236    0
 329    293.29039406334783  -2564.0714677309084    0
 330    274.69252398029181  -2528.997585624058    0
 331    279.17607332226646  -2549.08787726945    0
 332    251.44429120155087  -2544.7313350840423    0
 333    231.83621305283552  -2584.5760877948865    0
 334    322.07745562632851  -2731.0383772873283    0
 335    322.15120709854961  -2656.3974414504205    0
 336    353.56686215997269  -2633.4588569824723    0
 337    316.69922047642461  -2568.7704268403941    0
 338    355.9131437826  -2540.8657762041998    0
 339    333.22424473887986  -2550.4871081675929    0
 340    356.1584905586235  -2601.2022368385242    0
 341    236.71662193788723  -2556.6391261586746    0
 342    229.265225053535  -2532.3616113650723    0
 343    258.37578545255451  -2560.0186486673929    0
 344    317.80630178177256  -2702.1187522676651    0
 345    392.67006450841228  -2699.8216909882831    0
 346    353.74854920161386  -2567.3242558962997    0
 347    322.79019318627189  -2494.3186661438463    0
 348    340.38478234343285  -2596.8149297409263    0
 349    346.65031030707547  -2616.670731933415    0
 350    251.13064118966864  -2519.2251828976241    0
 351    208.47710602590769  -2536.3467535859518    0
 352    219.98949788271992  -2550.1214340852102    0
 353    196.1459161280894  -2551.5836020629986    0
 354    176.05001033803387  -2550.6083935141951    0
 355    315.46614843808442  -2686.2737699394747    0
 356    377.92933141882929  -2663.8055495345093    0
 357    337.05730189539514  -2566.7426807244947    0
 358    426.10625654705893  -2559.926128349895    0
 359    321.80367877483292  -2523.5552790646889    0
 360    279.27466884072732  -2484.6589454652226    0
 361    370.45094390491977  -2644.8567352042878    0
 362    357.72456582761356  -2660.8294870504337    0
 363    404.7585267982833  -2642.2669437523141    0
 364    363.65012149057929  -2690.6743870012542    0
 365    387.20339364891595  -2638.2451705538765    0
 366    402.46891910090773  -2611.9359664023259    0
 367    389.24082945688707  -2556.9101310350925    0
 368    321.25981782232583  -2539.6732921082275    0
 369    270.36358840587059  -2506.1441255812624    0
 370    369.49278546727186  -2555.2945238837201    0
 371    296.71320717797613  -2512.9896691969602    0
 372    238.84395800245983  -2480.4806627482144    0
 373    250.77207406380083  -2498.018452014649    0
 374    259.39424106653934  -2479.3289121705598    0
 375    228.05440923892732  -2500.6443211826936    0
 376    283.69281239157306  -2428.438862231953    0
 377    247.00406599045991  -2442.1669830568512    0
 378    276.26631033630753  -2456.1388838945577    0
 379    248.13998160140514  -2462.4347283436532    0
 380    214.254310087665  -2454.1681631183533    0
 381    229.71850994885591  -2464.3625568314228    0
 382    207.31938093177126  -2481.5142426006969    0
 383    234.48282395672811  -2516.2806714720832    0
 384    211.13048285620309  -2498.1857552175638    0
 385    189.4583264427601  -2494.3686379676187    0
 386    191.13399743249656  -2513.7037432447169    0
 387    177.92532015819748  -2459.5075640132495    0
 388    189.16641578579447  -2475.1269545632986    0
 389    164.20325642921824  -2481.2379142167179    0
 390    146.57025008664164  -2454.9054893877442    0
 391    141.92703333705424  -2436.5593506183418    0
 392    167.9213042379817  -2435.4917013360773    0
 393    161.22708069192393  -2464.1608378633723    0
 394    129.38384324867283  -2456.7164025035131    0
 395    192.58724332129452  -2439.3084515934379    0
 396    178.44529221296045  -2402.9740729613909    0
 397    164.6077666972939  -2382.3518881299233    0
 398    151.52361069069943  -2398.3134465412791    0
 399    196.16119916626366  -2457.3235566692779    0
 400    209.94926317301886  -2437.2190679036353    0
 401    230.2558477500053  -2426.3687708326361    0
 402    166.4916543031984  -2417.0672070640926    0
 403    185.55960816226599  -2421.1243934668792    0
 404    193.95254272768787  -2377.6150826914873    0
 405    229.1993136246285  -2444.2656202959279    0
 406    257.48267575550915  -2414.2814730507271    0
 407    177.98275781185623  -2371.9460386617375    0
 408    229.27102710480645  -2389.2090428971019    0
 409    246.40149194111771  -2426.0290101930345    0
 410    223.71206942992046  -2407.9492824237523    0
 411    242.08090323285728  -2403.2034666512441    0
 412    279.62437523240658  -2367.2522684146243    0
 413    254.69477790243656  -2378.7972753477811    0
 414    208.39504655391488  -2393.2111583216615    0
 415    196.13446552919805  -2406.4192789151462    0
 416    99.280972323363031  -2407.3386855819354    0
 417    212.37428361971521  -2173.8459198374626    0
 418    106.99786546021193  -2137.3041761346858    0
 419    126.29563981368662  -2129.6746589740419    0
 420    257.87221055760614  -2203.6535535458497    0
 421    69.800956840233724  -2152.0102478008171    0
 422    87.129807864204665  -2131.3146924788166    0
 423    14.961685105540393  -2137.007920029871    0
 424    33.435771730239495  -2131.8358519691974    0
 425    275.63637171760172  -2180.9225397259006    0
 426    221.08407406417882  -2338.2835582937305    0
 427    171.93849052766845  -2089.8619900170193    0
 428    0  -2062.5    8
 429    110.89075966720134  -2162.7256489336132    0
 430    180.51033148032076  -2308.7574448881669    0
 431    226.91587261416345  -2355.1600276884747    0
 432    187.33682908831869  -2219.3172856988249    0
 433    0  -2093.75    8
 434    126.18589902600843  -2157.6173263937862    0
 435    211.94468101564917  -2319.5298075027458    0
 436    247.18004757705995  -2228.4482813589111    0
 437    40.331958027961349  -2719.9948576059737    0
 438    18.373772087066524  -2714.7300070979495    0
 439    9.3708131163579544  -2734.375    0
 440    45.488177437468039  -2744.8320439789818    0
 441    0  -2875    8
 442    0  -2812.5    8
 443    23.625327050450309  -2755.1726525480285    0
 444    0  -2781.25    8
 445    8.9579081718872224  -2765.625    0
 446    40.161394742428591  -2793.8944617119751    0
 447    27.654383285495836  -2776.3438036611637    0
 448    17.216205466918815  -2797.0140187218381    0
 449    51.885820614639485  -2772.3076360548957    0
 450    33.754361409075351  -2832.7128197359575    0
 451    99.313417653887257  -2771.5035663460471    0
 452    39.608772547417956  -2760.6836890481586    0
 453    30.981438664197409  -2812.3172196470896    0
 454    0  -2843.75    8
 455    65.486436503054563  -2818.0123258436029    0
 456    49.110751000226529  -2809.8524143799473    0
 457    68.039724029531456  -2792.3765760128958    0
 458    15.563822416402548  -2824.7996501430334    0
 459    87.767345351293287  -2807.2864485643049    0
 460    77.111295591591798  -2733.0748014479841    0
 461    79.191293658060189  -2768.7719631257323    0
 462    87.310569150200507  -2787.3848322151393    0
 463    105.52089051360215  -2872.6710110098525    0
 464    250  -3000    6
 465    90.576190310885934  -2841.6263240056792    0
 466    116.11675195358242  -2796.6797310268366    0
 467    124.06340923767158  -2751.1995564656149    0
 468    92.131115524497545  -2748.9316237422609    0
 469    82.570624654668876  -2824.9963296453079    0
 470    97.903976780843706  -2703.9473576215796    0
 471    115.1055672257723  -2704.840803232089    0
 472    193.94093754049644  -2591.7429949210768    0
 473    209.44900924864558  -2581.8465918942484    0
 474    244.76872521106833  -2696.1107306432682    0
 475    224.46504972051247  -2701.5249824320676    0
 476    242.50565081056033  -2752.8004706469906    0
 477    241.43004564342428  -2724.3674907439445    0
 478    282.92044444727617  -2688.1316142790261    0
 479    294.63871062597372  -2709.4032835556145    0
 480    278.04921741384823  -2742.4866454247267    0
 481    310.08172753528333  -2718.034815421955    0
 482    293.51654396603169  -2729.5416203197792    0
 483    275.77822183358671  -2724.0600945973279    0
 484    258.70529517001194  -2735.5174824249689    0
 485    306.21747129555757  -2760.4303455327035    0
 486    257.7226817566314  -2718.0821879419323    0
 487    294.97511462620463  -2746.9974475343411    0
 488    279.39156226177676  -2771.4607107820912    0
 489    350.19202021597539  -2509.8782205758112    0
 490    381.96444680207179  -2683.1786761828425    0
 491    414.09571670916807  -2674.2749410343308    0
 492    395.67192611167684  -2670.2168367580489    0
 493    346.33216570302488  -2678.6020858342049    0
 494    342.32777357089213  -2702.8040922223154    0
 495    329.71281566025294  -2715.135490224593    0
 496    368.73526892549489  -2743.6555160656108    0
 497    352.11724317705239  -2725.4368883486372    0
 498    341.49385232870884  -2751.8152949966084    0
 499    376.802308341958  -2719.6088719728114    0
 500    353.15152443825986  -2741.1818105051871    0
 501    438.04005932022937  -2752.4607770863931    0
 502    375.84687445802024  -2702.5867554468082    0
 503    410.46996132540886  -2730.3517362478256    0
 504    359.12801429828176  -2708.970945892398    0
 505    395.70123216711119  -2718.5083820400937    0
 506    390.56970633582472  -2740.0374447210943    0
 507    389.39906119382192  -2800.6653731585752    0
 508    411.36594039529496  -2757.478999196222    0
 509    485.32109514730217  -2620.9335750859332    0
 510    380.54627528612133  -2601.2512048257367    0
 511    377.60386614401864  -2577.6512805391212    0
 512    360.75730153165244  -2583.8503890175912    0
 513    405.9160136788214  -2579.9009303579605    0
 514    391.03014293649568  -2587.960699180187    0
 515    295.01164598421542  -2533.7988981770477    0
 516    313.31721961847575  -2508.633975139212    0
 517    300.8923185187017  -2490.1199905852691    0
 518    319.61809241914631  -2451.6598257140136    0
 519    315.4463186175559  -2473.4173963036392    0
 520    353.75291382090739  -2471.6987905301376    0
 521    298.45691334239035  -2458.881134461546    0
 522    334.29428924137318  -2465.752555389598    0
 523    303.08730009374767  -2437.8341245570487    0
 524    293.21221233533669  -2475.004376462844    0
 525    356.4813325013161  -2427.9586490645611    0
 526    311.445484004984  -2395.8649665784233    0
 527    328.24134376001263  -2424.5539504658445    0
 528    340.87793153564928  -2444.2080619845428    0
 529    301.80665919280921  -2415.7622363740525    0
 530    363.54132181992304  -2450.3542037171092    0
 531    283.70819921138411  -2394.7115076070813    0
 532    416.14642221190564  -2487.3950867793369    0
 533    386.40634197742071  -2473.7565918387409    0
 534    370.47519838077244  -2466.4507332254593    0
 535    416.70226363554491  -2421.2851384417663    0
 536    387.25088478127418  -2430.5694104035565    0
 537    386.66959902163546  -2452.159891531056    0
 538    409.22878802085756  -2463.2348356768684    0
 539    371.32948604754296  -2435.588482569498    0
 540    477.77191171292498  -2456.6798310424356    0
 541    444.10867838042788  -2466.3183870696253    0
 542    426.07598311131318  -2471.4815614431577    0
 543    266.62245924146663  -2438.7077731069739    0
 544    216.19798391582816  -2369.4412025494389    0
 545    236.37327505132501  -2370.3054109025406    0
 546    235.23931753429181  -2322.9583908777545    0
 547    218.15180643852767  -2302.8036690729114    0
 548    254.91790610094853  -2348.1998899703462    0
 549    238.81577820730087  -2340.4617238802393    0
 550    23.790824037556106  -2859.375    0
 551    17.829638777466677  -2842.526970744645    0
 552    109.72138090666282  -2822.7755217982399    0
 553    104.02400087103113  -2807.5476869259219    0
 554    116.13845978448931  -2848.4403039261592    0
 555    100.43390303663405  -2856.00037023901    0
 556    62.711847849958218  -2871.3029042112721    0
 557    84.17755542532268  -2870.0723961794247    0
 558    69.630826842545886  -2841.4673693810064    0
 559    315.22412729748083  -2898.1099299269495    0
 560    87.848921373565261  -2928.8676360163186    0
 561    281.25  -3000    6
 562    165.1966221851624  -2822.5394384556471    0
 563    142.34237836091677  -2874.3640992980058    0
 564    137.42953966009978  -2815.7344790967295    0
 565    124.2570962526205  -2866.4393724254005    0
 566    121.70134737430851  -2811.8799254468295    0
 567    126.84673368433114  -2832.1282305302921    0
 568    142.0090579576439  -2850.5259062621772    0
 569    167.84435836507961  -2862.086087928953    0
 570    138.97832588170598  -2735.4553077102223    0
 571    165.05348794142412  -2775.0937135802842    0
 572    162.56670979878257  -2740.1268932489315    0
 573    167.57672822743928  -2724.4837448776243    0
 574    184.99378535213958  -2756.1037572652899    0
 575    122.33735217033147  -2774.3323048826605    0
 576    143.88086974828863  -2764.3090116616368    0
 577    142.86970996466283  -2790.299555287967    0
 578    160.50632382256185  -2757.8452620267599    0
 579    154.51085987436062  -2806.0886821640402    0
 580    183.79888283231503  -2798.7602408218559    0
 581    260.98677501138388  -2692.7188597355221    0
 582    246.52329006656066  -2678.2921473728265    0
 583    216.51849183342017  -2739.5467169028771    0
 584    263.19352989235807  -2757.6930248776785    0
 585    242.68262445405716  -2798.2371677345709    0
 586    257.81574716015007  -2780.4326642656829    0
 587    234.0334262985823  -2775.5521627296548    0
 588    287.24781087148301  -2820.7822817766769    0
 589    223.19364204637952  -2758.5623878661199    0
 590    204.27449820529401  -2754.5242153828799    0
 591    196.47384110408407  -2777.7703167472    0
 592    215.19216217053156  -2775.6203538576829    0
 593    277.3860465980087  -2797.0666436016195    0
 594    181.13945776714132  -2772.0206191821726    0
 595    260.71750104445152  -2817.9062350855438    0
 596    313.61080147420739  -2795.9114122334681    0
 597    260.12522377767374  -2800.3465390172291    0
 598    215.07114835661798  -2841.6573279638574    0
 599    295.15041583920038  -2785.5764852222555    0
 600    296.72436683845831  -2804.4196308421469    0
 601    319.44627916069868  -2828.5047381194158    0
 602    234.70584741947809  -2823.6539641962968    0
 603    266.82392457385583  -2885.3805165261228    0
 604    215.23546156333953  -2803.5832922436798    0
 605    270.54772305933807  -2851.0300562718239    0
 606    230.40712972823493  -2808.34475045405    0
 607    227.06758251609634  -2791.1994153320124    0
 608    200.53401542318483  -2794.5439972399881    0
 609    215.68906083106583  -2822.6226222244445    0
 610    190.42842804514851  -2831.3299834710128    0
 611    272.56620137750457  -2832.4104506426106    0
 612    250.98596876285009  -2839.4902328488288    0
 613    198.50578945921876  -2813.7678783255647    0
 614    181.27037340173663  -2815.9480023882325    0
 615    172.59667397273617  -2841.9059491732551    0
 616    154.8698387772094  -2837.5824159017616    0
 617    193.92637765118621  -2857.5786231545221    0
 618    248.52067686960248  -2866.0192620166263    0
 619    183.03112194822384  -2872.2485580966995    0
 620    218.38916094071129  -2896.6075334662291    0
 621    205.46364142924205  -2877.5281480943599    0
 622    265.91756673999834  -2867.9051905215688    0
 623    311.87674270619937  -2874.2826848550408    0
 624    289.69338061821156  -2865.3559653579696    0
 625    292.76710049329955  -2842.833392499454    0
 626    233.67339189211728  -2851.2604702354561    0
 627    216.70237097129288  -2861.3162580664384    0
 628    242.40658864480866  -2890.1313977972627    0
 629    125  -3000    6
 630    72.711765962430022  -2857.9018881617608    0
 631    50.60495361781139  -2850.2280580200295    0
 632    51.870067512192804  -2891.3868176593355    0
 633    41.035369080483044  -2872.5697025816066    0
 634    91.469652673375293  -2899.1292998490667    0
 635    236.66650694144792  -2920.0307958618341    0
 636    292.16233995168369  -2891.2472368887916    0
 637    302.37094643320171  -2828.7133133724265    0
 638    231.0231893663973  -2874.413682274409    0
 639    258.70211040700019  -2908.7604985036864    0
 640    233.22933688344656  -2903.8702394783832    0
 641    281.60549352144994  -2879.1905703809693    0
 642    251.94019925369594  -2948.845318679435    0
 643    276.37114998727105  -2901.7977448328534    0
 644    271.12928726385223  -2945.322967001805    0
 645    312.5  -3000    6
 646    276.91859349021644  -2923.9623639437873    0
 647    255.49226621159107  -2929.6617090001005    0
 648    23.369877186702077  -2877.7912007748673    0
 649    375  -3000    6
 650    297.98797169337496  -2917.0593691694912    0
 651    0  -2937.5    8
 652    74.434878086607853  -2887.9608719472099    0
 653    324.63050826713868  -2936.7172720354956    0
 654    291.68470732340074  -2933.426056401539    0
 655    337.82962559234886  -2906.3521406837472    0
 656    73.607759261453467  -2907.7979025660511    0
 657    317.94341373235653  -2917.8969638930917    0
 658    52.48824613285327  -2831.5530275213205    0
 659    10.043788964155326  -2890.1364482779363    0
 660    332.41414580804212  -2509.2783518647652    0
 661    341.22029636028384  -2527.5565517322616    0
 662    386.90687292927129  -2519.1215995526914    0
 663    375.589884417951  -2535.9516024322611    0
 664    367.58107358880949  -2518.3463034190177    0
 665    378.13460741116421  -2496.5331224579218    0
 666    399.38006007868302  -2501.2800214006365    0
 667    418.54486027514952  -2527.9591239881424    0
 668    399.5265355161963  -2484.3915519568282    0
 669    404.27770450829354  -2517.984843548757    0
 670    396.83054080774104  -2537.475020437405    0
 671    408.11030584260112  -2553.0794483290033    0
 672    322.4070845747051  -2750.1912749568992    0
 673    326.57446782506787  -2774.6992997374573    0
 674    309.77834403957064  -2777.0059475995481    0
 675    351.12951216318919  -2804.2733736562095    0
 676    333.79889966105611  -2793.681864763545    0
 677    325.45131846603664  -2810.6105495673719    0
 678    356.38868080569438  -2776.1933605058784    0
 679    383.99579091768408  -2768.0575676673338    0
 680    309.64286440312088  -2814.220043396348    0
 681    422.55101995954072  -2743.5311422123864    0
 682    454.35071570035495  -2706.2706736678219    0
 683    433.89103950011901  -2721.0093531856201    0
 684    415.71864440963014  -2705.6721697938592    0
 685    458.60643622313125  -2733.7483167958299    0
 686    407.33733095630885  -2690.3648421325274    0
 687    432.29079226820244  -2795.3024347492733    0
 688    443.05999598053825  -2624.1237570848593    0
 689    343.36886433862384  -2489.9860704792895    0
 690    360.37318904863093  -2495.2697319839094    0
 691    350.94312114085068  -2316.5981436373827    0
 692    346.15300882323271  -2394.8066032460383    0
 693    298.274489484112  -2378.5118641995309    0
 694    311.15147679631895  -2336.1071524201766    0
 695    299.33667742045355  -2355.6768920831441    0
 696    328.40378724019854  -2368.4711634879832    0
 697    315.2704625183132  -2379.2868703867002    0
 698    283.33073782144021  -2332.6623262112748    0
 699    317.68651615951666  -2353.4038708335665    0
 700    345.41200872606288  -2345.0281115714151    0
 701    282.80691177300451  -2350.0997396599951    0
 702    271.54186517269829  -2382.4876237396547    0
 703    275.87502484675252  -2411.5716148421502    0
 704    406.77779938974237  -2441.1576233786213    0
 705    429.16854337017253  -2448.2107925908285    0
 706    455.31563148367809  -2441.8546351946056    0
 707    438.04173955656177  -2427.7538991895071    0
 708    484.66407820086829  -2388.270840302916    0
 709    440.01410464887704  -2382.8151083099674    0
 710    465.01708180640298  -2412.3390940655368    0
 711    433.27930802170278  -2405.0321968780863    0
 712    454.49259369691498  -2425.2319579646824    0
 713    460.19257035786694  -2458.887635864729    0
 714    474.92975562661593  -2505.1399979917846    0
 715    471.85355213145107  -2480.6461519900568    0
 716    477.43336905232195  -2432.7723513968085    0
 717    451.5095284789287  -2398.4291072190272    0
 718    463.29581111952035  -2377.7131342193738    0
 719    393.22714976721522  -2380.7616272354167    0
 720    446.19315653732531  -2496.308958008226    0
 721    539.37461805203736  -2484.6062169370234    0
 722    488.92381471727151  -2411.8011589881758    0
 723    502.42091478021274  -2325.4288915689326    0
 724    410.14851388830454  -2398.0204233130739    0
 725    462.54967376431927  -2494.2547287353364    0
 726    505.98159366832738  -2476.3599814698591    0
 727    438.01310744678653  -2318.0126178346918    0
 728    487.71053276311972  -2355.2019662617299    0
 729    550.18130402959412  -2388.5608706711723    0
 730    416.9434238330914  -2374.4336999751081    0
 731    385.65036186021445  -2405.1149418024197    0
 732    488.0936437237138  -2471.9426443166512    0
 733    492.41628081151759  -2492.865361173474    0
 734    516.7391574183622  -2546.1089104581038    0
 735    517.86908918725385  -2499.9571503217016    0
 736    514.65770104526155  -2439.5346534684359    0
 737    498.76880384886624  -2453.6018609153339    0
 738    496.29189874663763  -2434.7973482735083    0
 739    445.07254630904589  -2350.2267726932191    0
 740    479.83048649464604  -2371.1507843047525    0
 741    466.18464369827859  -2354.4874908260658    0
 742    477.71438726062547  -2331.7424215515239    0
 743    517.39577523146886  -2394.4960947579775    0
 744    504.46781940628642  -2373.4025724997946    0
 745    393.58848066168025  -2334.5090827720846    0
 746    399.17559247011405  -2417.0420570703545    0
 747    369.36447177170493  -2386.6927858968425    0
 748    522.04112101149042  -2483.0625611493342    0
 749    532.93515572841284  -2458.8245008246022    0
 750    551.16432499903681  -2523.8620284061121    0
 751    448.85806446458759  -2367.5011298286472    0
 752    492.77598993752929  -2339.1841094340493    0
 753    520.93468291558906  -2348.6694685066632    0
 754    475.83824993996615  -2272.9022131694733    0
 755    499.83324806083482  -2397.6754710898394    0
 756    510.73379140318281  -2417.3696729045464    0
 757    544.90637023235706  -2422.7498537367455    0
 758    526.89451970829111  -2425.9385266859204    0
 759    399.77225098562934  -2357.6850748039615    0
 760    363.63026403996724  -2407.5465547834319    0
 761    351.27618449961551  -2372.2048349526585    0
 762    515.12965327060874  -2460.9386190421787    0
 763    538.58638278294268  -2506.241256260897    0
 764    522.14532389535395  -2523.1515573178667    0
 765    570.75102814560876  -2496.5812408723832    0
 766    497.04644279698783  -2518.0545447540167    0
 767    553.02414029850138  -2495.9353923484582    0
 768    562.83599703195841  -2470.2268140349515    0
 769    505.11939365695611  -2355.9881537777374    0
 770    529.77277095732506  -2372.4019366640769    0
 771    483.30311157108912  -2302.1142086502573    0
 772    422.09616712884315  -2351.9744561287253    0
 773    372.30224937091651  -2352.601597466959    0
 774    536.28538175142398  -2538.5965807136167    0
 775    546.74942565876233  -2595.0075152694349    0
 776    573.14289089338638  -2560.9356235272789    0
 777    536.28226172131929  -2567.7731497116215    0
 778    557.51136399806455  -2545.1509158079566    0
 779    554.58727539526501  -2563.6788980975975    0
 780    590.54806687084624  -2528.0670838579522    0
 781    570.45728881551236  -2529.7006436111051    0
 782    581.76923660098544  -2544.460980425858    0
 783    621.83642710243089  -2575.9364598276593    0
 784    610.40536358038628  -2549.2479964485692    0
 785    579.2288572644145  -2513.2174355669117    0
 786    619.80550325139416  -2482.0612630977757    0
 787    596.6257729832123  -2493.8736875038385    0
 788    465.80705424874958  -2546.1581325813117    0
 789    546.09017066899139  -2469.233837275001    0
 790    555.88639096195402  -2445.7272928436228    0
 791    533.31246168225607  -2388.898680190684    0
 792    532.99270063193831  -2407.9192205703548    0
 793    568.48814046562575  -2344.4722345182972    0
 794    487.42195510723928  -2318.2323424763995    0
 795    431.82776075854332  -2366.0278501255516    0
 796    432.44437445950484  -2336.1135383081396    0
 797    413.63138142120374  -2320.4186685431746    0
 798    368.34290478835288  -2369.4325788875699    0
 799    622.56254126982162  -2516.1206582399859    0
 800    594.46849353214839  -2460.9912092535055    0
 801    581.9741095656733  -2478.8448352489936    0
 802    476.93063472094985  -2527.1085481051787    0
 803    449.42591764332565  -2523.8202570540479    0
 804    491.27515820140462  -2548.2571887693562    0
 805    537.92489196258737  -2440.9101928210898    0
 806    545.2887391295834  -2353.1118058500069    0
 807    411.03660230064241  -2338.0279394675035    0
 808    420.460384559506  -2264.8812112559513    0
 809    383.48602204647955  -2298.8386341049604    0
 810    384.95047732420755  -2365.9476956073254    0
 811    614.17337985651955  -2499.658457759213    0
 812    600.32229730642189  -2512.1675655060258    0
 813    575.11892230662431  -2453.5071699891114    0
 814    604.95465343268154  -2405.1241756546701    0
 815    576.83405008628245  -2421.605043605583    0
 816    592.0758381748708  -2438.4216430152383    0
 817    602.61081448635355  -2476.9690303160955    0
 818    502.96569362447752  -2534.838353368948    0
 819    475.54575387073322  -2583.5506349938687    0
 820    547.5988649872836  -2370.8551301516532    0
 821    580.13039967581346  -2375.1515002473348    0
 822    542.55722152711269  -2310.3091289009603    0
 823    423.27627419700622  -2293.416041971594    0
 824    394.78120969210289  -2314.905466588631    0
 825    403.47174965111964  -2296.7921598818643    0
 826    372.95837292711286  -2318.2434519239973    0
 827    390.57417052587817  -2269.4481453770672    0
 828    360.7668263157741  -2333.2623959288062    0
 829    561.11895376632094  -2429.1146743593927    0
 830    560.46118159762625  -2407.5401973310045    0
 831    582.2928459960101  -2398.6882265369072    0
 832    628.37698720430956  -2445.9848774796683    0
 833    614.64633997818305  -2460.772129086075    0
 834    610.1048454291946  -2442.7867449004116    0
 835    623.1916519301277  -2421.813763454491    0
 836    595.03287509872257  -2420.4259958149573    0
 837    477.2272997717032  -2563.148234119139    0
 838    451.24167320348459  -2568.2817794512575    0
 839    505.50074484094785  -2575.7489998954861    0
 840    536.52417186599087  -2332.1826335340697    0
 841    424.8334869121004  -2309.1960642500612    0
 842    567.96785466672782  -2388.136639990134    0
 843    690.89788934439366  -2419.9307590742619    0
 844    444.11578991916508  -2547.7338903124346    0
 845    427.57652934902552  -2542.7005744701924    0
 846    431.52865854783641  -2585.5984190833788    0
 847    504.9701134069287  -2558.5971668818183    0
 848    557.20092023252562  -2326.1168430229573    0
 849    612.29136443683205  -2304.8883604921762    0
 850    586.716223508192  -2320.6151973851634    0
 851    521.93153400901986  -2316.3890027809502    0
 852    520.1020402943501  -2272.1567543858837    0
 853    526.55374600026994  -2294.0438639667195    0
 854    657.21952036201151  -2427.1556488530018    0
 855    415.5217831688654  -2597.1375269660475    0
 856    423.08449620562476  -2616.9639824230608    0
 857    426.54399399618728  -2638.7574455230233    0
 858    438.86152660077653  -2604.3919966935691    0
 859    418.10431046506631  -2655.739682527967    0
 860    448.7009313827495  -2672.0578654849051    0
 861    438.10104277046867  -2655.0892250186635    0
 862    463.20885583260309  -2609.5239888913834    0
 863    468.7479828612399  -2647.7399059860131    0
 864    567.03943652806663  -2270.2153728258609    0
 865    503.23845359220468  -2289.022112205053    0
 866    505.86786062191749  -2307.2937261901934    0
 867    639.17871723945984  -2431.025872323401    0
 868    647.70395476964723  -2376.7200159849917    0
 869    481.04895900690877  -2602.0811476681811    0
 870    510.85262154669374  -2605.2376260463179    0
 871    454.68555853248643  -2589.6398263906153    0
 872    467.45994244870354  -2628.4172111382109    0
 873    543.8137590623686  -2277.0616507811969    0
 874    497.87355545341586  -2266.7941906663682    0
 875    486.76947952071305  -2285.6686228978874    0
 876    629.85325898219412  -2396.2257770714127    0
 877    644.31799764464006  -2410.999158589656    0
 878    669.83457392123387  -2403.852683483256    0
 879    561.54033620149687  -2294.3790831417432    0
 880    541.75364684040471  -2227.2536657671099    0
 881    614.19480921821719  -2363.9750359554373    0
 882    673.49130718858453  -2420.8983154609755    0
 883    684.80105861556535  -2467.3054129055317    0
 884    683.45293204725499  -2443.0522776981575    0
 885    723.67829808482657  -2355.1501223141454    0
 886    653.48345901415962  -2394.5976893657134    0
 887    589.32596947730065  -2287.9948601363276    0
 888    515.54656352035715  -2242.2885838711109    0
 889    549.01862822334522  -2251.8997750100107    0
 890    611.82127315694675  -2385.0540731317947    0
 891    628.69274661274005  -2376.2806795153379    0
 892    638.81866961584808  -2349.6575677515771    0
 893    598.24157325699127  -2372.8518247027027    0
 894    594.37144073649733  -2347.1226221890033    0
 895    749.4615185973081  -2451.5471825955788    0
 896    701.27621261551371  -2384.4982983259983    0
 897    573.89271104383567  -2284.4826082767395    0
 898    476.59222084770232  -2232.8209373457385    0
 899    511.71911473478991  -2258.1538288843899    0
 900    594.60777958374388  -2225.0675615748787    0
 901    533.42910912540026  -2243.1013168233239    0
 902    580.22460468969223  -2357.567098568682    0
 903    617.04278215477166  -2340.5397396068224    0
 904    582.41073065917203  -2336.2177105061714    0
 905    717.24558370752777  -2441.1738907957078    0
 906    689.27588048250959  -2400.2195069662625    0
 907    675.02815230805743  -2376.9032553453826    0
 908    482.17843013931088  -2252.973749215716    0
 909    495.88231063850469  -2238.3245019176911    0
 910    449.80842369812729  -2251.095840080694    0
 911    512.50385635218993  -2206.6269017897866    0
 912    466.31331462846669  -2246.5208072928672    0
 913    451.34640686646082  -2224.585225622865    0
 914    491.82437238014069  -2215.9898134460614    0
 915    508.81983725681744  -2224.9018728837827    0
 916    568.45436805419286  -2232.776853373839    0
 917    638.64127844234474  -2319.5189011959164    0
 918    601.86510708069557  -2330.5993798440995    0
 919    699.9881761691903  -2435.6171337213927    0
 920    702.80350163105368  -2456.4498985277328    0
 921    723.04550375667918  -2510.3736964132927    0
 922    727.30408368118583  -2465.1481360354674    0
 923    424.97274723357202  -2236.3551071347579    0
 924    476.94175180507943  -2155.6007464102886    0
 925    567.74690229112969  -2251.4961130998499    0
 926    632.31575821942556  -2334.6259874800876    0
 927    732.55226070492972  -2448.849073736933    0
 928    748.27521411687792  -2404.6469739038262    0
 929    735.01893585704761  -2424.8290603815781    0
 930    713.52274696614404  -2417.2967143049791    0
 931    758.35546963881404  -2490.885312233484    0
 932    441.20615814982193  -2237.2968700197166    0
 933    489.98738938640946  -2184.4141180592119    0
 934    761.49923746574086  -2427.7775901406749    0
 935    747.21139115421511  -2472.7303942849758    0
 936    729.91883834588111  -2488.2076302737032    0
 937    779.44348473939328  -2465.4430457264521    0
 938    705.62954678177914  -2481.4916220970308    0
 939    762.08680642519664  -2463.5993810938949    0
 940    496.97566661967028  -2199.8488431044498    0
 941    747.23645910318487  -2435.4873893158306    0
 942    817.19784137809165  -2380.5886295019623    0
 943    742.7447679290625  -2504.3334286644345    0
 944    749.1667646609892  -2560.4205999501887    0
 945    740.75067073223875  -2532.972999198817    0
 946    770.39715388784873  -2520.647997934148    0
 947    669.59963495101624  -2512.0079750631671    0
 948    784.96923049970849  -2399.0140747384021    0
 949    683.3895266283314  -2491.761368535861    0
 950    767.70503269742187  -2408.8842032511534    0
 951    652.99688424493115  -2477.7384742251093    0
 952    653.17503514196801  -2452.2856814378756    0
 953    635.21594625329533  -2466.1035637422601    0
 954    696.45368598730204  -2515.4787473439878    0
 955    670.95012531589737  -2478.774687016351    0
 956    670.82956323402493  -2455.9179918636191    0
 957    699.83509349180565  -2498.159447076368    0
 958    20.611159935219003  -2109.375    0
 959    0  -2109.375    8
 960    164.07569417214586  -2116.9226856502951    0
 961    125  -2000    2
 962    41.595853513999216  -2112.2849395135104    0
 963    57.91435842884259  -2130.574259348994    0
 964    105.67618324660342  -2105.7409286046172    0
 965    88.744162415190814  -2049.7750825416028    0
 966    114.66179592548377  -2091.3268570605464    0
 967    17.47178554384276  -2092.1094562073345    0
 968    50.164884295709037  -2148.8851153728424    0
 969    278.17181723530234  -2227.1100377503553    0
 970    258.71832118698808  -2186.0079807131515    0
 971    257.39972963144322  -2150.9374586269309    0
 972    189.87182675322069  -2191.0843591468324    0
 973    144.02136297268169  -2192.1153852359362    0
 974    121.10271925777531  -2197.9735633047517    0
 975    137.15589112277866  -2213.016753427104    0
 976    143.53892740864652  -2143.7139286992756    0
 977    148.64364636258674  -2167.8661806179471    0
 978    166.77315990794611  -2183.8870963394638    0
 979    162.83116951872029  -2208.5565189461804    0
 980    171.50255876659529  -2160.2669607479188    0
 981    170.35690733047539  -2224.7019815504427    0
 982    179.28746999186083  -2204.3642738967483    0
 983    201.23210145216132  -2139.0831074389625    0
 984    182.66529616313315  -2144.4795781665543    0
 985    193.06299774084181  -2163.6715428988464    0
 986    184.22875039960181  -2115.2205058837958    0
 987    181.82182240685637  -2176.2550920586964    0
 988    199.07986341593781  -2305.8202903196584    0
 989    190.88769530853486  -2329.7254896667137    0
 990    171.28718726747766  -2326.3740714247447    0
 991    184.57911191552989  -2347.6196575082577    0
 992    165.49930106849155  -2341.7263961226686    0
 993    262.77486697368329  -2363.5566922850944    0
 994    6.7644290689104789  -2859.375    0
 995    166.79042573046237  -2792.974984523406    0
 996    233.21396959417484  -2738.9151354714372    0
 997    222.71631622112878  -2721.6867962831766    0
 998    201.61076184314115  -2729.5228825915692    0
 999    314.4438270279515  -2851.1923633847032    0
1000    353.40444891203578  -2867.2117001374972    0
1001    339.80884200740741  -2844.8898456550533    0
1002    331.68563549437806  -2865.1387358282263    0
1003    340.76259490187448  -2884.8502333660558    0
1004    382.63755218142353  -2901.513179721444    0
1005    363.76671641382336  -2887.9881123174564    0
1006    377.49779019509435  -2837.2358549428218    0
1007    342.30252339462982  -2823.6989962683665    0
1008    357.67595795029962  -2836.250249644334    0
1009    324.45463847155253  -2884.6644239288257    0
1010    361.07002942360771  -2911.6779523133437    0
1011    382.30467958841905  -2865.7699701868437    0
1012    345.19020266494778  -2927.602899093924    0
1013    350.65967561914363  -2967.6865240149191    0
1014    342.12568712944204  -2948.4360285099119    0
1015    316.38814370970408  -2967.9413111513168    0
1016    378.40185025126397  -2943.8712062618833    0
1017    333.49391604441274  -2963.7794623126356    0
1018    343.75  -3000    6
1019    329.47138625860816  -2984.4807758575075    0
1020    364.24949886456301  -2930.7283040672005    0
1021    360.95009618064637  -2951.6077898903418    0
1022    384.51984498400179  -2923.0921978564184    0
1023    376.96944555609821  -2973.1925155719036    0
1024    437.5  -3000    6
1025    408.48452144839212  -2941.4383230359404    0
1026    413.80278262481721  -2909.6663048950427    0
1027    396.76490050625836  -2911.1524838621458    0
1028    403.20226409420081  -2886.5457330280256    0
1029    381.15542346367209  -2883.6538278534654    0
1030    292.66355501074401  -2958.8235333909438    0
1031    360.66882753158217  -2985.4710562806886    0
1032    470.786080831584  -2869.5497181514615    0
1033    309.85467880901024  -2949.5167315028366    0
1034    276.13710861647945  -2961.2597223995785    0
1035    287.26844895750793  -2979.4981577716662    0
1036    406.25  -3000    6
1037    438.57146508776646  -2884.3197520897734    0
1038    263.94169034201656  -2981.2189445199238    0
1039    296.875  -2993.4525217368891    0
1040    390.625  -2987.6718241633998    0
1041    416.40461485263893  -2971.0639972993827    0
1042    421.31476418853669  -2892.2317526541087    0
1043    259.14815070499037  -2964.5845984439056    0
1044    218.75  -3000    6
1045    179.94155662679714  -2945.315080083768    0
1046    187.5  -3000    6
1047    234.37377815740643  -2939.7014195476199    0
1048    204.54173461544616  -2926.2553890672016    0
1049    190.45115889222319  -2901.616457408049    0
1050    132.72487440496081  -2919.2418318956225    0
1051    123.08763097707289  -2893.7071225155837    0
1052    62.5  -3000    6
1053    64.33485308546301  -2929.413227893353    0
1054    41.064118328579895  -2915.9850695340106    0
1055    0  -2906.25    8
1056    56.36557225489031  -2908.0343202711069    0
1057    37.827068758443033  -2899.890403063353    0
1058    23.327077633156275  -2932.07720081752    0
1059    78.125  -2992.3136615398616    0
1060    70.004880004322132  -2957.4649035410102    0
1061    113.80274245185686  -2957.4501305499889    0
1062    93.75  -3000    6
1063    96.629740055758177  -2946.9690691700134    0
1064    97.767188705164003  -2964.4147184666836    0
1065    115.90249572600719  -2934.7003928242502    0
1066    76.380458320331755  -2941.5773479374197    0
1067    8.6615399018078421  -2921.875    0
1068    19.360834501642039  -2905.7307557546901    0
1069    0  -2968.75    8
1070    15.926165034774925  -2953.125    0
1071    46.875  -2987.1238696962664    0
1072    43.315755116373644  -2950.9307698024559    0
1073    18.133049612631854  -2971.3034887588537    0
1074    46.657336769875187  -2933.1700741760769    0
1075    341.83745339643241  -2768.3447081916406    0
1076    369.38663856650976  -2793.1602844880067    0
1077    370.6077010585401  -2815.7197003401088    0
1078    395.01107570708444  -2755.8606805563427    0
1079    367.10457800907596  -2761.6481434349053    0
1080    404.86321028108995  -2781.3513125544669    0
1081    411.40134688861076  -2802.434043400368    0
1082    398.60492159899314  -2823.8830501672137    0
1083    432.28052622498018  -2829.4321725221303    0
1084    426.45402034567098  -2812.365549509801    0
1085    454.33792810360825  -2812.3739368406427    0
1086    425.75265566068163  -2774.2197039033722    0
1087    399.23968230332815  -2848.2451357965301    0
1088    401.49276448116404  -2867.367314871999    0
1089    424.91314866241925  -2854.9139691939668    0
1090    413.9572597134345  -2835.672353106886    0
1091    419.63518867064323  -2873.2374191395434    0
1092    452.0828976906443  -2848.963434799989    0
1093    436.8839773774302  -2844.5690749386026    0
1094    441.82467810779144  -2735.9621385692576    0
1095    315.8440470683322  -2295.1019632633102    0
1096    343.87502094156281  -2413.7011838575008    0
1097    329.01236436982691  -2402.3246860872632    0
1098    279.36917856807207  -2310.1441972050839    0
1099    263.97712223687779  -2303.8644873125468    0
1100    294.78980580413923  -2295.7928005146914    0
1101    300.20534731568216  -2317.0722772916638    0
1102    304.73419413368299  -2277.6877916731378    0
1103    346.65822822298315  -2263.1921982622489    0
1104    318.88944772997132  -2250.7535306224286    0
1105    327.43139776568597  -2275.4584871106113    0
1106    339.52815906101711  -2295.8334878534783    0
1107    361.51171882343061  -2297.2683608316966    0
1108    373.72222794934129  -2280.9339110695596    0
1109    351.5119886302532  -2281.3518203555864    0
1110    266.20116507670286  -2335.0856648836561    0
1111    331.65851096534755  -2327.599309541165    0
1112    327.24809144896989  -2309.6489524096514    0
1113    426.63800942458016  -2507.1276736437876    0
1114    454.94908376099454  -2293.8000376637879    0
1115    356.59818399213617  -2356.8354116320734    0
1116    530.49946847270508  -2708.545184777483    0
1117    596.73152641258855  -2570.8969815714404    0
1118    594.80317047099425  -2554.5362047032631    0
1119    574.94109056016487  -2589.5872503511705    0
1120    581.17998946514126  -2574.813450267065    0
1121    609.55886990972158  -2530.1429381712805    0
1122    407.22043648860068  -2278.3102239803634    0
1123    432.41713201338098  -2689.0684632651651    0
1124    437.77135374075476  -2704.8258450995108    0
1125    449.83560638865288  -2689.4433861666398    0
1126    493.03852982629752  -2686.8705405115697    0
1127    471.7014082198134  -2692.5957316003646    0
1128    490.85335246437302  -2721.3497199069575    0
1129    477.00048228159335  -2669.7216831996229    0
1130    486.12868992744217  -2703.7414518969349    0
1131    508.19328507165994  -2707.2590609596004    0
1132    514.23928463022207  -2650.9690317168174    0
1133    462.17844379799845  -2662.7462565727624    0
1134    491.31961986836757  -2651.8059428623565    0
1135    503.41481164582467  -2668.7874519684892    0
1136    520.59849803347959  -2686.1856706059402    0
1137    502.13308043489548  -2633.6859363226645    0
1138    482.23525106399046  -2637.5520998201096    0
1139    585.78235870595586  -2670.6936107086494    0
1140    554.62814844689876  -2684.488942416926    0
1141    537.9394847525183  -2691.8788152308234    0
1142    450.99273299278008  -2641.2739510834231    0
1143    497.13292055951314  -2592.4976401879117    0
1144    525.24476938145108  -2587.6439021529013    0
1145    569.7786265362472  -2311.6710198538603    0
1146    594.63504406922721  -2304.8341686925601    0
1147    627.94558538639399  -2259.5510881260343    0
1148    695.13074236818102  -2356.5832488967753    0
1149    661.49756233992605  -2357.2013704311648    0
1150    678.3732665184674  -2360.1088249014083    0
1151    678.69546860678622  -2320.0523780655499    0
1152    673.14301911389305  -2340.0372350876487    0
1153    653.11062554837292  -2334.4552214453097    0
1154    566.13456649758962  -2176.6902771499585    0
1155    402.50011675895684  -2247.4202479031915    0
1156    383.92850445228856  -2181.3495827103807    0
1157    371.65833636086143  -2244.9647623314377    0
1158    373.76269868011411  -2262.8878019819144    0
1159    399.3459110829113  -2212.6614014515635    0
1160    407.60469575947593  -2229.434492737968    0
1161    386.30579738529082  -2229.5019196471262    0
1162    373.35700561517922  -2206.0063524973993    0
1163    389.20128578570319  -2198.2048986062141    0
1164    433.21737677129607  -2178.1049612468159    0
1165    413.07467931376908  -2192.2397848876089    0
1166    424.26213857306465  -2212.8846230546642    0
1167    329.81553369484675  -2172.7434770740283    0
1168    407.45989075274048  -2162.8189906879902    0
1169    355.78554128710135  -2183.8780217622698    0
1170    416.89507570123357  -2176.2645122383847    0
1171    370.53889884454031  -2190.203469240148    0
1172    467.60808001846323  -2201.5573646901948    0
1173    467.2728626690465  -2218.5763575785604    0
1174    752.49372287077995  -2519.4014296044379    0
1175    761.70640389200571  -2541.5615565568555    0
1176    806.24018549419372  -2584.7710965513506    0
1177    800.99314897195381  -2545.6248652598583    0
1178    781.95778238998105  -2537.7146088072082    0
1179    780.40530019476057  -2568.3091588290745    0
1180    804.69154254010527  -2509.8663600766545    0
1181    789.15763938467353  -2520.3887587475892    0
1182    783.56168071247941  -2495.4002937773189    0
1183    766.3335757288346  -2558.2366388403375    0
1184    769.03498649823393  -2503.881801991563    0
1185    773.02854502793639  -2481.586588100341    0
1186    650.77406993326463  -2547.749761025138    0
1187    631.00284492523315  -2536.9885084044877    0
1188    632.44568020610097  -2557.8807163174247    0
1189    650.47187912100458  -2524.7618920179025    0
1190    660.10664480791888  -2586.2786184489132    0
1191    650.16465061818155  -2568.2920871774309    0
1192    687.97487340497389  -2559.1335821300595    0
1193    667.81569972810644  -2558.5355296152802    0
1194    678.58308006288541  -2535.6503902617942    0
1195    648.49473581589893  -2501.0762246387326    0
1196    662.24338352644315  -2536.1030685241089    0
1197    664.93536303272697  -2495.1743508123591    0
1198    637.30165247015873  -2486.8138007064945    0
1199    638.56401343894993  -2513.8305382009894    0
1200    629.88178340310822  -2500.6983559090318    0
1201    714.10499124315913  -2535.6131466885658    0
1202    726.58950734077825  -2525.8322944111674    0
1203    696.34167617648257  -2533.381363672132    0
1204    729.13750610621128  -2551.5479632160027    0
1205    708.64489584737169  -2555.8221277629236    0
1206    706.00717369039694  -2605.5241572848649    0
1207    727.31298536471638  -2582.7102035272878    0
1208    734.06374000372693  -2567.4709218847024    0
1209    169.5667902332263  -2061.7821066056058    0
1210    59.414520511531151  -2087.1722595742986    0
1211    67.756279987513551  -2116.8128843339605    0
1212    127.16357974809874  -2102.8252088965728    0
1213    112.37789132327782  -2074.4956220060271    0
1214    86.799929935302899  -2111.5635615290057    0
1215    90.187118424429215  -2086.0773600404013    0
1216    148.73684042090235  -2105.0170240739126    0
1217    56.50444514627619  -2103.9853647785203    0
1218    262.35247270991186  -2220.2883048728609    0
1219    280.2503964647716  -2246.2889535331319    0
1220    301.21137610235974  -2234.3151427811049    0
1221    302.4102354697078  -2250.7506890455497    0
1222    334.8015223881435  -2215.9166471807412    0
1223    298.40944969875108  -2202.835760265335    0
1224    321.06127790352616  -2230.6930977989305    0
1225    344.41300294950662  -2238.6306944935341    0
1226    315.69033736446835  -2211.9222204772827    0
1227    329.2668825961909  -2194.6813360727961    0
1228    309.73112902242804  -2183.2169698183507    0
1229    293.3061664837245  -2219.1543834562644    0
1230    278.18569396256487  -2205.4685147271671    0
1231    335.0600283357727  -2251.8690446369701    0
1232    356.14229920736494  -2249.9418642888568    0
1233    356.44117186242306  -2220.1503788602431    0
1234    348.72936453333125  -2202.1476675391295    0
1235    300.10497788623923  -2140.2633719599498    0
1236    292.39964970251145  -2186.2914320158743    0
1237    297.28628662842243  -2163.4504942279436    0
1238    317.53608776338706  -2154.1472314161974    0
1239    359.24358149094809  -2139.9592954992422    0
1240    329.57676433488064  -2121.1459661533354    0
1241    340.24433897223884  -2152.504847732735    0
1242    318.03778302660726  -2135.6330942958175    0
1243    302.14916149738764  -2111.1388681749054    0
1244    279.7402087157941  -2149.5526589366273    0
1245    266.45078880120928  -2116.0570782981922    0
1246    269.43235054565218  -2164.1575496203814    0
1247    267.6234928949907  -2134.9758948336807    0
1248    285.78192514793392  -2124.3545700557661    0
1249    238.08538345535345  -2127.3110937683982    0
1250    346.90299409620565  -2168.7422549562903    0
1251    341.9510836400662  -2134.4303789104633    0
1252    480.45199634070588  -2093.9560901244367    0
1253    358.62543439661158  -2112.0857708205294    0
1254    428.63190674815263  -2074.186726948295    0
1255    427.03459751345707  -2120.0008252870311    0
1256    416.77470212624411  -2100.890545036561    0
1257    199.70967013896228  -2122.1787303116689    0
1258    391.53251734095193  -2113.0389611019104    0
1259    232.66761226566933  -2158.0295795290399    0
1260    228.27339391060755  -2173.3184884805082    0
1261    248.34063359355869  -2166.0157799332833    0
1262    241.98013049009242  -2143.8350089859746    0
1263    221.79111502957454  -2139.8726728610386    0
1264    213.24970168555981  -2111.9443124541494    0
1265    210.90979010710944  -2155.1482663305351    0
1266    206.56575473365771  -2189.569849471975    0
1267    128.45288397313516  -2178.3047857667366    0
1268    141.84281417231651  -2086.8649549340817    0
1269    145.16857021065329  -2124.1034763288508    0
1270    367.2134968181249  -2853.6403033004435    0
1271    394.7948133729812  -2959.3676779225216    0
1272    400.48522742158463  -2974.6652240808858    0
1273    421.875  -2989.2335381048106    0
1274    445.02724330864606  -2972.3547212663366    0
1275    206.18686083304317  -2908.9660268418224    0
1276    163.69792755502354  -2892.7545615858994    0
1277    167.83750698711469  -2930.8973541322248    0
1278    142.92645295506333  -2947.2259750957114    0
1279    162.05064201664962  -2958.2151350617328    0
1280    132.01520892577565  -2935.3520962937573    0
1281    122.25152554793033  -2971.2117335101975    0
1282    106.17424907975278  -2889.9782399830351    0
1283    110.02724618447851  -2912.5592629987459    0
1284    67.053046985916112  -2978.8737106330423    0
1285    31.25  -3000    6
1286    52.063781798548234  -2967.5531798758798    0
1287    58.884303927206687  -2945.1138092751157    0
1288    476.57229937599783  -2774.1523425501641    0
1289    451.16739150329727  -2777.893296802351    0
1290    449.84763115008764  -2795.4007377235512    0
1291    461.04791460474297  -2756.8590213373773    0
1292    487.45913832989834  -2748.7642628396165    0
1293    471.57213021025717  -2744.062899743597    0
1294    441.38849888566511  -2865.1364241492629    0
1295    490.37932652975803  -2832.9594259324526    0
1296    450.743985959366  -2830.5166786033219    0
1297    470.1523129797265  -2838.3799425356483    0
1298    485.08896570048825  -2853.6675699597154    0
1299    520.72178895679019  -2900.1385972450116    0
1300    531.97246091647901  -2854.6151697651462    0
1301    498.5926952593565  -2880.209940517575    0
1302    508.64160718712242  -2848.6547787942936    0
1303    499.40430078855928  -2863.0907546483545    0
1304    533.04007530168769  -2801.7938272167639    0
1305    515.35688836962072  -2822.369046233036    0
1306    523.66467464304981  -2838.4921079990913    0
1307    562.26188056672572  -2828.8059129641174    0
1308    544.09681491728929  -2838.1658897010457    0
1309    513.21267336673964  -2967.9076223369566    0
1310    545.18382281345407  -2817.9688504561773    0
1311    640.75446238824588  -2796.9193843219973    0
1312    582.9163685902771  -2777.3815044461548    0
1313    560.17211621548631  -2794.0699641796391    0
1314    562.62941477865365  -2851.8258067551014    0
1315    625  -3000    6
1316    526.20856700296883  -2877.3426402605478    0
1317    587.62003674522896  -2823.9755645216387    0
1318    562.5  -3000    6
1319    557.10564261311083  -2939.0238672705855    0
1320    593.55960871609136  -2790.1603189134394    0
1321    535.69264783015842  -2922.5950949622916    0
1322    551.92588942255202  -2895.5908513106278    0
1323    608.11876002901943  -2839.5866457499096    0
1324    532.47863939920103  -2949.3923159924329    0
1325    548.91932811635229  -2871.007673227622    0
1326    587.11076686718991  -2852.1609506951522    0
1327    518.63507490018287  -2934.2455985608467    0
1328    535.41319592531261  -2891.6163972341583    0
1329    573.17484308318774  -2872.2914983734922    0
1330    531.25  -3000    6
1331    750  -3000    6
1332    579.75749859981374  -2799.4381643477618    0
1333    565.24652828986461  -2811.1955162909462    0
1334    494.05077378149088  -2968.6819952372789    0
1335    460.92949844212308  -2316.0125537903823    0
1336    451.01801014900997  -2332.2006146425797    0
1337    454.25946976476916  -2272.2215414134671    0
1338    438.2249864745508  -2264.5681476814416    0
1339    439.23520334683695  -2283.5019603789756    0
1340    558.74302724828556  -2581.3633438145307    0
1341    470.96817941366601  -2717.7653543318961    0
1342    568.42783933944065  -2631.735600747375    0
1343    613.06254086326794  -2279.7834253252072    0
1344    636.09822321781405  -2293.0553503228975    0
1345    599.19348810310805  -2253.9910531442229    0
1346    630.1457493863021  -2276.7597465598328    0
1347    677.02004294861047  -2268.8724240457232    0
1348    652.29842807388229  -2265.1825018678542    0
1349    628.26563977145986  -2307.1619991769398    0
1350    658.87568398094686  -2304.2204803602258    0
1351    612.24985740155478  -2263.5954069895665    0
1352    729.72676460597131  -2406.9083533699222    0
1353    662.10259789396412  -2320.5027789083297    0
1354    683.03894377040695  -2294.2927898187945    0
1355    662.18720713422351  -2283.589474443831    0
1356    750  -2000    2
1357    719.80591744408298  -2313.7382682854732    0
1358    643.6557290553344  -2247.0853420914859    0
1359    670.16870623216084  -2242.9241560208375    0
1360    621.14656687978163  -2231.5881509086198    0
1361    698.20643101190512  -2310.0962522731661    0
1362    697.81004077558873  -2333.4152718623868    0
1363    714.51151882172769  -2279.2670425276719    0
1364    701.26027157372027  -2291.9850227898069    0
1365    710.0106889019886  -2367.9414278137388    0
1366    727.66355250638935  -2387.8364337495809    0
1367    712.86459072087268  -2398.8568995746732    0
1368    708.93130384451729  -2346.4403228580768    0
1369    698.07899912482674  -2249.4334112637061    0
1370    701.96645092570623  -2580.3948906561268    0
1371    690.60821417589216  -2372.2128632434401    0
1372    682.39926119612528  -2253.5734626949693    0
1373    450.29514176514448  -2190.0035924979061    0
1374    560.27359278323718  -2205.0239562373035    0
1375    525.08018608842542  -2151.1654083280555    0
1376    761.36141156317967  -2367.5603785224662    0
1377    431.70884754048984  -2156.9652968979926    0
1378    745.02641883574472  -2378.5525451531485    0
1379    452.88441811892534  -2157.8349404449759    0
1380    761.94745710429072  -2388.6192317260202    0
1381    466.93024761554472  -2177.4935670710529    0
1382    800.26355357439525  -2565.6474216116408    0
1383    433.01780822890976  -2196.5963256265759    0
1384    439.93870642757042  -2137.4350513306717    0
1385    826.82166939621641  -2556.5905932079763    0
1386    854.76835078897579  -2559.1090562055783    0
1387    715.61191552246646  -2570.909564620074    0
1388    680.47009531717549  -2579.3067255066821    0
1389    678.49857901597875  -2606.7729862309247    0
1390    691.74349728466416  -2594.9282181811618    0
1391    765.31908120006756  -2639.5595240222324    0
1392    758.0603735966987  -2590.9983539711634    0
1393    75.171749839812833  -2097.0499591774105    0
1394    62.5  -2000    2
1395    96.356667845108291  -2070.8485180249299    0
1396    381.86558086080402  -2154.523783388935    0
1397    366.69056073565201  -2167.3040421425508    0
1398    391.88380453202831  -2167.2455944874182    0
1399    405.13178341218509  -2126.3698375983549    0
1400    419.81641977239161  -2140.4548267221157    0
1401    399.0756654835393  -2145.0555862987558    0
1402    380.90790273220637  -2128.8430703857416    0
1403    437.7174447288682  -2101.9561382048914    0
1404    375  -2000    2
1405    389.59825832624608  -2094.0940159211059    0
1406    241.3781500945046  -2094.236331886671    0
1407    468.75  -2000    2
1408    269.50736332967438  -2069.0403484374351    0
1409    456.16034404001408  -2111.9357885754753    0
1410    468.75  -3000    6
1411    431.64447413503501  -2951.1182795655886    0
1412    480.24581144536455  -2935.3257094143742    0
1413    427.57741699476469  -2928.3031324300882    0
1414    438.87730026481569  -2907.7619199832666    0
1415    457.94572960506508  -2949.3787627472616    0
1416    463.29174989472284  -2895.7203210936605    0
1417    472.56985572915721  -2972.7210991079596    0
1418    457.72229111355  -2924.3042350036758    0
1419    458.89836613244569  -2965.0341531700951    0
1420    476.45706976035137  -2954.0335107124533    0
1421    505.77119196806848  -2950.2327134631564    0
1422    477.09278124698557  -2913.2439457307951    0
1423    503.14238579979866  -2920.7903426573107    0
1424    483.57014107207954  -2893.9461579481203    0
1425    610.02222845349729  -2792.518031988986    0
1426    454.59593041141875  -2908.8605263072227    0
1427    444.06403551895511  -2936.9642027779305    0
1428    179.89809983587853  -2888.6614572222297    0
1429    159.08523440581487  -2876.5163783291623    0
1430    143.42721503905551  -2894.6989339188185    0
1431    155.40651350167226  -2912.9504435915478    0
1432    174.72787536147555  -2912.8460732649805    0
1433    149.60466642398276  -2930.2477561857004    0
1434    186.05480655773763  -2927.5103892811858    0
1435    244.65046351799543  -2981.4637165230715    0
1436    183.38253076403052  -2963.8228767187156    0
1437    230.77655525668712  -2968.057523354757    0
1438    143.3998325131478  -2968.5374422659493    0
1439    156.25  -3000    6
1440    184.76376271199214  -2981.9885477629832    0
1441    206.61028729923751  -2971.1920943688197    0
1442    161.6215981782733  -2979.4506341940701    0
1443    216.38470801726606  -2951.8255683773336    0
1444    197.62156956991501  -2951.6017793953392    0
1445    220.34601477901009  -2982.3656327869412    0
1446    518.33810495451326  -2738.6700182409322    0
1447    518.57681445194896  -2721.2492034645034    0
1448    511.57965353484167  -2774.1358190488227    0
1449    491.8160192096438  -2801.5977280527663    0
1450    470.76565121849433  -2798.9473882575776    0
1451    473.21430597895562  -2818.7065220039681    0
1452    609.82462832973295  -2816.0828362712309    0
1453    538.41958373484442  -2974.8553048891008    0
1454    564.15222697943705  -2609.4974569076985    0
1455    536.0488586298568  -2625.5547599938263    0
1456    520.13144330780608  -2633.9602463916658    0
1457    597.39968086320016  -2614.6352385185746    0
1458    547.10253007325139  -2612.2790096287986    0
1459    605.42547714279385  -2592.6384029282012    0
1460    581.69411544766797  -2606.1247691648141    0
1461    529.54367458457034  -2605.8439717355759    0
1462    635.87764618543929  -2616.211793465824    0
1463    626.47265379768771  -2596.9053957858805    0
1464    616.71322959120812  -2613.6036298277795    0
1465    645.77176068713663  -2599.4479458784967    0
1466    608.77132284608319  -2646.2248047607177    0
1467    623.88398013000528  -2632.6267613282303    0
1468    606.9739717322102  -2629.0302465692957    0
1469    588.3525745711728  -2639.6679633460421    0
1470    652.95886132603732  -2680.1371488321738    0
1471    571.15993696007752  -2653.8629809980885    0
1472    594.43720366704349  -2655.7913082136306    0
1473    618.74404439964849  -2679.8724472611875    0
1474    657.57977188066536  -2644.6576393475898    0
1475    549.04748063853685  -2645.3608779181004    0
1476    536.51739440206484  -2666.9540298048287    0
1477    567.60490480586157  -2671.7188688484821    0
1478    632.56688923518755  -2657.4738232528448    0
1479    642.51431192666053  -2633.6499969827414    0
1480    662.21548725173693  -2622.4996410019135    0
1481    531.91508629664281  -2649.8513412240522    0
1482    553.15828359580905  -2662.1783556170062    0
1483    615.63828548784829  -2662.4912401925458    0
1484    635.89025489544713  -2674.9893217993022    0
1485    635.6451346417108  -2706.6730952476073    0
1486    694.50265617694049  -2640.8184211004977    0
1487    661.58765387984067  -2605.5566581405442    0
1488    681.48196925735056  -2626.1548697498142    0
1489    585.20437345487551  -2241.3837045294044    0
1490    586.45999099278833  -2268.7295613089736    0
1491    620.41167637393266  -2177.3124501602392    0
1492    605.45833677748396  -2238.1725164217482    0
1493    697.04843833216614  -2269.4434239314214    0
1494    501.77869184979636  -2161.7154700370593    0
1495    486.9551677991206  -2168.4270178836464    0
1496    514.07547968932499  -2182.5152490455507    0
1497    499.31046568563823  -2125.256434416081    0
1498    536.06088225838641  -2196.055327538018    0
1499    507.35536217118101  -2143.0248716327333    0
1500    488.62794312310461  -2140.7985243109565    0
1501    476.90176888558278  -2121.2965431607781    0
1502    529.66728392657637  -2213.3405170438382    0
1503    552.56864202452834  -2188.6571192942401    0
1504    544.45310869651803  -2165.7843749441631    0
1505    459.57914359964815  -2132.0201140082017    0
1506    693.1052451556136  -2080.9565808270636    0
1507    526.59519475634568  -2169.3036269135359    0
1508    554.81660223151619  -2131.9048724553704    0
1509    543.45923911188572  -2146.9555475493389    0
1510    566.74156492043824  -2152.714064627708    0
1511    593.40627958783091  -2165.3849168928696    0
1512    576.66785753600959  -2133.204211832056    0
1513    584.60179916431184  -2149.5209647122888    0
1514    620.85353553709103  -2139.7764966065415    0
1515    599.39265357458419  -2132.2416871040996    0
1516    577.2576526254461  -2164.9760870542013    0
1517    605.07729314436483  -2150.3807025062301    0
1518    565.38782402763047  -2090.5778167924773    0
1519    706.88589514600994  -2112.8894300995089    0
1520    625  -2000    2
1521    558.11534718335099  -2071.9802701994317    0
1522    677.57271195330918  -2141.6805047473404    0
1523    578.55436760374391  -2116.3699267747802    0
1524    715.26883656548648  -2059.7872945599765    0
1525    649.38982269610085  -2135.4647527160237    0
1526    556.95117805864345  -2221.0854909224336    0
1527    577.44068618349047  -2215.0457589060911    0
1528    599.54924626986826  -2196.8886558689182    0
1529    838.21176865481084  -2586.5153343811694    0
1530    844.22907324671155  -2519.7429837716277    0
1531    735.88843255533618  -2612.0744215213363    0
1532    782.81532846181096  -2593.0301575973517    0
1533    768.61330548179865  -2614.2440333545201    0
1534    752.62718834847988  -2607.4830958540197    0
1535    813.64204910032367  -2632.9755593403652    0
1536    801.99961045840519  -2610.0927575805295    0
1537    785.02032248993658  -2609.8671736442766    0
1538    828.41009440201549  -2611.0586383485625    0
1539    821.76056159189625  -2594.1742022112967    0
1540    822.66934439500039  -2575.164005740799    0
1541    880.06716364350359  -2661.8001285890823    0
1542    849.52963230130752  -2641.2233492854539    0
1543    833.17131070083121  -2630.200795773223    0
1544    861.7929405389043  -2610.1616315535052    0
1545    845.27394879725671  -2617.027308693036    0
1546    196.48592639428119  -2093.6223852173257    0
1547    218.98763172620139  -2089.864323026547    0
1548    186.85939851135632  -2074.4616294505254    0
1549    232.89197211337645  -2078.1762173213879    0
1550    187.5  -2000    2
1551    236.37302602459729  -2060.34857697712    0
1552    210.58846135624395  -2066.1747869597534    0
1553    252.33854146949992  -2078.1727428511722    0
1554    261.62886574296255  -2096.2826512466199    0
1555    282.65134086768404  -2101.63151398624    0
1556    309.1718406993179  -2071.9897706950474    0
1557    300.11236364341494  -2090.5690783688374    0
1558    328.35261775402353  -2092.8409356321508    0
1559    289.1026089114232  -2073.7021947922458    0
1560    277.42109580138322  -2032.7895487012593    0
1561    296.875  -2013.9932657788795    0
1562    218.75  -2000    2
1563    281.08176435347411  -2053.4109814909471    0
1564    296.46339896474359  -2041.5093350967252    0
1565    219.9514325012542  -2047.6423079906604    0
1566    242.25088124539528  -2035.7872559269631    0
1567    191.58675798416473  -2043.4080936606813    0
1568    297.93739992217365  -2058.7843004038828    0
1569    324.17400295077857  -2047.8452723238333    0
1570    262.48397571662235  -2047.7218578302513    0
1571    248.27390152652282  -2018.3588404602806    0
1572    195.05880089783969  -2059.8232485958824    0
1573    253.03275424256208  -2061.4884978146702    0
1574    158.03258268347065  -2076.896417607767    0
1575    136.62983921459829  -2048.605094524733    0
1576    141.07364015442764  -2067.4846874579421    0
1577    38.639556869864165  -2091.309358238555    0
1578    93.75  -2000    2
1579    45.559278706166872  -2071.8270140121726    0
1580    67.754212117304945  -2065.7147608415071    0
1581    23.065739158556124  -2065.7660071461846    0
1582    122.15411923211168  -2036.9705029833203    0
1583    95.165849469040012  -2028.3087866950229    0
1584    457.2131549190542  -2087.9586095751756    0
1585    437.5  -2000    2
1586    440.74338747930949  -2085.5951172758942    0
1587    452.7094074085777  -2060.7768017060862    0
1588    395.72449934674233  -2057.884495150669    0
1589    407.37763376285869  -2080.7336310844039    0
1590    231.6440363660416  -2109.9685366943831    0
1591    453.125  -2989.4069710720423    0
1592    455.81919724021651  -2879.4220909476926    0
1593    484.375  -2988.2810666994333    0
1594    522.37277159501161  -2983.8743185323947    0
1595    546.875  -2990.8607137726258    0
1596    570.39568950982243  -2968.5748175165286    0
1597    550.82465402740866  -2958.5364373221528    0
1598    626.68976032012904  -2894.4496310918298    0
1599    577.13012315225728  -2837.883320666971    0
1600    639.8980964758905  -2830.0793290370598    0
1601    623.99918357613751  -2804.4184648564928    0
1602    611.47249764565493  -2869.0260270358403    0
1603    622.20205777222725  -2828.794979302173    0
1604    629.3936844580229  -2852.2592780276645    0
1605    603.11741304081102  -2855.0671194851311    0
1606    632.59930451440732  -2873.6465439930917    0
1607    668.70710137925357  -2857.300674862468    0
1608    648.33559604962318  -2860.3540481252762    0
1609    662.83105656332043  -2893.4754013908691    0
1610    655.98553482507509  -2841.908910418354    0
1611    660.88461820724228  -2874.5946303222263    0
1612    696.81598133646298  -2880.4311443834758    0
1613    679.63836997076862  -2872.6612865186185    0
1614    702.61323058391577  -2844.7415074401165    0
1615    687.35595656220949  -2855.5992365487641    0
1616    644.60773362984878  -2888.2986921971415    0
1617    645.46115035438208  -2919.9581526199117    0
1618    501.40271148059105  -2901.5015401744363    0
1619    140.625  -2988.0262180841537    0
1620    500.52789282196653  -2736.4649231603112    0
1621    507.28209227215291  -2754.940010980843    0
1622    494.0730652216937  -2767.9762240008058    0
1623    550.89356237914262  -2757.5814786013539    0
1624    528.9944269070869  -2757.8028153924633    0
1625    540.15892678129603  -2778.9576039854951    0
1626    524.18884885585032  -2786.5068801645548    0
1627    498.61055824824939  -2817.6227454579007    0
1628    638.82494287067277  -2582.5808417567832    0
1629    650.56558860066775  -2661.7847727011012    0
1630    680.14891359319199  -2667.259146506939    0
1631    590.87565568059983  -2716.1763062225709    0
1632    578.01255267109286  -2694.5902278711101    0
1633    601.30645706830421  -2695.3350230487054    0
1634    557.0359871618457  -2711.0328205968722    0
1635    613.95485073614088  -2714.6962701378575    0
1636    601.50723894644307  -2677.9977305360758    0
1637    541.81400895919819  -2730.6300343955177    0
1638    574.28530023019721  -2711.4368789849918    0
1639    574.88562829583418  -2740.7423982592327    0
1640    620.03050843303083  -2697.7906016077964    0
1641    639.96997107750485  -2751.6960207964912    0
1642    560.30736751912218  -2729.2842204490084    0
1643    631.85456471920668  -2729.7563933636575    0
1644    604.96949669047854  -2743.5432322155389    0
1645    677.39505726320056  -2725.3818401986391    0
1646    615.51784268033339  -2731.0059924212878    0
1647    654.04640204079828  -2721.5476952782724    0
1648    662.38147047413759  -2743.7997349505667    0
1649    669.50461582708067  -2700.4221714000946    0
1650    660.41105710812019  -2773.959914605437    0
1651    651.57896596857495  -2698.1530753559414    0
1652    719.75883082242808  -2698.2624522756496    0
1653    670.73576167353281  -2682.5275744377354    0
1654    694.36529957345965  -2693.1429332585517    0
1655    654.94946556012144  -2758.4586450122392    0
1656    703.02082291843192  -2761.5992246157207    0
1657    685.53602462190827  -2709.0812275680778    0
1658    708.34642029925055  -2730.6565729524996    0
1659    712.84288797874706  -2667.0290022428903    0
1660    685.17476431512353  -2747.0517775110275    0
1661    709.38574335762223  -2684.1769236932346    0
1662    682.08722174071056  -2769.0594518395478    0
1663    679.80200068710371  -2809.3414631311593    0
1664    682.51244463516321  -2832.6445162578566    0
1665    675.17459781117532  -2788.8731213945098    0
1666    659.8772473336719  -2819.7627320576553    0
1667    657.63230578483603  -2791.4750706259765    0
1668    706.1349813198043  -2792.6309620986649    0
1669    644.03939922680377  -2813.5952491560702    0
1670    697.02432341021688  -2777.8731250532805    0
1671    701.38348212351809  -2745.3877937721209    0
1672    731.36543078601824  -2750.5480427710336    0
1673    703.97993016939233  -2818.3384161024655    0
1674    695.30431561914259  -2804.6670851540839    0
1675    774.42278202199373  -2835.2216575644875    0
1676    743.53224821190531  -2808.7100238908665    0
1677    722.14775400521182  -2806.9173656667463    0
1678    730.54339198301557  -2835.2097839381408    0
1679    735.16262450473323  -2780.107283209918    0
1680    716.28455864821967  -2775.7282839991676    0
1681    713.88653899512929  -2832.0881283427352    0
1682    696.30629995863728  -2193.9430578868905    0
1683    562.48624940012769  -2111.0063784138633    0
1684    526.16247312183202  -2097.135474200069    0
1685    528.57744430148159  -2124.2096559319452    0
1686    546.39647865041741  -2098.6446666114052    0
1687    590.73567948270681  -2104.598447915575    0
1688    714.50386033400525  -2091.4708403656186    0
1689    507.25379266029046  -2070.9472388529389    0
1690    638.3146576107049  -2158.7526198618357    0
1691    620.46590717599622  -2159.4501572096624    0
1692    656.482339489168  -2194.1919356392664    0
1693    659.91394397504735  -2154.7472570633013    0
1694    652.3051561908386  -2173.9569189420945    0
1695    684.01946626124675  -2168.8584737826395    0
1696    637.61087328147278  -2187.5389731496243    0
1697    669.6909733854568  -2180.9165690088944    0
1698    639.16519983322587  -2213.2214646152338    0
1699    620.84688265712828  -2201.4418246573987    0
1700    638.45379632031108  -2230.5454731811601    0
1701    663.95072663759061  -2218.382458341669    0
1702    655.54636779491739  -2233.5703737935278    0
1703    689.04374255673576  -2225.0833491604494    0
1704    676.43938566121233  -2201.2786841384336    0
1705    739.13391897002214  -2220.3483755039465    0
1706    714.72132174383808  -2229.4068361557793    0
1707    724.39988144418658  -2254.378106414415    0
1708    719.3607171025692  -2204.4847633262266    0
1709    772.69204858614091  -2287.9733506956754    0
1710    731.52099338353673  -2237.2567693454075    0
1711    757.60846431623963  -2258.14865462436    0
1712    702.11720188385766  -2211.7153145506441    0
1713    771.98165032135603  -2159.1503542884911    0
1714    723.42930535500693  -2165.1063359118461    0
1715    738.9269219058707  -2274.5584817318736    0
1716    714.74072182087014  -2184.1080268942592    0
1717    747.19683226729626  -2187.4613997522601    0
1718    703.78421835644042  -2167.6108442017667    0
1719    731.53544044216608  -2180.3001786136028    0
1720    747.6807918464026  -2161.9271082823811    0
1721    709.66651568756424  -2135.4517333772797    0
1722    730.11345315843539  -2294.512951537205    0
1723    755.93177418347989  -2320.7311054920738    0
1724    751.52619993529197  -2292.0469138898789    0
1725    738.9540124518569  -2311.6285826213266    0
1726    759.40620283948249  -2275.966008514758    0
1727    731.67517202380748  -2333.5153644941529    0
1728    737.24129313968854  -2202.4524779035214    0
1729    763.0244458747369  -2208.7737440060273    0
1730    732.82909872716584  -2142.7228865372872    0
1731    745.90674873035391  -2351.0711188685809    0
1732    771.3969372379928  -2342.6673986146343    0
1733    760.23152650604879  -2233.4518834163205    0
1734    772.86759283260221  -2184.9303692121312    0
1735    740.83526760126824  -2076.6905803155414    0
1736    755.53907535806422  -2337.4276030019687    0
1737    791.35437354818202  -2365.1825606683665    0
1738    777.25249942985636  -2377.6557275222399    0
1739    786.41405557051678  -2315.6606344160427    0
1740    747.09416024455004  -2244.5442383907853    0
1741    808.61609393038134  -2251.0785281056578    0
1742    761.18958034850357  -2172.4264593018211    0
1743    730.70414254037632  -2108.9637315397763    0
1744    775.76539505729465  -2358.8979135723316    0
1745    772.3952094619691  -2325.5439697495699    0
1746    803.05931132979435  -2211.3477098495723    0
1747    782.23389378599529  -2248.276455271935    0
1748    778.36554111880912  -2268.3418515005174    0
1749    808.22524567552648  -2287.6068575071581    0
1750    790.40363496166628  -2282.4564217559168    0
1751    803.86263199020902  -2269.2939224094621    0
1752    842.73411962110515  -2269.7098421449955    0
1753    823.35027464452241  -2264.6514630721285    0
1754    843.17671908076056  -2228.3448912864205    0
1755    828.73313016474378  -2244.0242156016902    0
1756    821.74268028675056  -2223.0924194569243    0
1757    846.6091174812268  -2167.9783799682837    0
1758    803.3894568643409  -2231.5555325011769    0
1759    827.83171828548438  -2192.673022542162    0
1760    782.28753078449824  -2221.7936772567136    0
1761    818.99895794287727  -2206.7240911429558    0
1762    725.27710916090621  -2126.2517886807063    0
1763    802.85810884376406  -2170.994500442047    0
1764    805.84291595278273  -2191.1567243964473    0
1765    790.2775539934679  -2183.1589672310274    0
1766    783.38700066319461  -2201.8774968462885    0
1767    577.95874150627867  -2074.2157478834811    0
1768    538.48518999007706  -2068.3176772247157    0
1769    603.16146110643956  -2179.8335209098036    0
1770    584.10091259792546  -2184.7066612474896    0
1771    839.81030299478027  -2568.7768447003414    0
1772    822.09525773109249  -2531.8221866390509    0
1773    825.3115218842571  -2511.3971411382713    0
1774    857.25281972355788  -2464.6088490260026    0
1775    817.79272422511269  -2473.033740614173    0
1776    845.62429621478225  -2490.967264875776    0
1777    816.29218691365304  -2493.2463295619004    0
1778    799.10333085094305  -2481.80827466662    0
1779    804.81669347868421  -2528.4382292389437    0
1780    842.28116880907874  -2541.3583359741028    0
1781    722.89073376771785  -2599.9359502369998    0
1782    716.62744379422656  -2628.5080783661228    0
1783    699.3759329498821  -2622.5339159365549    0
1784    712.74828662140192  -2647.5733358618149    0
1785    741.10640213659246  -2657.1635103642038    0
1786    738.48382260210042  -2634.6205392049887    0
1787    319.04447405511553  -2107.4224841594541    0
1788    340.9383818115702  -2106.4756082215672    0
1789    359.64506255327819  -2078.1853106759804    0
1790    312.5  -2000    2
1791    281.25  -2000    2
1792    193.97807399291557  -2021.2865319460507    0
1793    156.25  -2000    2
1794    175.97718559448745  -2030.5306862473183    0
1795    53.235640699207067  -2056.3481049983366    0
1796    111.0608278684247  -2051.7766731688062    0
1797    124.62409877595114  -2062.3880337336332    0
1798    492.9390407137725  -2043.1937393885353    0
1799    157.93165440108768  -2043.1122978216895    0
1800    415.71241765170288  -2058.9015056539752    0
1801    496.856575413771  -2936.1901245014742    0
1802    556.98429715130385  -2917.012966149076    0
1803    598.97643779305713  -2927.7872497389831    0
1804    576.56644314179005  -2927.9107953918865    0
1805    575.44363332729472  -2948.5406254307782    0
1806    587.61418317658126  -2899.3240606276458    0
1807    607.49216157276157  -2967.2688308441229    0
1808    569.20929156338855  -2902.8179973067258    0
1809    587.70494442986876  -2915.7872801170906    0
1810    608.51799314131449  -2907.5313239139464    0
1811    588.75472612166868  -2962.5476261638551    0
1812    622.67387117162775  -2926.5746893867431    0
1813    608.36258033157822  -2888.1534013783257    0
1814    593.75  -3000    6
1815    602.46062125536434  -2947.6949138462301    0
1816    592.76207582302152  -2875.8004096755571    0
1817    594.09541069642046  -2980.8946167818203    0
1818    612.53097191078234  -2985.6216199005762    0
1819    696.35062110115905  -2921.0400856609403    0
1820    629.18167547048733  -2971.1820175979833    0
1821    634.15618896073329  -2947.6779023373624    0
1822    630.57819456172399  -2911.2492547368165    0
1823    576.02847058120301  -2986.6945752679248    0
1824    658.60687730314226  -2941.4845112625562    0
1825    618.30568954585056  -2942.6268166009718    0
1826    694.9906533628963  -2960.8636372733476    0
1827    672.08008532042675  -2918.4795874548859    0
1828    718.6750861904568  -2928.8197233908027    0
1829    658.2247759582342  -2909.3919582265003    0
1830    684.6800201301993  -2899.6061842166478    0
1831    687.5  -3000    6
1832    741.31880634216839  -2922.0251341889343    0
1833    715.124573462331  -2905.4466969693358    0
1834    701.05085924928085  -2896.5393856310748    0
1835    519.67464587732979  -2917.055174736824    0
1836    562.90471060626203  -2773.9511490773234    0
1837    575.63408058991615  -2759.7780105466054    0
1838    595.86669699416223  -2761.7161268395398    0
1839    619.12058443865783  -2761.9977522498375    0
1840    624.0473282020331  -2745.7197399328993    0
1841    607.33325373062917  -2775.1001369925598    0
1842    638.02115813971886  -2774.000984160215    0
1843    626.49408684299192  -2786.9979211144109    0
1844    511.94514322924402  -2802.5101889212451    0
1845    676.61147103285657  -2648.2223585494157    0
1846    590.72607759766834  -2733.5659328909019    0
1847    705.0557103041408  -2711.2899099761162    0
1848    696.43847144343181  -2658.9857417670314    0
1849    735.82004312860806  -2722.1281481603492    0
1850    725.73719767008629  -2866.813307835047    0
1851    717.92948604393757  -2885.4428658677534    0
1852    752.62041482377867  -2889.031054657491    0
1853    735.81776243942682  -2881.9890054504667    0
1854    737.22793800761269  -2902.1912360847996    0
1855    755.39863755182455  -2858.835113591741    0
1856    752.48462522836178  -2829.5311547742485    0
1857    744.80636318621259  -2845.0915535638042    0
1858    797.14284204198293  -2777.4967847553221    0
1859    513.48535655525143  -2111.911048074679    0
1860    495.02692919433775  -2106.505977158261    0
1861    498.44383436951546  -2087.7994080084732    0
1862    483.13269461708796  -2069.0661526717022    0
1863    469.73495930148471  -2058.2641341635526    0
1864    545.03188647647835  -2116.686043880969    0
1865    562.5  -2000    2
1866    610.75458267781414  -2216.6168047793876    0
1867    797.70987480477004  -2383.9003597407755    0
1868    797.58933954825841  -2339.5531724074185    0
1869    813.7164361305629  -2357.0495740433544    0
1870    816.18056913459247  -2316.2976923010569    0
1871    878.86803195918083  -2359.4406873863181    0
1872    801.13993393982491  -2323.3326657127477    0
1873    818.06355569355151  -2336.8619902425708    0
1874    846.46492787173224  -2353.5396748054313    0
1875    829.51131533983062  -2349.8889466436044    0
1876    843.51730064239291  -2326.0373622224652    0
1877    861.95258936820619  -2199.1316368163166    0
1878    824.83142817340922  -2170.9053176752764    0
1879    875  -2000    2
1880    813.72000654495082  -2140.2103999984101    0
1881    813.79035626745804  -2157.5435347886769    0
1882    792.52535850151412  -2148.9631325430273    0
1883    788.93051967109784  -2110.2205960384158    0
1884    796.70136018599987  -2129.0376030559919    0
1885    813.49725931723071  -2122.0017095105891    0
1886    767.35014360400419  -2130.145683913579    0
1887    746.74884063970842  -2123.4963025282623    0
1888    754.57639593066472  -2098.7309158598318    0
1889    777.00664138208981  -2143.4758386676981    0
1890    752.44459695899309  -2142.8980615897308    0
1891    738.25027300559179  -2093.6058510043986    0
1892    805.29873438046798  -2107.5931700682254    0
1893    830.63822075055816  -2130.8977315102475    0
1894    764.81866060166612  -2077.0416919547702    0
1895    774.90065259253777  -2095.0656489985981    0
1896    767.42765613954862  -2111.8097768863013    0
1897    755.20045780892337  -2038.9457137462443    0
1898    849.94873507880084  -2130.6615056523069    0
1899    840.51177874079974  -2148.6248336115646    0
1900    745.78806983113498  -2056.9695177557219    0
1901    822.74087455330675  -2064.8486407237187    0
1902    801.62501295984453  -2084.3968932268244    0
1903    554.73693558400043  -2035.6507955553034    0
1904    551.25809095234195  -2054.2961289138993    0
1905    520.26708956608115  -2038.8666227054798    0
1906    533.56096278198584  -2051.0034641952207    0
1907    837.5741758510502  -2096.5717347859631    0
1908    829.18300341546512  -2112.7399460498614    0
1909    817.57745258615876  -2096.4551765673245    0
1910    827.66112540821553  -2081.8774714451019    0
1911    871.07426656853704  -2060.1085947042443    0
1912    847.3474642467288  -2066.9641340726362    0
1913    691.233369552201  -2126.2709727715251    0
1914    685.16227824677094  -2103.3243260028648    0
1915    709.07429229754962  -2075.4887395828396    0
1916    687.5  -2000    2
1917    866.80001052998796  -2089.8021527434521    0
1918    937.5  -2000    2
1919    637.54227216471463  -2073.8198989314715    0
1920    862.23133200440589  -2073.9901026007365    0
1921    812.5  -2000    2
1922    856.41577091685099  -2046.8472371879564    0
1923    664.55022273652844  -2083.4106402414031    0
1924    922.01585234176855  -2509.0928789782297    0
1925    838.18923990800931  -2471.9428647577183    0
1926    831.24520925921524  -2425.4496438461842    0
1927    839.89120078122551  -2447.9234911208259    0
1928    811.65304364631186  -2406.9547161151404    0
1929    886.05556262316156  -2417.2634015044309    0
1930    812.07658421861993  -2445.724110179548    0
1931    859.56138806566412  -2427.4560670417309    0
1932    799.3485340966356  -2461.5222283798807    0
1933    786.33940955544142  -2438.0148280817016    0
1934    784.68377201625583  -2418.5485488169911    0
1935    858.40710389461094  -2446.0324580338665    0
1936    899.56170820438251  -2457.9137457142497    0
1937    877.66220254433904  -2456.5529726368541    0
1938    879.05915485990147  -2489.9734159687018    0
1939    889.76989113822515  -2438.5982015317459    0
1940    872.55910940057299  -2473.5056960430816    0
1941    945.38566705273638  -2417.9249247227935    0
1942    915.65922305281083  -2423.1002147868676    0
1943    908.83484223223638  -2441.0731227828478    0
1944    941.49585536293921  -2470.0310034943309    0
1945    921.89657942928318  -2459.2388425794998    0
1946    909.20914107354236  -2484.1963574216306    0
1947    943.08538973050804  -2443.9514349941223    0
1948    926.38511831106189  -2437.4549531324765    0
1949    768.69396544727294  -2445.5752924997796    0
1950    983.80726944685432  -2459.5216344646105    0
1951    970.51075049115207  -2433.2604388513832    0
1952    961.00114124875267  -2458.131614358957    0
1953    954.15062035887615  -2431.814496389653    0
1954    967.6769408869834  -2491.0105458444591    0
1955    971.53362503848325  -2473.1102783390525    0
1956    992.3556132485744  -2479.5800103648166    0
1957    1051.1863767123159  -2469.1971061698023    0
1958    1018.6202391272496  -2456.5360028695286    0
1959    1001.7040070572004  -2463.7452489363041    0
1960    999.40403987566208  -2434.8971773322005    0
1961    732.86711176742892  -2678.977504428206    0
1962    779.1098995373884  -2683.9806979832342    0
1963    756.63624717768323  -2675.4922502966729    0
1964    748.03340851003543  -2699.6159890196541    0
1965    774.98382352938313  -2660.9103550096197    0
1966    733.54262562649433  -2706.3235009288751    0
1967    782.00748475580713  -2732.616804427947    0
1968    758.43187782711584  -2655.5399633898032    0
1969    808.65623241824119  -2666.7922656417745    0
1970    829.05900062163926  -2653.9535656067364    0
1971    790.15018889831583  -2641.1822410226823    0
1972    760.38655478582905  -2720.886951420101    0
1973    790.74678852119644  -2669.9953271161889    0
1974    847.2406069095191  -2705.4780720853814    0
1975    852.8039525457142  -2669.3124232788286    0
1976    806.10989119903115  -2649.1409431936245    0
1977    798.17936808139382  -2626.4395947533953    0
1978    778.51662058597435  -2628.4047990482982    0
1979    748.97440787076312  -2738.7490608137105    0
1980    781.2299631684325  -2708.2587590036524    0
1981    766.35289057690773  -2697.3262913080443    0
1982    814.76232580514693  -2719.3798205589246    0
1983    804.57297433627957  -2693.9887509053924    0
1984    795.95285930151726  -2719.9802285965493    0
1985    754.03946487779865  -2625.473447793463    0
1986    332.51716389758923  -2069.7623270079498    0
1987    343.09648120959582  -2083.5864214589551    0
1988    314.87081260203217  -2024.7683686067369    0
1989    260.33959555714273  -2030.6396659253537    0
1990    343.75  -2000    2
1991    328.125  -2011.0020355129768    0
1992    354.95742606065107  -2032.5129597146056    0
1993    344.65195004408412  -2017.877207760439    0
1994    363.6566517115325  -2015.4414967869563    0
1995    381.50761328203782  -2035.2901313726759    0
1996    345.57534869391179  -2052.244948269436    0
1997    332.05911860931514  -2031.2527885788782    0
1998    371.63050932335256  -2057.2750046120909    0
1999    496.03886693457673  -2059.1632997333786    0
2000    380.02071834228417  -2075.9742201746672    0
2001    156.33183804930505  -2021.5857543253333    0
2002    172.63341876078488  -2011.8288913615825    0
2003    140.625  -2010.8522713461741    0
2004    123.70783635562344  -2018.5349462534211    0
2005    139.20465713339775  -2029.7897686115425    0
2006    740.83739309603061  -2961.5494170504899    0
2007    701.85590814411705  -2941.1630874515745    0
2008    680.25635469192252  -2944.6825453480783    0
2009    717.96463225301557  -2957.8231396543238    0
2010    656.25  -3000    6
2011    677.73051484857024  -2961.781522755447    0
2012    687.33702316292749  -2979.6837739831963    0
2013    718.75  -3000    6
2014    703.125  -2989.715889485868    0
2015    721.47129873078859  -2978.8535849159562    0
2016    734.375  -2991.2624491933252    0
2017    734.88482951167339  -2941.7118404163662    0
2018    917.33968059264635  -2912.5882901794803    0
2019    752.26401650383309  -2936.4969536626427    0
2020    769.52305031159915  -2912.8922558291456    0
2021    650.22308659752389  -2959.7471514986296    0
2022    724.73985998415935  -2734.9504712126018    0
2023    719.917787232357  -2849.7610850403244    0
2024    706.49763458788379  -2863.6881277505136    0
2025    766.47571487311325  -2786.4704812778514    0
2026    767.67657637053071  -2810.6639592701049    0
2027    804.54124541287808  -2813.7423943321305    0
2028    786.38150843838002  -2797.608984053973    0
2029    785.54459509513106  -2818.9609334719235    0
2030    834.37238216564742  -2295.8051779686225    0
2031    866.12047300150221  -2337.5239281095701    0
2032    863.13327020544477  -2353.9269846704865    0
2033    853.94868028943324  -2390.3321156633019    0
2034    931.53490873514204  -2314.14218305138    0
2035    900.9976027155883  -2331.903755552928    0
2036    884.63940181577402  -2341.4182612231693    0
2037    846.50435729956189  -2187.3850557692904    0
2038    842.15732251964016  -2207.646985078884    0
2039    523.66004326324617  -2079.021871628705    0
2040    789.60742157404695  -2050.2368735696755    0
2041    667.62527916912052  -2119.7832326452067    0
2042    666.97836892662849  -2101.5216407234143    0
2043    676.54434133797122  -2041.4308817715325    0
2044    855.89870227235497  -2109.2108094535179    0
2045    910.70886677648707  -2135.9645294196721    0
2046    887.42197777187164  -2114.1507548827262    0
2047    872.57967321495551  -2105.8142409422894    0
2048    630.51485561871618  -2107.131420857811    0
2049    649.81513174409474  -2111.2718963900725    0
2050    643.74263783118192  -2092.5249461470739    0
2051    615.580935936929  -2120.463895973231    0
2052    633.55108219091642  -2125.5624463441009    0
2053    825.16036494168532  -2457.2385963916659    0
2054    811.87977224304529  -2426.3392497336108    0
2055    862.809948924374  -2506.2222144227303    0
2056    870.88381836254655  -2534.5046648426037    0
2057    860.25886745756634  -2522.2441388561015    0
2058    922.8564017015226  -2376.4794420343387    0
2059    904.99270618711523  -2357.592003696087    0
2060    935.65002900879165  -2346.4878187764093    0
2061    916.89706353480994  -2342.5858183998316    0
2062    930.55021268990231  -2488.9606927504851    0
2063    948.10367210315189  -2508.2769089835383    0
2064    949.26983451175624  -2487.1554955002093    0
2065    976.74361979779235  -2521.0159738892744    0
2066    965.34033912242182  -2508.0891359745006    0
2067    937.03175233786283  -2571.7324607254322    0
2068    936.0035532760038  -2538.8593502200033    0
2069    935.44347522332532  -2520.9527906827157    0
2070    956.08087273676699  -2529.2693367630486    0
2071    955.89407187693405  -2554.6898534258125    0
2072    939.23449297797811  -2555.2109286490422    0
2073    902.28446309726075  -2554.016962831407    0
2074    992.3732908525767  -2614.0235837675559    0
2075    968.62729319352923  -2587.7421241443567    0
2076    955.90705519923813  -2573.6636918104318    0
2077    891.93812433200208  -2475.624022698003    0
2078    897.72860352978296  -2505.8440501671685    0
2079    906.95546037279337  -2529.2733252313137    0
2080    887.67883914361585  -2523.3333085753648    0
2081    887.98575743707715  -2542.0052277291338    0
2082    879.59267464708012  -2566.5127280820084    0
2083    918.1364255880552  -2544.1967238294774    0
2084    870.46197263496504  -2551.8082403427643    0
2085    861.49432934302115  -2581.8765206553858    0
2086    906.5421860097423  -2588.6003632935485    0
2087    852.22849518166004  -2596.1184734924586    0
2088    897.48951243461306  -2572.1610857018472    0
2089    883.19649141823481  -2590.744045035497    0
2090    917.26105320764384  -2571.9855955452945    0
2091    898.29746005862694  -2627.006045456566    0
2092    896.41583780706446  -2606.5143010142983    0
2093    880.15798625682658  -2618.3394134255236    0
2094    930.12652569988916  -2613.7511307656928    0
2095    945.85439151139599  -2595.5322935900622    0
2096    864.35252001717447  -2629.1238291975078    0
2097    914.40252004696492  -2604.8627021653215    0
2098    867.27603015897591  -2647.8347412188505    0
2099    886.54860861370719  -2643.023163013801    0
2100    933.89038128857874  -2669.8717437880164    0
2101    913.5753087937685  -2650.5301880745665    0
2102    961.20266805585504  -2624.6802312064056    0
2103    962.02779593576952  -2605.6308484240071    0
2104    984.46961676972478  -2442.6895440323328    0
2105    1058.7394660562484  -2401.5566049077102    0
2106    988.25044384987643  -2375.9467306752067    0
2107    873.446091478168  -2690.9985222032542    0
2108    825.77571832491913  -2700.2201717280532    0
2109    840.646917645391  -2685.9530399117734    0
2110    821.7784235685067  -2681.1696449430337    0
2111    503.71350319041301  -2022.7810567681759    0
2112    531.25  -2000    2
2113    456.76851895933544  -2029.3429402679267    0
2114    515.625  -2009.1461884968785    0
2115    484.375  -2014.2402004156986    0
2116    467.80330882724871  -2016.7310858737083    0
2117    671.875  -2989.9665770965639    0
2118    654.26142566028204  -2979.7201238205553    0
2119    640.625  -2991.2946988798708    0
2120    974.69132888860418  -2227.0015518850059    0
2121    800.70968136394106  -2875.8697718783196    0
2122    749.14190785917469  -2791.5426330600067    0
2123    775.33527285380194  -2759.8590656609149    0
2124    751.88357347843009  -2762.1301843817541    0
2125    824.40302917205884  -2281.8056557971163    0
2126    818.64633048911799  -2300.1656585443702    0
2127    832.84178154468395  -2312.7673816567763    0
2128    832.36927917261232  -2397.5452682713053    0
2129    848.5715502696961  -2410.1313385220878    0
2130    868.96098369048718  -2405.0389799624991    0
2131    894.28365700707934  -2387.6925655240489    0
2132    873.85539418236692  -2385.0274448897499    0
2133    859.84600241266628  -2372.4587932986997    0
2134    838.27959820231627  -2375.2525099116606    0
2135    905.7119505588704  -2374.8031841604338    0
2136    877.73184778212203  -2295.3115213663814    0
2137    879.77386964979814  -2318.5763956215901    0
2138    858.84376521244849  -2308.6914342745899    0
2139    857.31073390708389  -2286.5054237819108    0
2140    885.67294901654543  -2248.8152439908417    0
2141    866.44019158370543  -2263.858919796689    0
2142    889.38367378689998  -2273.3752680360021    0
2143    863.56439816839395  -2240.3663231829528    0
2144    907.34523274548769  -2296.9785279761613    0
2145    884.43594122180832  -2218.9016375399274    0
2146    861.96494968135073  -2219.779998577812    0
2147    892.92285894377574  -2289.3178309746049    0
2148    897.8844118660603  -2313.2984838638681    0
2149    940.53411878590907  -2253.0867148950797    0
2150    878.61839535654133  -2234.124588671581    0
2151    912.60874175818947  -2257.3059040973258    0
2152    897.06222459208311  -2259.6547961926649    0
2153    803.01104831858129  -2064.7153609507368    0
2154    783.43571125711333  -2069.3939303490702    0
2155    769.23545786607963  -2054.2464434443395    0
2156    692.39216955830102  -2058.0230703308298    0
2157    671.03296886105841  -2062.5595275353917    0
2158    646.44446030978906  -2044.862516441839    0
2159    879.19824901297784  -2146.2664731944228    0
2160    859.84749236785024  -2147.3222708047674    0
2161    950.61946640338317  -2070.0220818751691    0
2162    903.19303328067565  -2079.8863579029185    0
2163    886.84187009003358  -2091.6170657280827    0
2164    885.55465525806937  -2072.561738036557    0
2165    905.41811285268159  -2058.684374056445    0
2166    927.12614845845962  -2401.0045191396857    0
2167    957.08022271098343  -2386.9923311677144    0
2168    906.63364409388555  -2404.3929190555691    0
2169    944.94952055540909  -2400.0830801148009    0
2170    1032.596399395414  -2559.4471354721522    0
2171    904.8494297728912  -2680.0348384391787    0
2172    918.47811495171914  -2630.6228395940529    0
2173    940.65020951442978  -2633.4737451679653    0
2174    962.60752681785732  -2656.3783694735043    0
2175    955.93951399491709  -2640.7936944850699    0
2176    1032.6987870334979  -2424.6818376466404    0
2177    986.50223134232681  -2406.8078673065329    0
2178    964.90437902675319  -2408.5215338213789    0
2179    868.93457874885553  -2674.6255857052365    0
2180    899.34921299515258  -2768.8321740433321    0
2181    536.11195779299726  -2022.3589735239914    0
2182    554.10426178600881  -2016.8424162911028    0
2183    593.75  -2000    2
2184    581.11825440316863  -2025.3485536772644    0
2185    473.77497114201481  -2039.0855832966345    0
2186    435.08866110754576  -2042.5223918328415    0
2187    436.06477361523389  -2059.2119074769585    0
2188    437.03516217300182  -2021.3032066316982    0
2189    451.22136725101223  -2010.9560761471578    0
2190    406.25  -2000    2
2191    409.57012031831073  -2029.4826258045332    0
2192    421.875  -2010.3157358538353    0
2193    397.34153027128372  -2041.0970471791848    0
2194    418.80185977415744  -2042.905810760677    0
2195    959.39157932581963  -2244.1341269933837    0
2196    780.86322866203477  -2859.8805078338833    0
2197    801.96995842143917  -2841.567633022777    0
2198    767.48169036744503  -2875.1726107430563    0
2199    786.62760840556984  -2845.2044665357953    0
2200    798.25464558859039  -2858.6053516647498    0
2201    846.00951139645622  -2860.0950207522492    0
2202    822.27032525697257  -2854.9183592074264    0
2203    841.86601135664318  -2822.0762955102828    0
2204    822.34490034339444  -2832.6958007364392    0
2205    839.80319031599151  -2841.5362675413658    0
2206    885.56979337683572  -2836.5483590726362    0
2207    862.14405224918175  -2834.065153464026    0
2208    871.46631693978884  -2857.8589420922194    0
2209    877.63416614485493  -2799.6734908789581    0
2210    858.66664682175622  -2903.9036667924915    0
2211    875.54148329088753  -2819.4151693889221    0
2212    906.61720418312962  -2812.7275431262146    0
2213    857.66003069143312  -2807.5379217121558    0
2214    849.3271724228299  -2757.0766324072843    0
2215    828.94582144265871  -2792.1919759113812    0
2216    858.90914362309911  -2781.412988683323    0
2217    840.62358997929209  -2804.8783261604408    0
2218    860.03936748933268  -2873.7934745599714    0
2219    935.92575812940993  -2885.1964256000724    0
2220    880.14028085885138  -2778.372693412764    0
2221    877.58798194202723  -2749.1259388381009    0
2222    867.3567666178493  -2764.7535381356088    0
2223    839.65926109285294  -2774.9377225162052    0
2224    817.61545472211424  -2751.4586914216993    0
2225    801.0762884790546  -2739.6474550775611    0
2226    818.2431156871902  -2773.5932971081379    0
2227    799.98361570460418  -2758.6629545662063    0
2228    823.64505982096466  -2813.6359834881227    0
2229    906.23305644360312  -2865.5456108760823    0
2230    901.19467729752637  -2883.6902730859188    0
2231    890.32729255193351  -2855.0190773667341    0
2232    840.18933132905386  -2880.089871410536    0
2233    888.04667952056946  -2897.1715262022212    0
2234    780.12709415227664  -2776.2348582634268    0
2235    766.9158866873953  -2743.3587638277336    0
2236    847.04220674451699  -2250.7028290239209    0
2237    935.10851463870517  -2283.4779622529454    0
2238    909.07932225194384  -2277.023119608139    0
2239    921.4479699408954  -2221.2858696994117    0
2240    652.3868451745692  -2062.5364103267761    0
2241    656.25  -2000    2
2242    892.12572381083726  -2132.4659880826948    0
2243    897.42665077734853  -2181.4584566464982    0
2244    916.28580085038709  -2106.6743475112726    0
2245    899.81919211850698  -2102.5572890545905    0
2246    886.26796209264035  -2049.3170465829571    0
2247    925.18360105709053  -2066.6719002172313    0
2248    922.46874298571981  -2087.058829254654    0
2249    954.29626052869992  -2107.8732864053886    0
2250    935.45940475120619  -2101.9357838749847    0
2251    937.21164336660763  -2129.2256871675786    0
2252    949.82698469861054  -2089.2032427074782    0
2253    1002.3560853264833  -2086.498666244463    0
2254    975.72160921892043  -2080.6661440245075    0
2255    927.44907159286072  -2032.6168405228339    0
2256    920.71848330042837  -2049.2719801524117    0
2257    943.26787298360034  -2048.6969871213464    0
2258    968.75  -2000    2
2259    1009.2357291293071  -2533.5961027125304    0
2260    916.76748882507297  -2667.51690879435    0
2261    886.75632256952269  -2678.6668714522543    0
2262    932.66643973108921  -2650.8177174246221    0
2263    983.69792227242726  -2639.563444217395    0
2264    1018.3844573452504  -2437.3935724387052    0
2265    985.5130497537466  -2424.2698566393719    0
2266    1010.7950462066461  -2412.657486051497    0
2267    1032.7877342397603  -2398.5575413954493    0
2268    1002.8573749721918  -2392.2542642009994    0
2269    1025.9342937246454  -2356.8882779791325    0
2270    1009.6499101360032  -2371.4744733147081    0
2271    1019.7455817567999  -2386.2746379450582    0
2272    990.61851254187945  -2333.8441188845331    0
2273    995.08442115094647  -2355.2132067999028    0
2274    1011.3448328191841  -2340.6637490641701    0
2275    965.45475633520073  -2350.2542794813885    0
2276    1062.3461543088765  -2309.4740649358478    0
2277    978.82788807178747  -2361.3479261909515    0
2278    1016.1342678733336  -2291.2019439505943    0
2279    1039.7400108438187  -2329.8020170160189    0
2280    1008.1743119399015  -2315.3939590194123    0
2281    1044.4227924437087  -2411.659455634348    0
2282    1061.4957151627345  -2438.8188805428231    0
2283    1048.7124170216148  -2374.5401394931173    0
2284    1022.1901462977535  -2326.4692291268493    0
2285    975.25745515155961  -2291.1576986826667    0
2286    1046.8567377931631  -2390.5978486671061    0
2287    995.68860897848583  -2297.8802095470523    0
2288    995.72597593086948  -2263.3580564193676    0
2289    979.10221253908514  -2313.8812424567932    0
2290    990.04853842999444  -2280.6130079193586    0
2291    967.14498710707949  -2263.515492165357    0
2292    955.27584804106505  -2306.225561137041    0
2293    971.28407255021523  -2331.6946496265791    0
2294    955.48787100615891  -2285.7239145246203    0
2295    946.91765209534401  -2269.9062638574146    0
2296    939.86704627903396  -2299.5728654357431    0
2297    949.2685492601413  -2327.7667736549361    0
2298    975.94685410506099  -2390.7298450026201    0
2299    984.59820005993265  -2740.4849936727292    0
2300    578.125  -2008.0353326197189    0
2301    609.52355901033286  -2049.3592166323251    0
2302    390.625  -2015.3637779980779    0
2303    841.7474499690403  -2937.1255453871113    0
2304    875  -3000    6
2305    898.75594784392013  -2791.4797887707468    0
2306    952.24308522542196  -2783.7687202561674    0
2307    924.51901407728337  -2780.8230868747523    0
2308    916.17217047569204  -2797.1142579771654    0
2309    947.80982543635685  -2827.2061155995984    0
2310    928.76546608831745  -2815.5514119355817    0
2311    914.49675915718899  -2839.1952822530961    0
2312    948.13115694769567  -2805.2939820635993    0
2313    1006.9986863541063  -2817.115670571804    0
2314    979.77809599266311  -2800.1840566911997    0
2315    963.02535258002911  -2796.9838131827041    0
2316    975.80112840047479  -2775.5537848571748    0
2317    954.20115228426255  -2751.4976140653221    0
2318    959.97057308882484  -2768.042633326897    0
2319    939.20645929711702  -2766.0048581655756    0
2320    916.596639338057  -2727.6324574866239    0
2321    932.52401839183631  -2744.0950024986805    0
2322    956.31371159283538  -2709.8714090278208    0
2323    910.62752153425481  -2749.3436083150309    0
2324    894.21368923247178  -2733.1547696752073    0
2325    894.08441094737907  -2752.7776174854589    0
2326    921.64508937620042  -2763.2865046492602    0
2327    949.30924988812444  -2730.3826371059781    0
2328    966.34506302322666  -2737.5599570585177    0
2329    934.23292372201718  -2713.7825569691727    0
2330    941.72018499209832  -2691.7674071817701    0
2331    911.92974034444796  -2703.5358300033004    0
2332    892.41047993901827  -2698.1187742861366    0
2333    874.65387982116192  -2716.5970600460469    0
2334    898.12893351461571  -2715.3888616057206    0
2335    969.50222351383968  -2684.3063514111045    0
2336    923.24498045833832  -2686.0262828503533    0
2337    863.68538941284919  -2704.2868127473521    0
2338    952.28261908537331  -2675.6425367004977    0
2339    919.20756970711409  -2878.1993953628858    0
2340    938.2759937158695  -2856.1098270569751    0
2341    904.05797076787189  -2152.8309910139665    0
2342    992.44081470345202  -2240.9955190249711    0
2343    928.29152491616526  -2266.5810303887215    0
2344    902.10067375135202  -2233.1535335278213    0
2345    924.44401491457438  -2241.1156714626159    0
2346    660.30640952676004  -2032.7264766350909    0
2347    883.2942877292121  -2197.5304282855595    0
2348    903.7756079397476  -2207.1524110964856    0
2349    872.30889018874996  -2173.6213763194924    0
2350    935.41822746228331  -2185.7021546522524    0
2351    889.2939426809877  -2163.3540808206212    0
2352    915.63950925778033  -2190.5894613084538    0
2353    929.41683201947001  -2203.8802283920127    0
2354    919.24832517590312  -2162.7287219351238    0
2355    951.83992761604713  -2224.6732635848357    0
2356    921.47965118342927  -2122.8392944318371    0
2357    983.50832267023395  -2108.8377954839189    0
2358    997.85129857315178  -2043.3399483106029    0
2359    971.05320787812195  -2051.0480346283516    0
2360    873.13811452107234  -2026.3711793751293    0
2361    871.81549745904135  -2042.357440285801    0
2362    906.25  -2000    2
2363    843.75  -2000    2
2364    887.07749181235863  -2033.6243792215921    0
2365    907.28915789448581  -2034.1574561452442    0
2366    916.10113449556331  -2016.7948380904572    0
2367    896.74781205112345  -2016.8601238445144    0
2368    848.99251450558347  -2023.7184148195843    0
2369    862.45829305915595  -2012.3658344176813    0
2370    828.125  -2015.8922032507023    0
2371    802.27872446830975  -2025.6766666223857    0
2372    830.63153566210974  -2040.942152842212    0
2373    818.50328293357131  -2029.5053454046736    0
2374    808.55357068046965  -2046.1407821802404    0
2375    936.67656726691496  -2017.6032825717261    0
2376    996.15762742523361  -2519.1238109617161    0
2377    978.18858989349133  -2623.4486836952888    0
2378    1056.8363860287564  -2650.1637325433403    0
2379    948.36477375547076  -2365.6820979910149    0
2380    940.03241733256198  -2381.5271977866814    0
2381    964.72237459908354  -2371.4295108920378    0
2382    1037.544491130858  -2304.6266372895484    0
2383    1088.9950638619246  -2220.6729038864996    0
2384    1044.2985636455719  -2270.0697044557533    0
2385    1034.2786593392821  -2286.0498376923319    0
2386    1056.0067365900272  -2288.5424129380726    0
2387    1020.106471616965  -2266.0321363167777    0
2388    1031.25  -2000    2
2389    1071.0481569426518  -2266.0622938260726    0
2390    1006.7774484304275  -2276.8269432380102    0
2391    1036.1829725955165  -2244.2010361251801    0
2392    1031.3823916094818  -2373.3804826304672    0
2393    1074.7862451812359  -2346.0421439590305    0
2394    1048.4796402036563  -2351.3180369100255    0
2395    628.98657695625013  -2055.3426112878174    0
2396    609.375  -2022.2067311933461    0
2397    627.83906868236011  -2033.6502403200805    0
2398    950.49336421180408  -2157.9141583421774    0
2399    881.00045944775104  -2877.1473712450488    0
2400    819.82573332380673  -2884.4479013719833    0
2401    783.85416296696008  -2887.0326200157815    0
2402    900.85893759041414  -2828.8485603640706    0
2403    852.81213732125116  -2731.0942369552499    0
2404    834.91533550890711  -2721.5728135668001    0
2405    823.28142646778474  -2734.7884382715315    0
2406    861.3074409689292  -2745.4586077303443    0
2407    839.24242524749059  -2742.499072863196    0
2408    986.88839932860242  -2665.1991019522516    0
2409    1009.8718709218075  -2703.576039732046    0
2410    1019.8000089270778  -2648.0867350484918    0
2411    992.59290842519181  -2687.8534690653578    0
2412    1000.1659452836168  -2650.530285755161    0
2413    1012.8740843650569  -2672.538715440046    0
2414    1007.5632919302661  -2629.8662076106389    0
2415    1039.8738066975618  -2621.3860911996894    0
2416    1025.1933438302156  -2631.2453375965151    0
2417    1038.5601810960097  -2644.8102567416176    0
2418    1018.3608284430327  -2605.2124297191776    0
2419    1040.4291906402141  -2672.3029155210206    0
2420    978.14861367635217  -2704.9512307015425    0
2421    977.98584960408971  -2723.3329736984692    0
2422    1000.7221944162229  -2724.4183737807557    0
2423    1026.5728337823527  -2663.2119705570658    0
2424    994.22141707421304  -2709.135068976831    0
2425    1029.1340235169384  -2769.0557593211656    0
2426    1041.438500144201  -2729.8631234556647    0
2427    1010.0124476580706  -2749.865899642853    0
2428    1003.8511883301236  -2783.6608452651985    0
2429    1021.8653271071515  -2721.270602049075    0
2430    1025.5182452006577  -2739.5389377410575    0
2431    1042.4115688654119  -2701.0571078316743    0
2432    987.91070340009287  -2786.2347020377788    0
2433    920.72041065051303  -2855.6180264421473    0
2434    994.58794804812487  -2875.2981576982279    0
2435    933.00546466382809  -2838.347140093395    0
2436    871.35314133660233  -2891.7939381879555    0
2437    996.10531680927863  -2218.6920038912012    0
2438    927.22604226213582  -2145.4389210830041    0
2439    976.48346955758177  -2248.5381474841583    0
2440    1014.9970471058264  -2233.2487437149516    0
2441    972.54398995240092  -2189.72072463225    0
2442    952.49722261645934  -2201.420396521617    0
2443    1009.4285755356966  -2250.9064711143424    0
2444    1500  -2000    2
2445    979.64260886359841  -2208.0141071039784    0
2446    1004.3919780209224  -2187.8863118828863    0
2447    1033.9022430603493  -2222.6458494016897    0
2448    1034.5955670003184  -2098.6629624821157    0
2449    1020.9395327934267  -2203.7443441774744    0
2450    1145.7215085922503  -2225.874842435092    0
2451    1101.0584558146691  -2242.8853842425488    0
2452    1046.875  -2037.7972877407365    0
2453    1100.7059405332532  -2049.4242314356602    0
2454    1054.82884135627  -2018.9570728959341    0
2455    963.96563047693087  -2213.3803005662207    0
2456    1004.4263807066452  -2204.4129586577028    0
2457    1028.9223861126427  -2178.8518434049843    0
2458    1055.2603580302016  -2231.2842258495448    0
2459    1093.75  -2000    2
2460    1004.6435918053357  -2150.7497517277702    0
2461    1034.4617384853118  -2020.8005501436464    0
2462    1011.4996503421467  -2169.3653364984802    0
2463    986.07354534287379  -2168.1593629260014    0
2464    1015.3898977624066  -2873.9964110654837    0
2465    1075.8093082526862  -2241.702059956217    0
2466    1007.7691847292418  -2120.2893236138689    0
2467    988.22200746171643  -2184.5330194648036    0
2468    976.06584087089334  -2138.8758754851765    0
2469    966.09217960018964  -2170.6467568106509    0
2470    1164.340144355976  -2227.9830656964223    0
2471    1013.5175050623528  -2050.5576669295174    0
2472    1000.5713667561708  -2104.1134743205653    0
2473    987.67599236528486  -2151.2599000467917    0
2474    990.05171743085714  -2126.4000860543379    0
2475    953.31632106020299  -2183.3924909723401    0
2476    1024.1565776674838  -2064.1346924479017    0
2477    1094.1297996232106  -2264.9315739291769    0
2478    1015.625  -2011.4114376396685    0
2479    987.04246129630815  -2092.69899185023    0
2480    969.25691868383319  -2097.6149593823075    0
2481    992.96254095925315  -2065.66468072526    0
2482    1127.0356548340644  -2671.3369292820266    0
2483    1017.1582476040005  -2033.6973442288825    0
2484    843.75  -3000    6
2485    966.74968479082429  -2066.9033262106213    0
2486    781.25  -2000    2
2487    777.67424490416147  -2028.5313668373869    0
2488    788.62010038977905  -2015.4134267590298    0
2489    759.40553724274378  -2018.5641376461349    0
2490    718.75  -2000    2
2491    735.96467709236936  -2040.3699773498029    0
2492    702.4966790089627  -2032.5073453403652    0
2493    958.9152767545462  -2029.1345477924795    0
2494    980.01459649024491  -2031.7659432138917    0
2495    999.22942947471199  -2021.685034923695    0
2496    971.1382192619393  -2017.0333621520017    0
2497    1055.9554388398158  -2256.5988188428942    0
2498    1060.7391658067245  -2330.4207822816279    0
2499    1081.0166834138715  -2377.9195265956241    0
2500    609.375  -2000    2
2501    594.39790839940167  -2016.144483210277    0
2502    596.58930414763449  -2035.8533345144945    0
2503    575.98578286907798  -2049.5524496625899    0
2504    592.81897442317097  -2060.6164294006658    0
2505    613.21886036214084  -2073.8631227121991    0
2506    625.01691382893341  -2088.8595760242465    0
2507    605.67596617472702  -2091.9364165804623    0
2508    595.0676296870007  -2077.9922658471442    0
2509    768.71801969937474  -2895.5452303411375    0
2510    1047.2979151814748  -2589.1168079248064    0
2511    997.26853725624892  -2585.7322984783477    0
2512    991.51649301740872  -2760.8582368680886    0
2513    973.71470184395059  -2755.5420532675198    0
2514    1029.0879040935413  -2798.161997867549    0
2515    1011.4229069782052  -2767.582156546925    0
2516    1026.7822950426341  -2687.689193922698    0
2517    1005.9210062127706  -2889.5420032192424    0
2518    1079.4332331681426  -2684.0593206802637    0
2519    971.43456112777039  -2851.0229011076121    0
2520    745.20378382706281  -2978.0583594156155    0
2521    803.94734357606546  -2915.0689163239126    0
2522    803.43841344746693  -2895.3776715785457    0
2523    881.59731811799475  -2936.5010034629609    0
2524    936.064785032911  -2168.0697462478561    0
2525    1062.5  -2000    2
2526    1125  -2000    2
2527    1081.7590053261313  -2292.1688227153254    0
2528    1037.7417970255078  -2195.4064410469769    0
2529    1070.1015911007817  -2281.7011053593424    0
2530    1089.6661093094428  -2320.5801284806639    0
2531    1056.3305567284281  -2197.915370030692    0
2532    1078.7340507059305  -2308.3166523456575    0
2533    703.125  -2012.5045840383657    0
2534    1182.8174842046594  -2279.6110140014121    0
2535    1108.1736492431151  -2224.6391904300121    0
2536    1125.3837995014505  -2215.2925175324312    0
2537    1151.5553239846658  -2264.9158799262354    0
2538    1068.9777867782536  -2813.3227817023194    0
2539    1008.8603050147353  -2071.0314149057535    0
2540    1244.5651549845441  -2324.907056051446    0
2541    1084.2187210808254  -2418.4050088960871    0
2542    1153.0138730299432  -2244.7415464122137    0
2543    1161.6983989017294  -2209.4326106082885    0
2544    1024.9799976930396  -2495.1978946257741    0
2545    1177.7784366301069  -2241.0410327578347    0
2546    1049.662032128728  -2214.4030880572718    0
2547    1134.8088337371837  -2257.0440016637085    0
2548    1091.9204875688777  -2671.1134774397333    0
2549    1025.8609958908967  -2529.7907021550654    0
2550    817.78597247986249  -2975.8834310727611    0
2551    815.98394540548964  -2937.859644375485    0
2552    1068.6872408163576  -2078.9647244590733    0
2553    1051.4027092622018  -2820.6588815449954    0
2554    804.90990712075131  -2954.8178823557678    0
2555    968.48295322867239  -2121.056031607372    0
2556    955.62856117540764  -2138.118035621937    0
2557    1145.1084688458498  -2588.2708764794961    0
2558    1069.3770341788236  -2217.2338229872139    0
2559    1140.4862981612994  -2386.0386914107567    0
2560    737.1709758134773  -2018.1645676134733    0
2561    721.11269683871319  -2028.4276796387428    0
2562    684.12278937807901  -2021.2709120843472    0
2563    1064.0281942916586  -2384.2247338401203    0
2564    1065.9892852544015  -2364.1704263535539    0
2565    1036.4090827737414  -2603.6003072293415    0
2566    983.73543281179661  -2597.9598182228729    0
2567    1002.5161101919746  -2601.2094423549697    0
2568    1021.1859342786468  -2580.9945186887089    0
2569    1037.164210057894  -2575.6609401622195    0
2570    1078.0951265066619  -2555.3794046896005    0
2571    1055.7273067693593  -2561.6809463354716    0
2572    1006.5881032242612  -2559.4692942010693    0
2573    980.57355433937573  -2564.1598895085854    0
2574    1054.7534890391237  -2515.375361241759    0
2575    1019.5822564120007  -2547.726934395615    0
2576    1041.5974415108735  -2536.3667836285786    0
2577    982.47079600932943  -2579.9379708941515    0
2578    995.08798961462833  -2570.1734688399488    0
2579    990.50421396663535  -2544.7513533398155    0
2580    1062.1172516802417  -2541.5136182907677    0
2581    1096.8578101180969  -2517.6199835284096    0
2582    1082.5836426787262  -2534.0684455223741    0
2583    1121.4551703775755  -2553.3837356745507    0
2584    1075.9447084322471  -2513.8892252279752    0
2585    1104.5222612825864  -2538.6891593824812    0
2586    1093.6983047704189  -2474.8503586031184    0
2587    1063.7237176691328  -2491.4555405962933    0
2588    1100.0759074690882  -2560.9161831392466    0
2589    1141.3393426734506  -2513.3673472031246    0
2590    1089.8113540606612  -2496.6390109078206    0
2591    1119.6496284877574  -2521.2575350443285    0
2592    1119.7538917387133  -2490.7395313227407    0
2593    1103.6348906294568  -2487.8640086916926    0
2594    1027.3158735283916  -2512.7976477104789    0
2595    971.00796354442696  -2542.0899721066494    0
2596    1072.4623488271332  -2471.8732734581381    0
2597    1086.5146027233081  -2448.8646556610565    0
2598    1063.5936238282595  -2456.4692720706034    0
2599    1081.2642969571966  -2589.1977132703751    0
2600    1137.4279610004216  -2536.3722028424577    0
2601    1110.4038358110895  -2505.96676728483    0
2602    1042.6226169702172  -2497.1842504854621    0
2603    1085.6648547600969  -2571.7276811826318    0
2604    1108.1426384078152  -2586.6788987861673    0
2605    1201.355486123319  -2535.4064852144129    0
2606    1169.302101417886  -2529.9566348236535    0
2607    1152.1317686388661  -2527.037263104718    0
2608    1161.8469355435407  -2575.3046329137633    0
2609    1144.5279531839444  -2559.0431659571395    0
2610    1128.2800845110335  -2575.4215488599152    0
2611    1166.6731043304551  -2552.8112402919678    0
2612    1145.2517974756838  -2629.4208729058346    0
2613    1197.6170422810496  -2571.2149992464651    0
2614    1183.5449075816052  -2543.1735159787036    0
2615    1131.1457534508902  -2604.1876072491918    0
2616    1179.0425558537247  -2567.2296686146751    0
2617    1182.4196740289685  -2596.7677366718713    0
2618    1020.6733089411091  -2783.5955089596468    0
2619    1011.3440949935609  -2799.8313715249592    0
2620    1156.25  -2000    2
2621    1236.229152617711  -2299.2350042480143    0
2622    1062.0438210433149  -2671.1721476210064    0
2623    1060.4413053931994  -2691.5103742921569    0
2624    1088.6674029487808  -2653.4232592349867    0
2625    1082.8412832581437  -2720.6757799948477    0
2626    1072.1661622190179  -2657.5134839588486    0
2627    1074.7263855583371  -2632.5115373137214    0
2628    1075.8514765581681  -2702.8595205876063    0
2629    1060.7617615564452  -2719.0589052568162    0
2630    1500  -3000    6
2631    1137.2940044244776  -2685.1370971937076    0
2632    1070.5754229037288  -2736.6105633346774    0
2633    1143.118271157251  -2473.2182223768145    0
2634    1111.5784245027335  -2731.903396062276    0
2635    1142.6715278203687  -2772.2172393841433    0
2636    1211.124920658543  -2338.134999379713    0
2637    1106.8699199250564  -2626.1855383214652    0
2638    1055.9028343147679  -2631.326003003468    0
2639    1066.7481822578011  -2609.1569472261017    0
2640    1096.2064046105741  -2705.153000665121    0
2641    1092.1119353350825  -2636.0241025770229    0
2642    1088.2585304959714  -2614.2560669616764    0
2643    1106.4247229273653  -2606.3973758885882    0
2644    1064.2740984519221  -2592.0992591359686    0
2645    1119.6344104319298  -2761.6856683089945    0
2646    1196.564418371762  -2323.1126285164405    0
2647    1109.8814441221448  -2670.1488949555915    0
2648    1110.7570046141693  -2648.0040941849302    0
2649    1125.5286548648753  -2634.1169212165505    0
2650    1130.8416583408102  -2654.568127654708    0
2651    1057.2859146976025  -2783.8981499456222    0
2652    1032.3625393495331  -2857.2114765011961    0
2653    1035.92155276378  -2835.1247051276878    0
2654    1188.4695941305968  -2514.2088910458519    0
2655    1106.121598734012  -2687.228936606456    0
2656    1209.7016437081099  -2288.9376515848189    0
2657    1124.7825153566982  -2372.0585487038161    0
2658    1134.4850364757408  -2075.1939385262735    0
2659    1222.4805962935523  -2508.049230005724    0
2660    1141.0894340897298  -2361.9758002198528    0
2661    1055.4630773523404  -2839.2657383878245    0
2662    1143.0857978181305  -2490.0918841002967    0
2663    1219.1658471928822  -2315.7736917774032    0
2664    1162.0924281884329  -2356.0267261279814    0
2665    1179.6881122109121  -2192.381480998165    0
2666    1231.7308592095051  -2365.7855921783189    0
2667    1227.8450378215437  -2331.5210277155797    0
2668    1149.1076926283729  -2307.6396628987295    0
2669    1199.4891462969397  -2274.9650178340485    0
2670    1163.0735022260069  -2162.5343020524651    0
2671    1139.3488640842647  -2403.1079237682811    0
2672    953.56060951937411  -2845.1272137296824    0
2673    957.73233934162693  -2872.3201758274949    0
2674    972.2778098990201  -2921.8570668035882    0
2675    976.52033082347248  -2869.3514781506055    0
2676    970.99656526559295  -2895.3293455705675    0
2677    953.51407835785017  -2890.0797369968786    0
2678    1001.3404702190985  -2907.158587241136    0
2679    983.52737173441108  -2908.018930149512    0
2680    812.5  -3000    6
2681    753.27260094685334  -2952.0890944716948    0
2682    781.25  -3000    6
2683    790.36907589478142  -2940.7189325159529    0
2684    765.625  -2985.0895142958952    0
2685    793.48201280950786  -2971.5397061480103    0
2686    787.25143186526816  -2905.8162341385068    0
2687    784.10818423219041  -2923.6875903766963    0
2688    876.7895192418265  -2915.5190756055295    0
2689    858.1962597643942  -2924.5833416811683    0
2690    897.6235271423983  -2921.7869645453461    0
2691    902.37863941458397  -2957.372430808859    0
2692    957.00243425861242  -2937.0720843141007    0
2693    900.41627606378563  -2940.9134829692848    0
2694    937.5  -3000    6
2695    1117.9056311511981  -2354.1620161016413    0
2696    1250  -2000    2
2697    1117.4380803504164  -2325.8907204352354    0
2698    1117.1020176183551  -2262.4180193342281    0
2699    1076.1219457049824  -2781.7930628799759    0
2700    1011.0142807105436  -2484.2358522191066    0
2701    1252.0158670801602  -2490.0949137608882    0
2702    1190.173815821262  -2214.8407958969706    0
2703    1215.7493179730004  -2215.2869931270825    0
2704    1134.1737560328879  -2024.3610727276116    0
2705    1206.6591648664191  -2517.6669844980083    0
2706    1229.3872119087409  -2232.3782055363235    0
2707    845.77233315853573  -2978.713666618105    0
2708    828.125  -2990.7871687049451    0
2709    857.12388940284052  -2960.5935123394665    0
2710    829.40097517400216  -2956.2783774402274    0
2711    1127.6487801867022  -2239.9810289993898    0
2712    1068.035449817866  -2574.6325379900159    0
2713    1029.1176437814922  -2477.7480960314924    0
2714    1124.2658000684032  -2042.1131004981519    0
2715    859.375  -2990.745237754752    0
2716    863.67072906846954  -2942.7674222109863    0
2717    775.31585724196771  -2957.8069186279818    0
2718    771.26591981124045  -2939.0648666294342    0
2719    760.89634407377923  -2968.0474738163771    0
2720    777.41316988084873  -2973.9142983273232    0
2721    796.875  -2989.8567445188892    0
2722    886.01334967184732  -2960.0039941356017    0
2723    1097.7945891932411  -2342.4092319567521    0
2724    1088.7588085248435  -2359.8587660550902    0
2725    1191.502759595619  -2443.9052809220802    0
2726    1107.960255868725  -2300.1827550454586    0
2727    1107.408775737229  -2280.0604101839572    0
2728    1135.2718531086821  -2289.3655142484372    0
2729    1045.4214471991629  -2139.5434571722035    0
2730    1027.1947386586191  -2153.0145629130648    0
2731    1025.6217775618625  -2131.8201854061117    0
2732    1042.216526859386  -2118.5184870253488    0
2733    1024.6362528381967  -2113.7604987674617    0
2734    1100.457289231409  -2120.3973690320336    0
2735    1072.1047575661553  -2095.6564645430581    0
2736    1053.7930248771681  -2102.6848852462681    0
2737    1072.4372729475615  -2123.8915499180366    0
2738    1052.8155281163008  -2072.7693759028334    0
2739    1073.4838465665594  -2045.0303796188352    0
2740    1113.8615677367125  -2025.2078832028171    0
2741    1175.8328852404848  -2339.0645009301647    0
2742    1236.8202474288348  -2252.9415631312627    0
2743    1079.1108074416547  -2398.4396315963968    0
2744    1123.0771431586563  -2397.8274363216642    0
2745    1106.6225783680211  -2378.2062396625288    0
2746    1101.1677618705394  -2403.4327011672776    0
2747    1120.8824201817888  -2434.8702834316073    0
2748    1116.0541042997322  -2415.9977740046475    0
2749    1147.9624212024548  -2417.8882851754474    0
2750    1104.4043515484557  -2362.4958403347819    0
2751    1093.7014744735316  -2388.6152477113633    0
2752    1064.9668484876124  -2419.8290485106518    0
2753    1077.8768469517781  -2434.1993735807951    0
2754    1026.5094922392764  -2817.5056116098604    0
2755    1049.3646883841475  -2763.6488804389555    0
2756    1038.3346081573761  -2783.6234936453011    0
2757    1025.3070160093748  -2921.7007329742987    0
2758    1263.3507833789083  -2344.2885767628554    0
2759    1130.7339206109114  -2339.8103477875497    0
2760    1197.6056098546137  -2370.7481864743309    0
2761    1050.5953404964721  -2801.6312735431193    0
2762    1016.3210672479174  -2838.9770170633078    0
2763    1154.6335122788366  -2722.6836882154957    0
2764    1250  -3000    6
2765    1166.0832700119529  -2503.5207338876635    0
2766    1148.1009850334801  -2346.6801328049255    0
2767    1288.4985128060639  -2222.6363357091946    0
2768    1118.8449795112656  -2061.2088886908818    0
2769    1192.9150932167965  -2232.1699556914355    0
2770    1164.2146682951043  -2320.1191656223423    0
2771    991.62127915639644  -2836.5914460093873    0
2772    990.8894911896075  -2856.1145795090579    0
2773    1131.1613244985124  -2136.124445160518    0
2774    1221.4884981155797  -2269.6042872675589    0
2775    1165.1392570354794  -2144.6475849814742    0
2776    987.74515810981916  -2817.7223676834301    0
2777    1008.2372577447761  -2854.4195012738551    0
2778    1181.181956402145  -2149.2815782025159    0
2779    1141.188969914471  -2437.1694255509592    0
2780    1139.512367371374  -2054.8243792572016    0
2781    1253.0123723310405  -2276.2988054679622    0
2782    1172.3246965594763  -2653.3434108253455    0
2783    1259.8469436695459  -2232.9930165243245    0
2784    1147.7418664103498  -2707.3926326416176    0
2785    1226.2053680343749  -2285.7396846146576    0
2786    1209.6484304805599  -2158.3747185811294    0
2787    1258.8538263760402  -2624.9309331393483    0
2788    1168.1797112778568  -2732.5736657695156    0
2789    1125.4145186752028  -2723.729483443356    0
2790    1219.7924306610917  -2252.6587905381898    0
2791    1189.0043508614215  -2656.5056151674635    0
2792    1180.1186009635612  -2701.9990607688169    0
2793    1244.9314551645241  -2205.9879427308597    0
2794    1163.3987141723183  -2446.0071973245513    0
2795    1151.2281600765004  -2666.2304955746035    0
2796    1197.3767699846221  -2197.8004967086731    0
2797    1182.0285143097155  -2358.1297705628422    0
2798    1124.7824829309882  -2820.3815588475541    0
2799    1227.533889841483  -2201.8301629856305    0
2800    1214.139922809713  -2189.9741915479467    0
2801    1122.056980650066  -2691.3864524926626    0
2802    1180.7474125155754  -2165.9744889059407    0
2803    1198.8467191964478  -2304.377436098629    0
2804    1193.6165145859898  -2343.8246954453321    0
2805    867.37547051872582  -2974.9880311722782    0
2806    939.1659447319654  -2926.351186837659    0
2807    939.73241986889002  -2905.6016538470385    0
2808    954.67515951012319  -2916.3920989761077    0
2809    923.16445560242448  -2927.5392480008277    0
2810    933.34033417602836  -2956.2411697461548    0
2811    1159.974716176057  -2473.9809646689678    0
2812    1104.9564544833086  -2315.8912647186235    0
2813    1126.7915247381311  -2307.8412708632986    0
2814    1147.222188299723  -2329.8769484458344    0
2815    1159.7724676225653  -2288.0357201983416    0
2816    1180.6806399813672  -2309.4969964252782    0
2817    1175.0425408626011  -2294.0744897352743    0
2818    1190.5049952412883  -2135.4279489687842    0
2819    1084.8861218524632  -2109.625443239137    0
2820    1113.4636814576963  -2084.9559319940154    0
2821    1092.6295743298342  -2089.7084749041151    0
2822    1106.5091192139084  -2102.5110069775628    0
2823    1145.8363966102286  -2125.7843418261896    0
2824    1123.7155919356046  -2118.2997930644451    0
2825    1099.1054810521946  -2070.0550789586323    0
2826    1116.3782280608996  -2166.9366988726629    0
2827    1144.3644389009598  -2093.703136468675    0
2828    1114.1041876885749  -2141.7217268486006    0
2829    1138.8399303890717  -2110.0309843597065    0
2830    1089.0166052096536  -2142.7480017741705    0
2831    1139.2185335931536  -2152.1667910006345    0
2832    1102.1036168348689  -2155.5140411599155    0
2833    1074.0714852430206  -2171.1599285450557    0
2834    1083.3188164748535  -2195.3782406148921    0
2835    1096.4511261560797  -2177.2084603195112    0
2836    1106.4385842385136  -2200.9264195916357    0
2837    1066.9006956340145  -2145.4763515239351    0
2838    1049.7252225441016  -2164.4326876732207    0
2839    1068.9180205599007  -2187.0023076927682    0
2840    1130.100307160189  -2189.3976482283965    0
2841    1113.0284095060604  -2184.405298233607    0
2842    1142.3540922426764  -2205.0065287687244    0
2843    1158.2794091927092  -2179.8899542297427    0
2844    1135.1361844870498  -2170.898984132908    0
2845    1035.1073629115356  -2079.6660768480788    0
2846    1042.0549665683789  -2056.6066294486764    0
2847    1059.8368419366384  -2056.4314775670532    0
2848    1078.7793726154139  -2065.2372890279039    0
2849    1090.1932315269416  -2028.0315631427488    0
2850    1074.4666492396027  -2015.873057526456    0
2851    1100.6551720378345  -2015.1175895238387    0
2852    1208.7744196135745  -2239.6730315395016    0
2853    1099.9001669217398  -2432.5393761285691    0
2854    1109.639534951843  -2456.4576210581395    0
2855    1137.5700992312666  -2457.2827492819865    0
2856    1159.8023791094947  -2377.7355473506268    0
2857    1053.3056497933087  -2744.9016989043475    0
2858    1091.3499091333322  -2863.5920410697722    0
2859    1139.8973640613424  -2730.6935008882183    0
2860    1194.0782969482686  -2258.5256654553104    0
2861    1108.7693150217872  -2715.7257047986841    0
2862    1177.1199650066751  -2686.1762559702515    0
2863    1161.0745220957801  -2687.5534745762252    0
2864    1204.6409459071358  -2649.8944655465543    0
2865    1168.4298815188993  -2670.6788516333163    0
2866    1186.8525665620505  -2673.34545567332    0
2867    1123.1846049542903  -2471.0943527256677    0
2868    1093.2116678871705  -2752.8522226805417    0
2869    1123.159647442747  -2707.818295392924    0
2870    1197.9803363462768  -2177.2276345360415    0
2871    1245.433188542753  -2175.364132828211    0
2872    1185.8925439169575  -2627.3483160483779    0
2873    1187.5  -2000    2
2874    1161.387493793334  -2072.725776381445    0
2875    1146.3139305145255  -2037.9329820779353    0
2876    1179.7108314944571  -2044.125790869509    0
2877    1170.4897543735087  -2119.8644084651528    0
2878    1211.7546880824884  -2087.4482138686367    0
2879    1195.1573629653608  -2108.7929368063669    0
2880    1149.9856251920994  -2140.846396582036    0
2881    1224.9539289626564  -2172.3181653277952    0
2882    1240.1946790854272  -2140.2166138618068    0
2883    1227.6863851192243  -2153.9467680906464    0
2884    1216.0299576518464  -2130.7649965971063    0
2885    1205.0338872851225  -2142.7657909877767    0
2886    1239.4174158800636  -2106.5873356440584    0
2887    1201.5383660879479  -2123.6313370943326    0
2888    1232.777115041406  -2123.5644323151873    0
2889    1275.5569403156846  -2191.1736884631641    0
2890    1244.7987934866915  -2223.6828256018471    0
2891    1285.5316099517104  -2259.238815814494    0
2892    1258.7711927698447  -2255.0154548103646    0
2893    1282.9129348787192  -2306.5330822794995    0
2894    1153.7026080227449  -2459.016823748857    0
2895    1178.7314591591182  -2462.0803630671235    0
2896    1213.4132492141855  -2472.8760060245449    0
2897    1201.7314383103858  -2494.0192094126032    0
2898    1197.805909529282  -2461.9090116231037    0
2899    1222.683703422249  -2443.0939960203937    0
2900    1175.6576193099504  -2420.9810431115789    0
2901    1223.2503983078777  -2603.7559647443622    0
2902    1109.3598891747902  -2748.4841931898113    0
2903    1093.8509194312755  -2734.886798078961    0
2904    1071.5194759766641  -2759.1898896327502    0
2905    1100.0292222550202  -2776.3942319404737    0
2906    1093.3073817593952  -2802.2612623563928    0
2907    1076.9420984926451  -2798.5531358996559    0
2908    1118.9264657348854  -2801.6988973032053    0
2909    1073.3722173447666  -2855.2886814928229    0
2910    1062.4501539948812  -2876.6938335174041    0
2911    1071.842495883009  -2831.3067726183449    0
2912    1125  -3000    6
2913    1119.655117058885  -2782.1335236285272    0
2914    1088.6850000954937  -2824.3814177989157    0
2915    1062.5  -3000    6
2916    1149.8169603788881  -2802.2754812141166    0
2917    1251.014469933687  -2703.5424146939959    0
2918    1164.8513669340873  -2614.2503607988147    0
2919    1149.023019338405  -2605.7875153080795    0
2920    1164.8613120480313  -2634.5093143565732    0
2921    1168.4076208197787  -2095.8183401147885    0
2922    1156.5250547973894  -2108.9604233209948    0
2923    1187.3422132318835  -2077.4488948488474    0
2924    1185.5478441997923  -2094.542606922892    0
2925    1210.9977356125798  -2054.4961127496881    0
2926    1176.6818511820566  -2062.354852857125    0
2927    1159.2391623096837  -2052.9525839161452    0
2928    1164.1161183017159  -2036.1105296313735    0
2929    1181.3940269417596  -2021.6725368780544    0
2930    1200.303352673144  -2034.3797806455061    0
2931    1204.1814705876118  -2071.1374358405678    0
2932    1233.6896022060632  -2029.5316296495398    0
2933    1217.8660413823923  -2037.9438599725127    0
2934    1237.5031707915143  -2055.7933431379829    0
2935    1196.4487924055734  -2014.2176233417106    0
2936    1224.5790654400639  -2071.5802184810032    0
2937    1218.75  -2000    2
2938    1230.6924349877984  -2089.6372645742663    0
2939    1270.2572920894399  -2079.9920234939682    0
2940    1251.6359184429402  -2089.5773006638674    0
2941    1279.4983668153811  -2122.4845783356486    0
2942    1256.1351722527941  -2122.9133683183045    0
2943    1252.9203261542441  -2069.1919630170696    0
2944    1269.9659116422076  -2102.306520975967    0
2945    1392.9842281266688  -2104.8863323238074    0
2946    1269.2030026907096  -2062.3691899842033    0
2947    1304.6042615395286  -2095.2546274532942    0
2948    1330.7410494780188  -2111.4402415017421    0
2949    1212.6001077241822  -2018.8389556694788    0
2950    1245.4630662342997  -2041.2297063164594    0
2951    1312.5  -2000    2
2952    1305.3531313103942  -2115.2574273960049    0
2953    1369.1186036837973  -2096.1138540559955    0
2954    1289.4940529187004  -2108.3830091858945    0
2955    1303.4519532276511  -2158.3166868337812    0
2956    1291.425417708301  -2078.63378416668    0
2957    1353.6587119608969  -2111.3035819872639    0
2958    1445.9462992597669  -2124.3540239882582    0
2959    1375.108814035965  -2138.5888256809922    0
2960    1297.3467195521584  -2136.4755242255637    0
2961    1375  -2000    2
2962    1269.7496411425509  -2153.3012099694693    0
2963    1383.8170832267838  -2087.4685335185527    0
2964    1322.4609409021389  -2135.7416221005683    0
2965    1280.3964573548058  -2139.7189880971841    0
2966    1257.7780707270738  -2140.4210333121987    0
2967    1348.1658746106589  -2148.6112561247319    0
2968    1338.4397935853774  -2135.9320082041827    0
2969    1217.1254018298441  -2108.4984907328958    0
2970    1256.5102503729113  -2190.8616319254752    0
2971    1266.3253886296427  -2173.2077585832117    0
2972    1287.9686907176776  -2173.4413579369575    0
2973    1326.7204295652161  -2197.6243498072113    0
2974    1310.2932745020528  -2180.8077226951291    0
2975    1303.5099208562808  -2203.8656394254581    0
2976    1292.9007139101323  -2190.103498729502    0
2977    1335.7466530857726  -2172.3755079303578    0
2978    1324.6349417339093  -2236.1477138150826    0
2979    1399.2503578292301  -2209.3153011109548    0
2980    1329.4222277300494  -2153.9430823410394    0
2981    1319.3635740781992  -2216.5442131982941    0
2982    1306.1079117015615  -2230.6191354276416    0
2983    1351.9002495797727  -2218.305607681285    0
2984    1290.6814649069913  -2241.234764997695    0
2985    1335.9206104297757  -2212.0920376606573    0
2986    1352.8692414539416  -2192.1591572780808    0
2987    1273.240588785035  -2244.6847618464949    0
2988    1374.0993923856677  -2206.0371309653033    0
2989    1359.1087999780914  -2169.4573143933899    0
2990    1381.6827468164345  -2245.9771096948184    0
2991    1390.5515406567624  -2177.9334397528987    0
2992    1365.1337681301632  -2152.9993513158402    0
2993    1384.4478945791232  -2224.7621840699298    0
2994    1365.8739303821201  -2233.128925641613    0
2995    1415.3722558775332  -2239.5805242199231    0
2996    1345.523564756438  -2238.3148265587115    0
2997    1402.3427571154932  -2227.0945956928117    0
2998    1427.8715766241605  -2213.4957193874757    0
2999    1329.9319251460254  -2286.8459460049767    0
3000    1332.6196381146003  -2260.9392998656031    0
3001    1309.2133907113378  -2256.2741668871254    0
3002    1371.7453214989171  -2185.1388252666625    0
3003    1388.2666987698562  -2195.4633350262748    0
3004    1364.4318306627433  -2277.3324330323494    0
3005    1361.1430646558085  -2255.0998626964624    0
3006    1348.977604033762  -2268.2589770825539    0
3007    1300.6321256162571  -2283.7945596829354    0
3008    1266.5699918688674  -2211.6581201078566    0
3009    1260.1570743094978  -2299.1353682012009    0
3010    1265.8879413038649  -2320.2049675396943    0
3011    1277.6150809477672  -2284.1315059557601    0
3012    1270.4139411963376  -2268.1361773507069    0
3013    1240.1309807929495  -2464.8587763822866    0
3014    1160.721709148693  -2429.1803320384829    0
3015    1176.8621649118645  -2437.0866333580962    0
3016    1206.3952521620365  -2416.6734831187673    0
3017    1163.8949580359533  -2400.764349154611    0
3018    1188.3936742832943  -2400.0405590285823    0
3019    1212.8448107839001  -2391.6353290026263    0
3020    1197.5176169835577  -2386.8151963378386    0
3021    1215.4617123126282  -2373.7232344362269    0
3022    1204.1783809960639  -2592.4129737539129    0
3023    1196.5141064081558  -2610.6545958809265    0
3024    1364.5414429726357  -2045.2329136530025    0
3025    1105.891805026577  -2791.7245787564775    0
3026    1043.2810749712892  -2873.3235261077671    0
3027    1206.3368609553413  -2669.6529178138139    0
3028    1212.2289517409295  -2709.5937450928395    0
3029    1330.9609251830932  -2089.268201603426    0
3030    1223.717490020699  -2663.146641110498    0
3031    1152.8626925359852  -2749.3212131067316    0
3032    1133.7527579220477  -2748.7962359671769    0
3033    1098.0379322059323  -2844.9530086461418    0
3034    1171.9977952683632  -2751.4437343325658    0
3035    1199.027128293375  -2736.1534406487249    0
3036    1106.0790566062451  -2816.4731606846085    0
3037    1222.136783501918  -2681.637700305394    0
3038    1163.7699968368445  -2594.0525532200218    0
3039    1234.375  -2010.640223759262    0
3040    1374.7187976998282  -2112.2205202241862    0
3041    1357.3442039586623  -2132.0589460119172    0
3042    1285.4495691529987  -2063.4850145678283    0
3043    1302.4544931250725  -2020.4789074516098    0
3044    1353.1131593434222  -2090.2306049929462    0
3045    1312.5651923784906  -2076.8889967355894    0
3046    1411.458582208289  -2111.677098267553    0
3047    1395.1170291979349  -2127.6092489314397    0
3048    1396.0692145960859  -2153.0648221724737    0
3049    1421.3095464375822  -2138.1280120726069    0
3050    1380.581083717515  -2162.6748447698556    0
3051    1405.360748343541  -2139.9716699328478    0
3052    1417.0550295363591  -2187.4834251292459    0
3053    1408.7684684796523  -2168.9288634267732    0
3054    1442.8305861191263  -2164.844240373056    0
3055    1426.4328105232664  -2172.167569851174    0
3056    1445.2148624917625  -2192.2028248917895    0
3057    1312.569136530255  -2311.3697566066703    0
3058    1316.4980620533179  -2273.6437140660705    0
3059    1224.0689658466804  -2459.859040836302    0
3060    1231.4255693745147  -2484.3752100317124    0
3061    1284.7952118730398  -2411.1791258320441    0
3062    1192.108478890078  -2426.5484429143785    0
3063    1215.0607315381992  -2627.2749619954575    0
3064    1200.4941484035976  -2634.2745083272516    0
3065    1238.3275039661498  -2651.7026297612642    0
3066    1236.7179141948477  -2621.6309361808148    0
3067    1229.1885933949893  -2637.1128671705992    0
3068    1054.6582804972643  -2858.1854348545507    0
3069    1035.3506767937863  -2909.5306780026494    0
3070    1136.5002200096505  -2789.5627055922901    0
3071    1185.0894336991141  -2721.5583650541962    0
3072    1050.2267518386448  -2891.5051139235343    0
3073    1200.2811481782423  -2690.9512753137878    0
3074    1031.2273813563256  -2894.2996637652227    0
3075    1343.1663997399455  -2063.7542836355465    0
3076    1266.0956946316294  -2041.9588579602523    0
3077    1258.0549347061403  -2020.9767102104561    0
3078    1313.7965612133378  -2040.2691916907752    0
3079    1427.723204857944  -2120.6795831916997    0
3080    1443.8423173469221  -2072.3637428300594    0
3081    1431.2988736017171  -2095.0257501493629    0
3082    1408.4530073291278  -2085.6236990518028    0
3083    1462.757935925777  -2097.6359646524584    0
3084    1425.3810976374264  -2076.9478472303008    0
3085    1497.1399953692403  -2149.5184772767157    0
3086    1402.0317488422916  -2052.2419663212363    0
3087    1427.8006942921213  -2031.5760038893243    0
3088    1447.6155320577948  -2089.2546289477691    0
3089    1394.964146969246  -2070.9099373299168    0
3090    1382.0505158830908  -2055.3490350751586    0
3091    1386.9856261920008  -2026.5968120157822    0
3092    1414.6827985633122  -2203.7248960110046    0
3093    1440.9482133540203  -2144.3344072988402    0
3094    1415.999219759037  -2062.4280014207397    0
3095    1426.8736449227808  -2154.6958923622474    0
3096    1437.5  -2000    2
3097    1473.9413852012044  -2069.550393984845    0
3098    1469.6013163349864  -2140.8866446236393    0
3099    1429.8666041806212  -2197.4110988964085    0
3100    1493.9032721421622  -2249.5696365104804    0
3101    1314.3545958821344  -2294.2255488409301    0
3102    1293.3483120707658  -2335.8855252085455    0
3103    1282.3476060693768  -2323.2652814382486    0
3104    1359.3042113503577  -2326.0497495905893    0
3105    1256.9921634728607  -2433.4668534876032    0
3106    1236.3504347336977  -2411.0398698219806    0
3107    1220.0536033621506  -2406.8419817191329    0
3108    1018.5047934685093  -2905.8909009152389    0
3109    998.84111277711702  -2938.2981200659119    0
3110    1046.1563387264675  -2928.677763494733    0
3111    1144.9048433863472  -2872.2891150968471    0
3112    1087.0427861504297  -2909.4390394273523    0
3113    1079.3646902434944  -2875.5794478030366    0
3114    1118.9344966830988  -2862.9704834207441    0
3115    1070.7975288678606  -2896.0322098048314    0
3116    1067.2344421439241  -2920.4076580753353    0
3117    1053.2712852463574  -2909.1689157667115    0
3118    1092.0824498778343  -2886.7866768053009    0
3119    1020.5240679316255  -2945.3893588870601    0
3120    1125.8046875449838  -2906.1759394941123    0
3121    1105.4007870331302  -2874.757167085043    0
3122    1110.4944650740042  -2893.7839546414302    0
3123    1129.5133686111792  -2885.9400502860099    0
3124    1157.0068896084458  -2901.4366494810047    0
3125    1000.7608341200339  -2969.1238868819955    0
3126    1100.4648563658645  -2957.0484553919878    0
3127    1005.9262493638871  -2953.3295426338705    0
3128    1088.1570182789801  -2934.8216008877325    0
3129    1063.7550210573847  -2962.8549782801051    0
3130    1116.841956341616  -2933.458762820012    0
3131    1081.0539996727625  -2953.275888813092    0
3132    1063.2337197177528  -2941.5038060724605    0
3133    1093.75  -3000    6
3134    1042.719515594649  -2952.6866223896354    0
3135    1101.8990694931979  -2921.5026218214985    0
3136    1102.8355973128935  -2941.2146060536684    0
3137    1024.9914999183063  -2969.2047689903397    0
3138    1031.25  -3000    6
3139    1012.8237461783207  -2984.8685658880599    0
3140    1218.4087239896749  -2801.9507750748253    0
3141    1171.1451304258533  -2781.3269321137473    0
3142    1160.2505022108739  -2766.3256622345216    0
3143    1236.5649142558427  -2738.2511468363014    0
3144    1230.6580261318127  -2700.3914198511525    0
3145    1228.9606731909055  -2720.0469023529345    0
3146    1217.8990928648768  -2735.3578603718124    0
3147    1209.8526889049738  -2768.7178464014255    0
3148    1224.4745151913091  -2754.5942337314041    0
3149    1207.3295023791461  -2751.4750403178327    0
3150    1274.5456842262745  -2778.9925189769938    0
3151    1251.7743502202754  -2762.1465879034208    0
3152    1304.8834052837681  -2058.3000854141023    0
3153    1323.9878971239814  -2061.2869251872212    0
3154    1293.5481446101046  -2041.4783077981847    0
3155    1281.25  -2000    2
3156    1339.6264903013325  -2038.0740813960113    0
3157    1325.7977475700329  -2019.2261987100183    0
3158    1343.75  -2000    2
3159    1371.0437257360202  -2030.230613168404    0
3160    1365.0085904930766  -2070.6550832788885    0
3161    1435.3608466876656  -2052.1510483976299    0
3162    1457.38135735316  -2054.7968047785439    0
3163    1489.2951359755418  -2035.6461018293148    0
3164    1476.3269961074775  -2050.2020688112857    0
3165    1506.1282598306707  -2063.6977399159127    0
3166    1468.75  -2000    2
3167    1446.4938170217799  -2036.3838342566676    0
3168    1441.1543260870319  -2018.4001973247664    0
3169    1407.0287119572374  -2032.0738368249156    0
3170    1417.7403113274406  -2045.4108592380378    0
3171    1406.25  -2000    2
3172    1400.6010646204209  -2016.1835204453726    0
3173    1475.2401854365442  -2175.8029585859986    0
3174    1492.8231719080732  -2115.0456039986966    0
3175    1467.2262471741053  -2119.0957020174369    0
3176    1464.2352164298072  -2225.4046940006883    0
3177    1287.6739172266339  -2373.3735350511429    0
3178    1338.3018155161406  -2311.1801126806931    0
3179    1328.7152600663292  -2346.9875773669291    0
3180    1360.8601492731482  -2301.5850102928562    0
3181    1340.1350129975795  -2330.8579184623823    0
3182    1320.6544261802717  -2329.1731238937969    0
3183    1425.9867351321902  -2318.0088571073611    0
3184    1348.6454950021941  -2287.3968662656621    0
3185    1397.2666233843981  -2294.5573085361266    0
3186    1377.8326182650533  -2291.6952591273366    0
3187    1384.004617396075  -2317.1977113091552    0
3188    1390.9875521639233  -2269.7819016415683    0
3189    1395.5005561649434  -2388.1631382283917    0
3190    1405.0589925935037  -2314.3262486862204    0
3191    1399.3547181445811  -2351.1249417821409    0
3192    1396.7295603962755  -2331.8765435115847    0
3193    1375.5881128034582  -2344.5630941595387    0
3194    1352.4576041957732  -2351.6896840712238    0
3195    1426.9289794018812  -2273.8563041378952    0
3196    1400.3542142267586  -2252.3997405511732    0
3197    1409.3394734804738  -2268.4563647367954    0
3198    1381.8986826757996  -2368.0281107301139    0
3199    1331.3613331883907  -2395.9189164290474    0
3200    1336.2734703334684  -2371.1160657402402    0
3201    1363.7802213647212  -2394.9294976789574    0
3202    1311.6639675270076  -2365.576910200828    0
3203    1378.2735737107917  -2385.1387613582992    0
3204    1359.486929516931  -2372.9513670878491    0
3205    1347.3057151777803  -2386.7392912494297    0
3206    1309.4608028411008  -2346.4411109235934    0
3207    1292.3957155826072  -2354.9147938679703    0
3208    1306.4998803275364  -2390.4938746943585    0
3209    1321.5739462639797  -2381.0927080109059    0
3210    1287.5876164583212  -2392.3793585306194    0
3211    1257.917140664191  -2382.7415245250131    0
3212    1313.2380304710423  -2419.2938846420475    0
3213    1316.7305786806776  -2403.2885105040205    0
3214    1241.8853646153109  -2445.5769003370783    0
3215    1234.2561932468516  -2429.0875257230855    0
3216    1275.4866484061133  -2463.6247716375078    0
3217    1259.8256376417355  -2452.4790860915346    0
3218    1260.5775819090986  -2409.4540605214961    0
3219    1270.3379964113406  -2394.9932181345912    0
3220    1247.6137026507929  -2397.2564494650019    0
3221    1007.9076661586425  -2923.3557607493781    0
3222    976.06952757945783  -2945.410186833783    0
3223    1156.5362602258433  -2837.9260361123761    0
3224    918.35844093657727  -2945.3979765737977    0
3225    906.25  -3000    6
3226    1119.3734483885023  -2841.3347942028117    0
3227    1137.5157666448956  -2834.8434130470332    0
3228    1149.5544897279133  -2820.7834440882284    0
3229    1185.3076052152576  -2816.2151001346278    0
3230    1168.0378968434663  -2823.2486421012209    0
3231    1189.9098245126413  -2852.2333333737811    0
3232    1182.8241271797813  -2834.8355660567618    0
3233    1213.6002709162412  -2832.4429755780166    0
3234    1144.3415665981745  -2852.9483792182855    0
3235    1167.2726998238022  -2861.9591065532713    0
3236    1162.9120238956684  -2881.8986898613421    0
3237    1212.5919624641804  -2907.5752680157984    0
3238    1185.3691123899769  -2899.3474597646587    0
3239    1170.8069954435286  -2845.9654965225991    0
3240    1186.579086871611  -2875.6882003095748    0
3241    1203.5279655252286  -2888.4155643819563    0
3242    1259.6735014664439  -2873.5782876987273    0
3243    1232.9776872850414  -2886.2074380575909    0
3244    1187.5  -3000    6
3245    1145.0201130740929  -2927.6020282321078    0
3246    1066.65940573327  -2981.5468214933258    0
3247    1045.8761589243711  -2975.2046067835527    0
3248    1154.1592166670737  -2785.364816361759    0
3249    1187.8365470509548  -2766.8494289856862    0
3250    1194.7557409499072  -2791.6874060722298    0
3251    1188.9444780161082  -2749.8655154181029    0
3252    1211.2430516242352  -2786.0777563796955    0
3253    1237.2757313163772  -2783.8795694647738    0
3254    1177.4265105254153  -2799.0957095494991    0
3255    1201.5604989632095  -2808.392188786343    0
3256    1235.7019722891828  -2767.1269876716437    0
3257    1257.343745380259  -2823.7158483906528    0
3258    1255.7918280939027  -2780.5294360344983    0
3259    1250.1791237896232  -2802.3522208213076    0
3260    1234.0729816130995  -2819.6368605909583    0
3261    1276.4920031471697  -2805.4109882970261    0
3262    1164.459096332931  -2807.9562926730227    0
3263    1239.0304363564712  -2850.3297576421364    0
3264    1297.7476487924898  -2846.8136768300146    0
3265    1230.0843257782612  -2836.027907790336    0
3266    1280.9742213337256  -2829.2674125607332    0
3267    1346.6864714462151  -2786.9586451591658    0
3268    1264.1106726532951  -2847.9799860156086    0
3269    1309.8767920585369  -2789.6705121714608    0
3270    1252.5072226181617  -2859.1523785429354    0
3271    1281.5110859758306  -2864.1798646781926    0
3272    1290.1586109558611  -2791.1232030333299    0
3273    1301.7636276128894  -2814.095283776564    0
3274    1312.5  -3000    6
3275    1329.8697825472975  -2809.8714327865905    0
3276    1282.8152022100539  -2897.2794574539153    0
3277    1314.7442681914913  -2804.847198076121    0
3278    1275.8004200531657  -2880.9803509089888    0
3279    1315.2245454864367  -2879.4270495633814    0
3280    1295.4368543001196  -2878.2841845649477    0
3281    1291.4527628844503  -2732.3250919982338    0
3282    1359.375  -2013.3293443859493    0
3283    1343.3840965231639  -2020.8200811042107    0
3284    1421.875  -2012.4781028692603    0
3285    1479.6154992028548  -2157.1828735724825    0
3286    1460.5300100977529  -2157.6860642072502    0
3287    1456.6343655828657  -2177.4244392821315    0
3288    1487.111613583992  -2133.2675480277248    0
3289    1486.7257177011586  -2090.9103780793107    0
3290    1478.2553461565528  -2105.8881430610354    0
3291    1539.6257524536229  -2144.2856040743773    0
3292    1491.3139086878493  -2073.6584458442471    0
3293    1503.2127160797213  -2099.5829847526015    0
3294    1508.3626203087856  -2081.9403344665411    0
3295    1529.6263821004993  -2094.6486237732747    0
3296    1448.342654874481  -2212.46003594688    0
3297    1441.2325379400359  -2237.4175753552786    0
3298    1470.991199527203  -2200.8819357800767    0
3299    1427.5391409484093  -2229.3735384341776    0
3300    1429.5883117876663  -2253.8734869829609    0
3301    1462.8666068861489  -2268.4705560914022    0
3302    1448.8626459568054  -2255.1643416854899    0
3303    1493.1640486115643  -2220.1825331499381    0
3304    1477.4466229840211  -2215.8524059709735    0
3305    1497.7586870104687  -2192.5175670735207    0
3306    1482.2468555907012  -2189.889487283001    0
3307    1268.5703413087267  -2364.6365108181121    0
3308    1249.9434918740565  -2358.5711686246254    0
3309    1235.2349058573857  -2348.0355900468076    0
3310    1348.5640677359199  -2427.9699540653723    0
3311    1292.0878355482587  -2439.5224017394467    0
3312    1273.8184566178588  -2440.6764178821195    0
3313    1271.7740582394231  -2423.1246183177709    0
3314    1258.0735043252134  -2471.825441740049    0
3315    968.75  -3000    6
3316    957.56126429567439  -2961.7640014156395    0
3317    941.21718431071361  -2977.569526851591    0
3318    897.51105652034516  -2979.3040757575745    0
3319    890.625  -3000    6
3320    919.51372094134183  -2982.2063460410332    0
3321    881.40739729874292  -2984.3787024716612    0
3322    978.8589330280879  -2967.2172447066241    0
3323    989.56668020702443  -2954.7656555092203    0
3324    964.0825560038287  -2980.6107613933859    0
3325    988.40863411378484  -2984.2669406047171    0
3326    1120.2469382131578  -2953.3023969295132    0
3327    1114.5777599618953  -2977.4701217106867    0
3328    1137.8992999048269  -2945.5280131689992    0
3329    1148.3278798131414  -2980.03826523824    0
3330    1183.9273695406532  -2953.4346262138633    0
3331    1092.3067252724184  -2977.7737068289684    0
3332    1109.375  -2993.5524839898894    0
3333    1161.7476979544372  -2944.6241034963032    0
3334    1181.8597740824989  -2926.3167138562558    0
3335    1150.3382207998329  -2958.6562781446346    0
3336    1130.2760249634687  -2968.4037742979267    0
3337    1163.4153736159656  -2926.2551471591569    0
3338    1171.9556404740269  -2910.8133014968084    0
3339    1142.4361504217379  -2910.589917856877    0
3340    1129.245276347719  -2922.4198071816459    0
3341    1046.875  -2992.5052895913327    0
3342    1214.725235610684  -2857.8643791339655    0
3343    1203.3386756114005  -2871.0186478732462    0
3344    1231.0098235602641  -2867.426044188544    0
3345    1328.4968717901932  -2791.2361514222071    0
3346    1328.4376394878943  -2750.1709375330784    0
3347    1320.8465365556367  -2770.7145365727456    0
3348    1341.4299975004392  -2766.6460682522779    0
3349    1304.3087623683273  -2752.9293326249767    0
3350    1398.7774498310966  -2762.6421577718347    0
3351    1293.54035799295  -2770.6579550782949    0
3352    1370.4753012689487  -2769.9661672861548    0
3353    1359.2785393948245  -2739.210152661185    0
3354    1345.7124993182106  -2749.9083894455821    0
3355    1336.6871113332782  -2724.5132110237992    0
3356    1318.9465831870018  -2832.8100491869609    0
3357    1302.378465230571  -2830.7764159734284    0
3358    1319.2322356220498  -2856.2899458912534    0
3359    1303.4183358844064  -2863.0501516573017    0
3360    1375  -3000    6
3361    1347.3188323512445  -2873.0706093414151    0
3362    1330.0497924658614  -2870.0793550435174    0
3363    1356.3733217285167  -2836.5623035373665    0
3364    1340.2148228671151  -2850.9672624445257    0
3365    1338.3331195880028  -2827.9716927942668    0
3366    1357.6912389019255  -2810.5572566322644    0
3367    1343.9684232876539  -2802.5913942912575    0
3368    1423.6548721384388  -2826.9361653773026    0
3369    1367.858495278246  -2791.4507097193559    0
3370    1391.3084634391296  -2816.1876995606463    0
3371    1375.4424095553488  -2807.7448219306793    0
3372    1395.352785025937  -2789.4581461584462    0
3373    1255.9904589161722  -2900.3226954898719    0
3374    1264.2394871602692  -2737.4244150215077    0
3375    1276.0297827892077  -2756.5628720664176    0
3376    1289.30004915066  -2747.9811416319649    0
3377    1484.375  -2014.7381008682921    0
3378    1463.1943858028521  -2021.6408088616377    0
3379    1532.9769908977303  -2111.0608076986459    0
3380    1480.9379256856757  -2235.1929266555044    0
3381    1464.3677845898212  -2244.3234055385701    0
3382    1477.3057372071141  -2257.2479687277955    0
3383    1500.318238496671  -2301.7562416177798    0
3384    1495.964851153831  -2275.8037977510021    0
3385    1474.8631916066061  -2292.6848422430839    0
3386    1627.2006618363084  -2190.6544060302344    0
3387    1532.2982196761986  -2259.750501130794    0
3388    1511.3136961125838  -2261.3995438789875    0
3389    1523.8424006125422  -2286.4893174810554    0
3390    1519.6488071708961  -2233.1246848850583    0
3391    1507.5848822258386  -2287.1959490001454    0
3392    1496.241511019844  -2171.0354010181063    0
3393    1554.8700224682946  -2177.6894260547379    0
3394    1527.0107007857407  -2161.543012249339    0
3395    1509.9420082914191  -2160.8302731396443    0
3396    1519.4806901356137  -2137.1347908546027    0
3397    1516.9500367505505  -2115.9314443383978    0
3398    1544.281160267934  -2123.4221229750251    0
3399    1572.4204786673909  -2120.0636502308039    0
3400    1750  -2000    2
3401    1332.8314468644287  -2415.7719887893068    0
3402    1350.7232548461914  -2408.9403433783286    0
3403    1378.4911447278757  -2421.7283168084136    0
3404    1383.9465145119675  -2403.4004531682272    0
3405    1430.7707112575424  -2426.9067532238828    0
3406    1409.5400838934081  -2410.8081457032936    0
3407    1402.9203608251346  -2441.5867844315762    0
3408    1455.4925183132216  -2372.255329277416    0
3409    1413.4175180999496  -2427.7432744137514    0
3410    1426.6423570245231  -2384.5303805185422    0
3411    1411.9240361831603  -2393.6554944668496    0
3412    1430.2308596978087  -2405.5700653487115    0
3413    1477.3357129472868  -2415.053412402413    0
3414    1446.8206432004561  -2391.9146646446561    0
3415    1471.500022670326  -2391.0586364224969    0
3416    1641.9538965006457  -2240.308138637587    0
3417    1499.6816565835204  -2350.8518845202898    0
3418    1505.6237361096655  -2395.4665481706315    0
3419    1480.3675990664494  -2367.2941974321843    0
3420    1487.7145479368535  -2399.8221827210782    0
3421    1502.0811764231707  -2373.2353351942402    0
3422    1487.8207023622804  -2382.7045024061063    0
3423    1649.5032266696644  -2200.4226981568399    0
3424    1669.8244881641156  -2125.03410898019    0
3425    1669.6590426227726  -2154.7753583818799    0
3426    1660.753171828185  -2304.2088474794914    0
3427    1520.5563675510186  -2351.1948127670867    0
3428    1548.0693477205325  -2322.6012910186541    0
3429    1523.5880962270223  -2321.0921303056348    0
3430    1510.3827978355062  -2334.9661946451179    0
3431    1479.9973678473334  -2326.0447064398927    0
3432    1553.3555723838435  -2306.4553899201364    0
3433    1526.9146020181165  -2380.6759722639522    0
3434    1463.3520206499052  -2346.8205122912918    0
3435    1638.3373529997293  -2346.6385857993268    0
3436    1721.8929536552639  -2143.0541324346527    0
3437    1481.4929715634044  -2349.0512818335292    0
3438    1453.0668282112404  -2321.5241917084959    0
3439    1431.4833078821014  -2350.9046235958867    0
3440    1547.3921920778591  -2364.7784752242292    0
3441    1546.9315412531553  -2385.322466132131    0
3442    1605.8258632910627  -2202.3138192387501    0
3443    1465.2703018590646  -2331.3014806057649    0
3444    1448.3471782639872  -2356.1156549449333    0
3445    1534.8679477333314  -2337.4321652833337    0
3446    1699.9695649485291  -2239.9329891651228    0
3447    1689.8534385816995  -2194.4346686280219    0
3448    1581.5119482360676  -2287.5716690413401    0
3449    1750.0493168735743  -2165.4779340969117    0
3450    1701.4024683328034  -2294.6179160929423    0
3451    1624.8281360030699  -2331.1003391212571    0
3452    1733.5822441334112  -2249.6250223245816    0
3453    1753.2483876026342  -2209.788769799517    0
3454    1522.1895040289653  -2396.593515109178    0
3455    1714.1457644491275  -2257.70737158874    0
3456    1666.7492336936534  -2234.56880438293    0
3457    1717.9081235162057  -2419.0084833352971    0
3458    1684.6836942191298  -2356.54529467165    0
3459    1296.7401946597297  -2423.2155453856622    0
3460    1330.5629683579562  -2483.7916876736181    0
3461    918.15217167030505  -2964.8173471439791    0
3462    1209.9510277727409  -2937.8126840530717    0
3463    1195.6740532505264  -2914.4013275188822    0
3464    1380.1551699836446  -2749.0260959257075    0
3465    1426.1460588086682  -2705.6683332078942    0
3466    1407.1743740752647  -2731.6153380229139    0
3467    1397.0116364035714  -2745.5146098591645    0
3468    1380.8516798007852  -2720.4364847137713    0
3469    1314.61432720469  -2731.5714180864106    0
3470    1306.6369056071733  -2668.5813493701207    0
3471    1302.0318541932697  -2701.1647467936878    0
3472    1302.6035828116517  -2718.7348510000834    0
3473    1386.8095013493623  -2774.740409175311    0
3474    1412.7329940358316  -2805.7586031475767    0
3475    1475.2432968243372  -2786.9253861207258    0
3476    1445.7359371644907  -2802.1431803993455    0
3477    1429.9294571485466  -2810.2950368827665    0
3478    1249.0952010610827  -2885.7473268227991    0
3479    1235.0705403952222  -2908.6123942617705    0
3480    1223.1099180684864  -2923.7279434151833    0
3481    1259.0666873478292  -2938.6275247973631    0
3482    1251.6640065403919  -2919.9460885245321    0
3483    1234.3561586977578  -2947.4242408186547    0
3484    1274.133845678967  -2921.8496265994236    0
3485    1238.587220137209  -2930.899306654444    0
3486    1218.75  -3000    6
3487    1271.2257971667368  -2955.6750736295503    0
3488    1270.2961036604192  -2906.6748678886202    0
3489    1217.8806780351506  -2953.4680113105383    0
3490    1250.4089064706629  -2953.4123463985807    0
3491    1250.6482802317407  -2746.0752112498831    0
3492    1273.9551687189996  -2714.1101017647657    0
3493    1257.002668931525  -2720.7270989773219    0
3494    1275.4472819616612  -2680.6868982311826    0
3495    1267.8891332675787  -2697.0943875336566    0
3496    1545.4714340846854  -2161.7982227420293    0
3497    1625  -2000    2
3498    1578.0404640518357  -2153.2607318497567    0
3499    1555.9257311839253  -2101.4240284313582    0
3500    1613.9417050281181  -2066.7021468478101    0
3501    1588.1847777076082  -2089.4952065285825    0
3502    1574.3702610969051  -2101.7200770517852    0
3503    1478.6160114197205  -2275.7466650176748    0
3504    1447.8676470906491  -2290.9804553255326    0
3505    1545.2619845926765  -2278.5565631439972    0
3506    1539.6815530268057  -2296.3729552886857    0
3507    1575.704542654202  -2271.1629784513552    0
3508    1613.3546087974507  -2260.9879024372076    0
3509    1647.9918957591979  -2324.6030661502455    0
3510    1727.7865606194403  -2283.9753598234288    0
3511    1536.4441334027817  -2311.8636506504026    0
3512    1608.8045842227843  -2359.1460955952871    0
3513    1572.0916185968565  -2317.6475305590907    0
3514    1584.1303424541677  -2219.7466671131128    0
3515    1569.0504316188214  -2246.4241850319399    0
3516    1650.6137195376284  -2221.2900583125938    0
3517    1788.4003895668714  -2159.0074557847947    0
3518    1552.9564713579077  -2259.3811982030911    0
3519    1545.8743458429919  -2234.1107662081999    0
3520    1707.7713671356325  -2211.0086678724406    0
3521    1532.3942428114049  -2243.3872281341382    0
3522    1564.8147287217771  -2226.429039299448    0
3523    1566.7125813054608  -2200.6574534436768    0
3524    1713.6756218245139  -2189.1192946841111    0
3525    1603.660175880814  -2184.435929512958    0
3526    1533.6969144589721  -2203.1435936435064    0
3527    1549.131940202011  -2214.951867008524    0
3528    1532.407398908902  -2220.8211464096385    0
3529    1512.9482272116322  -2210.5158587953506    0
3530    1579.4757095923139  -2179.5395607119594    0
3531    1549.6778699784959  -2194.9036432633861    0
3532    1532.8776878622616  -2181.9376547077659    0
3533    1513.3285758981056  -2180.6232868762927    0
3534    1588.1420233975896  -2198.9092708651042    0
3535    1685.4372256619063  -2114.0206948547343    0
3536    1565.6424784395776  -2294.7222644604949    0
3537    1633.339990268739  -2206.9816403250024    0
3538    1594.9023113560313  -2165.518412685029    0
3539    1606.8891100172552  -2131.3026510484942    0
3540    1595.2658950343948  -2111.4149787399006    0
3541    1595.760393935338  -2146.6114777169987    0
3542    1626.8247936286173  -2157.4942605879642    0
3543    1588.3920935921342  -2129.55569833045    0
3544    1612.6893458951695  -2168.7698900725104    0
3545    1568.0472936771571  -2166.9851273763566    0
3546    1634.7789592226825  -2101.662227463306    0
3547    1611.9113318329967  -2093.9340667382439    0
3548    1617.9483706911028  -2113.7672037059656    0
3549    1630.5543600541  -2133.9727049158023    0
3550    1628.8513001027752  -2081.5054358530242    0
3551    1686.1146814183053  -2075.6155545933448    0
3552    1718.75  -2000    2
3553    1658.0295933811985  -2083.8747473981975    0
3554    1636.6898562443951  -2058.7006123267338    0
3555    1602.3279996955068  -2079.527896318179    0
3556    1593.75  -2000    2
3557    1581.779341871686  -2065.3881509238927    0
3558    1565.4784279881392  -2080.9853663697299    0
3559    1593.0930495943278  -2319.1712459324958    0
3560    1644.1450609060216  -2074.0127022935844    0
3561    1625.344742197356  -2030.4456334560527    0
3562    1562.5  -2000    2
3563    1561.4941865231858  -2279.0221737930578    0
3564    1637.1098131816782  -2042.1268189661687    0
3565    1597.9960280092482  -2062.7284362783671    0
3566    1617.7067887271899  -2047.9648619550635    0
3567    1546.5374588099112  -2044.8730506200059    0
3568    1604.6884149995512  -2031.8645763168374    0
3569    1561.2056355258776  -2060.2030104007072    0
3570    1536.4508517750319  -2069.206687323091    0
3571    1613.9308875365036  -2015.3501063687677    0
3572    1577.7331839761371  -2038.0336226293664    0
3573    1547.0225060783821  -2084.8110881840744    0
3574    1641.7240224285388  -2147.8002181036723    0
3575    1600.9532550139259  -2271.4589210261547    0
3576    1524.2948171966361  -2049.9105209521986    0
3577    1701.0682243242745  -2274.2021906671134    0
3578    1585.961261842084  -2334.4697564148996    0
3579    1546.875  -2014.1060567900374    0
3580    1506.0165017276606  -2044.688404725011    0
3581    1507.1500684946247  -2022.610130644334    0
3582    1521.2589676985031  -2032.783367182858    0
3583    1585.4003889230189  -2372.7318642708983    0
3584    1606.7671640859487  -2340.9865591825514    0
3585    1590.4666147188832  -2302.4976542567852    0
3586    1630.9657393533182  -2174.0295261656715    0
3587    1629.6908380403358  -2310.9059221563543    0
3588    1706.8101743872323  -2131.0421673879014    0
3589    1633.2075860647149  -2224.8448819515229    0
3590    1609.8310607838603  -2316.9927600036076    0
3591    1709.3116805407503  -2348.7830334733239    0
3592    1682.2632932524066  -2304.437779159231    0
3593    1648.0094573120882  -2173.757281125067    0
3594    1646.6140670291284  -2273.2426244220187    0
3595    1665.673968837446  -2321.4776046625939    0
3596    1821.3102337159007  -2203.2945224998061    0
3597    1743.0427068238173  -2267.8137470098027    0
3598    1590.0104753581725  -2402.8882560640245    0
3599    1531.2214327168028  -2410.5261740590872    0
3600    1618.10879193285  -2215.4834360512182    0
3601    1653.8658231755376  -2158.5996451417259    0
3602    1701.5322583972386  -2086.2741346889929    0
3603    1713.0389679054492  -2035.394057915812    0
3604    1683.5636563618079  -2095.7856080181768    0
3605    1717.1359840715713  -2066.4735406569944    0
3606    1620.4291756394082  -2373.2453408919687    0
3607    1591.3664923870513  -2353.6841548533907    0
3608    1614.0518764879182  -2293.1752333308536    0
3609    1693.2283481020195  -2255.3488115392279    0
3610    1729.7784219707407  -2031.2752151721625    0
3611    1752.5574144982006  -2063.7690689776191    0
3612    1530.7124716704354  -2364.4306579917998    0
3613    1682.6087379260941  -2282.9292133917011    0
3614    1626.1977790587875  -2270.9120539673149    0
3615    1715.0536312624124  -2232.4789615638865    0
3616    1690.6799793426089  -2225.9046185073485    0
3617    1666.4349878737162  -2267.8216033000526    0
3618    1671.875  -2014.567704725265    0
3619    1734.3335012267796  -2058.3997667627846    0
3620    1687.5651313830006  -2132.227854740373    0
3621    1680.895777956136  -2331.0023484916669    0
3622    1502.4985975927204  -2234.6505745967238    0
3623    1370.2068803889831  -2456.8745710269882    0
3624    1409.2667604239639  -2370.8760087066207    0
3625    1426.1331244890566  -2367.2957250154473    0
3626    1518.3290197503536  -2303.7511392046958    0
3627    1498.1116350006628  -2320.5550233772842    0
3628    1483.6013420132945  -2308.415030625999    0
3629    1456.3914682386544  -2509.2716822144453    0
3630    1437.8167957401552  -2332.9392614144053    0
3631    1682.764300424227  -2241.4220895308094    0
3632    1701.2991363416177  -2366.3117370521477    0
3633    1756.2740667265928  -2228.3714772754902    0
3634    1817.4886577182058  -2104.5393871764522    0
3635    1672.8726275555334  -2424.3993698617514    0
3636    1667.9842086313263  -2186.0128642404829    0
3637    1693.961294259708  -2318.3574633685826    0
3638    1826.5396261304443  -2084.1091340962089    0
3639    1729.7632948025757  -2181.7784446214046    0
3640    1751.3532404131452  -2251.9365193342683    0
3641    1760.3313118562035  -2306.0472368742371    0
3642    1777.8184218387839  -2299.026773971746    0
3643    1707.0927222689752  -2384.6935398962551    0
3644    1826.7630724548599  -2124.8691806189513    0
3645    1696.0785322763857  -2166.2937539550717    0
3646    1686.6828926529715  -2149.9110328388515    0
3647    1798.0448150131267  -2319.6120844295601    0
3648    1323.4380023924996  -2451.1297931201975    0
3649    1331.1072267535192  -2434.2405902639371    0
3650    1347.1062744309827  -2451.6914656201802    0
3651    1334.9323139002681  -2465.7304669679638    0
3652    1193.0249868126493  -2939.1032039482657    0
3653    1358.1878698279284  -2716.1749809247926    0
3654    1380.9996645716235  -2657.2526274246734    0
3655    1335.3556558431376  -2689.1901690883637    0
3656    1375.0619780886773  -2688.8308225387841    0
3657    1342.1158977463342  -2706.6219653808848    0
3658    1355.2314275506874  -2691.5088728440082    0
3659    1322.0056918973328  -2704.3941777580353    0
3660    1348.847316887561  -2659.886800483961    0
3661    1316.0837860481472  -2685.7314063644644    0
3662    1362.8962992621291  -2673.5059555337775    0
3663    1328.4633243702904  -2667.7354299643171    0
3664    1317.5122205305177  -2608.8995162912893    0
3665    1316.4408085511161  -2639.5360567618536    0
3666    1333.0050556140361  -2649.1365838206161    0
3667    1362.0416586257297  -2623.3944746344164    0
3668    1350.7997845448699  -2639.9612762134307    0
3669    1364.3316395158806  -2651.3456608749652    0
3670    1338.6473280953103  -2619.6172341075489    0
3671    1371.8812827023212  -2705.7466061183636    0
3672    1360.5198462364847  -2558.4848296968175    0
3673    1322.9238357391873  -2624.4257744742772    0
3674    1342.2018594517517  -2586.4099289569094    0
3675    1334.1240630349048  -2602.3391686591858    0
3676    1401.7719844184492  -2707.7559994196044    0
3677    1411.1879865234152  -2674.3595732381877    0
3678    1412.7701070557164  -2692.831263459685    0
3679    1394.5250682858559  -2685.0903707561029    0
3680    1387.2874926409909  -2699.8958000144717    0
3681    1233.8030030279319  -2969.7703895080981    0
3682    1245.1101150748386  -2983.1660226150661    0
3683    1210.2112403215633  -2976.8854084042205    0
3684    1200.89672906024  -2960.8702021371114    0
3685    1183.7739587400022  -2976.8661345108048    0
3686    1156.25  -3000    6
3687    1132.3609562628758  -2984.9905373353913    0
3688    1166.578551867331  -2984.3480812436865    0
3689    1203.125  -2992.6375830582106    0
3690    1168.5326247765468  -2965.050090075707    0
3691    1289.2951604631003  -2966.2562353256062    0
3692    1318.4925754427136  -2923.7040854167813    0
3693    1281.25  -3000    6
3694    1292.2758719231038  -2940.4470659277649    0
3695    1296.5978593949915  -2915.9680444057676    0
3696    1304.2901833186122  -2896.8712363034924    0
3697    1258.9194752907672  -2970.2766472840449    0
3698    1461.8567992709704  -2284.049751349899    0
3699    1445.1155146971212  -2272.9821212628322    0
3700    1426.347988921598  -2295.9302359604976    0
3701    1441.0735228880362  -2307.8513297366585    0
3702    1460.5635260038609  -2304.5337246156105    0
3703    1666.7395732025307  -2061.6119582636093    0
3704    1687.5  -2000    2
3705    1790.8105462580365  -2183.8225363582596    0
3706    1593.6551863187385  -2045.6296825647755    0
3707    1587.758922110288  -2019.8663545133907    0
3708    1567.0048823006166  -2020.2631097967185    0
3709    1531.25  -2000    2
3710    1529.6872193501956  -2017.4378412689223    0
3711    1659.0058884499781  -2109.2404931780002    0
3712    1651.0614230095266  -2128.8325015200107    0
3713    1637.5631800344597  -2118.4576868741474    0
3714    2000  -2500    4
3715    1667.8255897201491  -2096.1993731083107    0
3716    1559.532918444917  -2401.5543192141799    0
3717    1830.8263479961865  -2145.9755727271331    0
3718    1737.5129292086153  -2226.7930380684616    0
3719    1738.9754130271431  -2076.2561675947122    0
3720    1671.6320373054939  -2210.6744392590786    0
3721    1704.3846456021311  -2149.5630739818125    0
3722    1734.9635903425644  -2155.53115330233    0
3723    1746.3089394098688  -2188.0188729737979    0
3724    1666.1891982392603  -2364.1619766424847    0
3725    1638.5703752069787  -2413.0180993744407    0
3726    1646.1888961623845  -2365.0549581084947    0
3727    1750.2267969974814  -2147.8108577494722    0
3728    1798.5082736038516  -2116.9020683307617    0
3729    1726.2864665359364  -2118.043395833854    0
3730    1683.6701337090119  -2380.3463175857692    0
3731    1691.1125780745326  -2405.520251252578    0
3732    1838.8690557860896  -2183.5066606412424    0
3733    1660.6326867743273  -2285.5528081037332    0
3734    1750.3953158977449  -2290.0359315176579    0
3735    1564.9732843995855  -2340.3739150651136    0
3736    1613.0030887481967  -2244.7610037930062    0
3737    1598.3153319470046  -2287.8585381918706    0
3738    1652.4461863621948  -2255.6204442533935    0
3739    1711.9879781222476  -2320.7322275621304    0
3740    1661.7608868368889  -2344.6568418334691    0
3741    1730.7128020768876  -2204.717521102114    0
3742    1753.6054627301535  -2098.431654245288    0
3743    1567.3065295298443  -2382.5120025628421    0
3744    1638.9140510030031  -2292.2942943312323    0
3745    1703.6587927815071  -2112.0199086180382    0
3746    1693.6863184468102  -2342.1579022104734    0
3747    1699.5426447304587  -2181.8190439018281    0
3748    1656.9806036199129  -2381.9175957792759    0
3749    1787.9219163259909  -2217.2447712859248    0
3750    1720.6838605056041  -2166.603953712673    0
3751    1728.0613562502504  -2091.1317099546927    0
3752    1830.2956714781726  -2167.4629731837331    0
3753    1794.5210191218555  -2097.9097191875021    0
3754    1840.9577366528963  -2094.2953638324843    0
3755    1769.3016772229853  -2119.8657255593766    0
3756    1745.5477770785135  -2131.3586477638173    0
3757    1752.5970972169282  -2115.6343031135693    0
3758    1862.6791913290053  -2160.4705066227493    0
3759    1636.5323584255975  -2386.7381546729821    0
3760    1696.2295986548015  -2428.7148011916529    0
3761    1775.152237798429  -2099.117127291237    0
3762    1737.8302590281696  -2105.2903643752998    0
3763    1731.1799100575734  -2391.0772186743861    0
3764    1652.5715805447257  -2400.3069377203965    0
3765    1672.925950163755  -2489.4774691660946    0
3766    1769.311276064687  -2271.4497825066505    0
3767    1764.9525374281418  -2080.7414303884293    0
3768    2000  -2250    4
3769    1709.2339420417291  -2402.8805427042134    0
3770    1713.0424525478932  -2098.284132487765    0
3771    1614.0888695009935  -2397.1679543433424    0
3772    1808.8873228935418  -2083.9158009374842    0
3773    1860.5372269242469  -2099.1997423666253    0
3774    1671.3002099150347  -2397.690485272024    0
3775    1699.6430982008242  -2064.3182947282862    0
3776    1768.0050500079974  -2180.0382590178983    0
3777    1767.2193533845859  -2145.8560001471769    0
3778    1875  -2000    2
3779    1725.9464394388169  -2366.9826051830501    0
3780    1746.6036213531693  -2415.5246665096142    0
3781    1755.9277306911806  -2388.1635707559917    0
3782    1767.2519503135234  -2243.6671571639599    0
3783    1602.7918871921599  -2381.3723647359329    0
3784    1812.5  -2000    2
3785    1663.2276394837706  -2037.1506560813709    0
3786    1690.7555202879664  -2024.5619330405577    0
3787    1809.4227222687107  -2144.0071211358577    0
3788    1842.8113339597942  -2132.7239806563507    0
3789    1785.514255748119  -2134.2432212776721    0
3790    1789.3960735680528  -2079.1922819335873    0
3791    1678.9387755757391  -2456.9334709799696    0
3792    1744.730774216951  -2399.61715595946    0
3793    1681.279878015454  -2532.918496860148    0
3794    1771.3338995812865  -2162.8615844618171    0
3795    1771.7652952511858  -2062.7536545290341    0
3796    1682.1597213265452  -2439.5003267441639    0
3797    1726.1356838015238  -2466.4463377570983    0
3798    1852.861212387246  -2040.4679241406468    0
3799    1715.9846249221371  -2443.7745083833811    0
3800    1810.7024025455487  -2127.7418311741817    0
3801    1671.1469474883365  -2509.0821349744388    0
3802    1878.5801566282482  -2048.5504301889282    0
3803    1656.6929359976803  -2522.4458666315768    0
3804    1629.7103494159658  -2547.3931310451007    0
3805    1691.9309827637371  -2491.5288723700824    0
3806    1820.4595808476772  -2067.5358351899163    0
3807    1753.0492030934338  -2508.2549974432691    0
3808    1850.0941223634143  -2066.0660758590466    0
3809    1700.6930062490567  -2522.0183531638427    0
3810    1730.1971079229811  -2552.7296553095971    0
3811    1746.2532986257397  -2545.4282721454533    0
3812    1742.8334207689086  -2020.0172760032576    0
3813    1702.1575022712282  -2463.5738748361    0
3814    1744.9260417538194  -2444.4247380233269    0
3815    1708.450941432498  -2016.4959711325705    0
3816    1690.3607014530376  -2049.3355295723854    0
3817    1698.4853348792851  -2446.2815222698282    0
3818    1686.2963741306119  -2475.1203236175479    0
3819    1716.1272856107755  -2516.3053812242983    0
3820    1709.2055346062111  -2489.9229006223682    0
3821    1730.7168193632929  -2432.4610026462778    0
3822    1730.3009089999214  -2450.9729781876504    0
3823    1636.9883139099645  -2015.0890223665303    0
3824    1743.8345345676853  -2041.2551894513347    0
3825    1648.4439894104078  -2030.5863048770236    0
3826    1652.5861957725147  -2051.1612158578068    0
3827    1679.6985544476811  -2036.7756616672211    0
3828    1382.8610752987665  -2441.3078078781859    0
3829    1364.0414423236236  -2438.9360288787707    0
3830    1435.9373217243231  -2470.466918099135    0
3831    1310.5884247566023  -2437.6947464301165    0
3832    1301.0479600476576  -2463.4623931464166    0
3833    1288.4912488594387  -2498.7965183237634    0
3834    1274.444731301739  -2484.0000865457182    0
3835    1292.9618060124001  -2480.4870172199699    0
3836    1310.6749434275416  -2494.5124921731513    0
3837    1313.8109867203632  -2476.5227148954382    0
3838    1309.1858785643024  -2546.379970205483    0
3839    1337.9215075442969  -2521.249828355305    0
3840    1304.1455868033204  -2520.280154511368    0
3841    1328.439894296102  -2503.6606109911736    0
3842    1361.5683412289509  -2497.1526271323496    0
3843    1343.9960175695367  -2495.2749539453557    0
3844    1260.4112860394905  -2535.7025467382582    0
3845    1320.750906837322  -2530.6099899996793    0
3846    1334.723191732264  -2552.9823038877107    0
3847    1285.595927003945  -2537.3989787530218    0
3848    1351.2713173637958  -2538.6227723915958    0
3849    1399.0313792996333  -2528.4681340616812    0
3850    1359.3342731799328  -2518.6113552503984    0
3851    1376.3202846915033  -2539.043282999472    0
3852    1382.5006552472903  -2510.1775486770375    0
3853    1315.4487732839564  -2574.8449179340605    0
3854    1344.9529904391547  -2568.2440231361029    0
3855    1284.8023811858873  -2517.929650059652    0
3856    1267.8002556150354  -2504.7294676611709    0
3857    1245.6123028034754  -2512.8311647910546    0
3858    1410.6426111210917  -2583.078956518113    0
3859    1414.6973083036357  -2497.6941422371679    0
3860    1385.9418165372429  -2481.3146765957708    0
3861    1392.6232634424446  -2460.6781186480875    0
3862    1407.5018970687406  -2476.8952334296337    0
3863    1423.8036394590495  -2482.899708761669    0
3864    1436.292982706831  -2500.7870013337501    0
3865    1422.3816365935597  -2520.9804320921421    0
3866    1319.5391965931797  -2559.023478718052    0
3867    1270.0488401855482  -2580.4161983556023    0
3868    1249.5682573328918  -2597.9382273068381    0
3869    1228.9880558588075  -2534.909221652104    0
3870    1398.5505501462153  -2557.1101552820082    0
3871    1400.984235574472  -2510.0877871877465    0
3872    1377.4633434588168  -2494.9404063373854    0
3873    1289.3286792037468  -2563.0661413023499    0
3874    1391.8277120645944  -2542.6722487707148    0
3875    1379.53519819135  -2557.7974924894129    0
3876    1371.0105536057811  -2585.3369649832516    0
3877    1416.595192233113  -2543.088033900895    0
3878    1271.9298465183865  -2552.4914311193493    0
3879    1293.9741052510228  -2587.6154209510855    0
3880    1418.1917049675965  -2563.7641492358321    0
3881    1466.4485228543185  -2593.7577462529512    0
3882    1457.0438806684874  -2550.3644710125145    0
3883    1439.5365979095811  -2583.2393577425833    0
3884    1435.8709436795491  -2551.999345986932    0
3885    1447.6366395090015  -2566.4538445498365    0
3886    1444.8223798000186  -2530.0069330604501    0
3887    1275.5568622654484  -2605.4664960198688    0
3888    1311.2292439690768  -2592.1904027304458    0
3889    1260.3556810420957  -2609.3208065326744    0
3890    1287.5416930143688  -2632.649964775238    0
3891    1296.4213370000218  -2608.5664908711187    0
3892    1275.0447801235466  -2621.9259770615981    0
3893    1304.4589323115176  -2625.2086863767868    0
3894    1296.875  -2985.8943569872572    0
3895    1331.6159913858387  -2963.1181464159258    0
3896    1310.7931957328155  -2969.2403922734097    0
3897    1343.75  -3000    6
3898    1315.4505526082776  -2946.6088009753903    0
3899    1326.3860631320094  -2983.8023254266827    0
3900    1275.7746339677299  -2980.8636251706444    0
3901    1412.2602300619992  -2285.6499324543147    0
3902    1602.4009890311759  -2227.828133289423    0
3903    1591.0690028080555  -2246.7089343214843    0
3904    1549.0842344033069  -2347.462419257588    0
3905    1568.0003419155166  -2361.089619681261    0
3906    1505.3260374029701  -2425.2573016888773    0
3907    1569.5460862841915  -2482.307393427338    0
3908    1742.4731302919749  -2312.0614921171723    0
3909    1736.8483341914045  -2340.3160327224923    0
3910    1725.084450740402  -2351.06844866027    0
3911    1719.8559522785915  -2302.3403331969334    0
3912    1808.058872892688  -2169.6227150690042    0
3913    1658.743633149171  -2551.7294823223597    0
3914    1867.1515586303988  -2061.8853974474823    0
3915    1859.8647279368688  -2127.3923453705338    0
3916    1678.3475347671047  -2170.904853638031    0
3917    1776.5052758573656  -2199.4221021588469    0
3918    1766.4322789281637  -2287.4385839908709    0
3919    1865.6309275379956  -2079.381736637838    0
3920    1816.4802659552358  -2033.7678615501843    0
3921    1824.9726063555358  -2426.9619532248789    0
3922    1844.9995068788708  -2157.0758619902017    0
3923    1726.7842514863576  -2535.4246309832347    0
3924    1820.6878717723664  -2184.0960447134835    0
3925    1854.6207699355964  -2192.6053598382537    0
3926    1705.0351292367588  -2537.8928923936051    0
3927    1690.31707191787  -2557.1914768046049    0
3928    1722.1359861358528  -2568.4181788706614    0
3929    1794.8539444269636  -2506.0541102237203    0
3930    1846.1006698307783  -2113.3063077664342    0
3931    1937.5  -2000    2
3932    1690.8307119136778  -2508.84299061703    0
3933    1665.2034756738744  -2536.563495351339    0
3934    1909.5386104175459  -2067.7882967994847    0
3935    1749.6637632616835  -2587.1905537731404    0
3936    1746.1285266478772  -2566.4588579774168    0
3937    1735.8061975469861  -2517.8661549948397    0
3938    1803.7444074464433  -2567.3012773857135    0
3939    1733.490173941246  -2493.4379837264287    0
3940    1775.0938657662653  -2556.1150428631877    0
3941    1765.1115438453289  -2573.8890797172053    0
3942    2000  -2750    4
3943    1774.6865876191644  -2600.6300816777275    0
3944    1708.6568837312491  -2555.9166742727507    0
3945    1763.2054813569603  -2474.5304757134486    0
3946    1722.7691113455796  -2481.8614096307865    0
3947    1751.8610163122451  -2489.5056067868159    0
3948    1773.4459281875866  -2497.5500715221178    0
3949    1744.3364149466313  -2472.0207317101003    0
3950    1801.5287369651821  -2064.3057523025991    0
3951    1834.5146773164292  -2051.4333472782478    0
3952    1757.6147885043797  -2029.9630631703774    0
3953    1347.9862865207322  -2477.8882809864313    0
3954    1656.25  -2000    2
3955    1424.9804600515411  -2449.6800115245442    0
3956    1410.2501262755766  -2459.4399601264313    0
3957    1365.8026091000777  -2476.995368542699    0
3958    1230.041340210865  -2572.0400551475741    0
3959    1213.6705910162893  -2577.8604395264497    0
3960    1214.611591954621  -2554.5743036668664    0
3961    1248.2457661547346  -2556.3948813685961    0
3962    1197.2537307489506  -2553.8456502017189    0
3963    1244.5732501185225  -2540.3133533017785    0
3964    1231.6215145632477  -2551.9220622939206    0
3965    1249.9315938148811  -2576.7702266703991    0
3966    1357.2131990346456  -2602.1709759505243    0
3967    1390.3991308728966  -2576.7054281784517    0
3968    1424.8371452370141  -2628.6360858543626    0
3969    1266.8645964561799  -2652.3277203366661    0
3970    1298.7397922028974  -2649.73852659153    0
3971    1287.5058188967203  -2665.5230059058558    0
3972    1359.375  -2974.422475083345    0
3973    1342.2240746326045  -2976.803640995558    0
3974    1477.4277967155249  -2458.2929402839641    0
3975    1452.7429410291613  -2444.6160715804294    0
3976    1440.2755087914691  -2454.8990862155028    0
3977    1573.0800451838434  -2440.8718515767127    0
3978    1729.4367089866623  -2324.1534065122514    0
3979    1751.9131680727796  -2362.0366318843085    0
3980    1741.1738100366213  -2376.2908188409801    0
3981    1799.9903076852204  -2368.0211881766104    0
3982    1766.775793464451  -2335.6437224527272    0
3983    1775.1032539559872  -2371.8452349229287    0
3984    1752.944963880349  -2345.2364205442418    0
3985    1789.8605447492268  -2408.6120454291536    0
3986    1784.5772499756984  -2350.6073825025887    0
3987    1790.1899143021303  -2387.1348331124805    0
3988    1773.3581352849255  -2397.6178365744645    0
3989    1817.6025753330027  -2398.2963590578402    0
3990    1807.47429560049  -2383.9279183300137    0
3991    1851.2449868878355  -2363.8279825562008    0
3992    1825.5981959765463  -2365.686826777051    0
3993    1810.3056988440196  -2343.362982195119    0
3994    1784.7945676091692  -2332.2783067622772    0
3995    1774.8814572494257  -2317.0005082422076    0
3996    1839.9976437237442  -2386.5024670733287    0
3997    1854.922389333304  -2305.2904311519487    0
3998    1823.9747998318423  -2382.1981370827098    0
3999    1837.2873400630397  -2408.5155610277207    0
4000    1880.8219503442965  -2450.9129116859799    0
4001    1895.2063838815661  -2327.0535327712496    0
4002    1855.120015292295  -2433.754408139594    0
4003    1860.4485902133035  -2400.1938319241317    0
4004    1841.3520222406025  -2424.5629539893093    0
4005    1828.1593230795586  -2319.106281379366    0
4006    1870.5317175670343  -2418.9980887042343    0
4007    1872.1340134496711  -2436.097804751068    0
4008    1907.3619312415444  -2356.8841880650239    0
4009    1921.9775900815341  -2328.1786512550339    0
4010    1889.6386989831415  -2425.832633939734    0
4011    1813.2272904793874  -2326.8146180863382    0
4012    1836.8406063673563  -2342.9442839452245    0
4013    1857.6936992873175  -2381.1535525911404    0
4014    1869.814538853565  -2335.6102598954321    0
4015    1848.291123160089  -2325.274485402661    0
4016    1854.8133234234886  -2345.9572400616244    0
4017    1872.9917978489382  -2356.2646899517099    0
4018    1818.1246728845247  -2272.8484917167066    0
4019    1889.6512358226385  -2345.8814227563867    0
4020    1886.5545046139162  -2405.3818099216073    0
4021    1909.8427483650671  -2423.939452494581    0
4022    1808.4281026374013  -2254.582699960431    0
4023    1873.0964541853402  -2024.5475865823266    0
4024    1890.625  -2013.5592413160632    0
4025    1906.25  -2000    2
4026    1895.4707525458221  -2034.1636518548817    0
4027    1925.3176104937495  -2046.1521065871693    0
4028    2000  -2125    4
4029    2000  -2062.5    4
4030    1913.6405036128328  -2031.5709550283925    0
4031    1906.8784934040671  -2049.1460616371573    0
4032    1930.7416044903648  -2019.6936858838344    0
4033    1898.9604441626182  -2085.2504196366822    0
4034    1887.8913036351207  -2068.0953194247691    0
4035    1968.75  -2000    2
4036    1880.2889434849862  -2093.7128008839923    0
4037    1899.2499776791417  -2105.6646182651143    0
4038    1944.1449810035117  -2034.0280733462985    0
4039    1934.6791946513144  -2094.9529749913877    0
4040    1879.3694484499306  -2116.1878727870439    0
4041    1918.211776895585  -2084.9773789866231    0
4042    1951.6706195217898  -2066.3951089753409    0
4043    1881.3545707503401  -2142.2226921472152    0
4044    1942.116261280192  -2051.5581781435149    0
4045    1931.2542582605063  -2069.047617837698    0
4046    1967.6231406721042  -2045.6275901146066    0
4047    1864.5028662261414  -2143.6565235236581    0
4048    1908.958430667549  -2189.1537272817309    0
4049    1976.178870764129  -2068.7103595973326    0
4050    1964.3369134091633  -2022.7187205244086    0
4051    1948.1292239355246  -2014.654193623122    0
4052    1889.3609342606899  -2169.097041501796    0
4053    1961.6469426005037  -2091.6645762012818    0
4054    2000  -2093.75    4
4055    2000  -2031.25    4
4056    1984.375  -2014.8231180264845    0
4057    1878.2890740523894  -2157.7657562913273    0
4058    1991.3534530016468  -2078.125    0
4059    1981.4903126723359  -2033.2115607125443    0
4060    1985.2305380416999  -2051.3409049598813    0
4061    1781.25  -2000    2
4062    1645.967117528061  -2537.9105948786387    0
4063    1616.4533157456613  -2505.9889100498422    0
4064    1627.6716075860959  -2525.221440868841    0
4065    1578.6884424922005  -2540.9051429967526    0
4066    1604.9186077799086  -2538.493214327746    0
4067    1589.5071233519006  -2514.7253893709794    0
4068    1597.2430089626805  -2598.8545598663645    0
4069    1590.9719826759058  -2530.6560023636584    0
4070    1607.7720342506584  -2569.5247489356566    0
4071    1613.5808380267313  -2553.3436579204863    0
4072    1593.2302383714293  -2555.2149459662046    0
4073    1553.6872658821969  -2580.8553192802742    0
4074    1570.6164442235561  -2563.6516822792169    0
4075    1523.353483264817  -2534.0740998011006    0
4076    1576.7873073600297  -2586.6554660269212    0
4077    1589.6723522019543  -2573.3741896120896    0
4078    1543.7062050690677  -2554.1021239412898    0
4079    1549.6125098933107  -2645.9836441547804    0
4080    1561.1973237806342  -2547.5036334690212    0
4081    1560.0039852534712  -2517.8585984703113    0
4082    1570.8675551366882  -2619.8316592466044    0
4083    1580.0933688878986  -2604.3616173221621    0
4084    1799.1855178472958  -2536.6941920868016    0
4085    1774.714292236642  -2524.750763217186    0
4086    1725.9709840623982  -2661.3182749311168    0
4087    1802.4274901644105  -2595.4845956645909    0
4088    1761.3441178813653  -2047.8022644983639    0
4089    1233.8897132309944  -2589.4490461354071    0
4090    1424.9761138379706  -2603.6028796970159    0
4091    1392.6871764001376  -2610.8857568444914    0
4092    1396.2425183801954  -2593.4810150658391    0
4093    1375.7459047977063  -2603.2893578624839    0
4094    1449.8851197802674  -2616.2581476283344    0
4095    1410.8158244481315  -2616.0412594966847    0
4096    1395.2863481362335  -2636.1973671773676    0
4097    1442.2044613094936  -2600.5342905504681    0
4098    1380.5408969078189  -2624.9222767403526    0
4099    1401.695548037902  -2655.9208406323746    0
4100    1427.4621934181625  -2654.3186875654183    0
4101    1412.3962891898659  -2641.5405229849321    0
4102    1445.7740848654003  -2639.4715526867953    0
4103    1438.9872259278172  -2680.3057734824583    0
4104    1498.0674320260873  -2636.7618418499555    0
4105    1447.8965033582549  -2660.8054255771494    0
4106    1494.6217039131534  -2693.938535522374    0
4107    1472.4118478054011  -2647.5939839302341    0
4108    1468.1030407194712  -2681.8227451465245    0
4109    1426.6027915486054  -2670.2489900322357    0
4110    1463.048614530536  -2630.5600984590565    0
4111    1252.8249929463761  -2641.5633137239993    0
4112    1252.1526301210217  -2672.2585135702948    0
4113    1239.6574419877752  -2684.9895156203434    0
4114    1359.375  -2991.9837991127301    0
4115    1391.9329067693136  -2886.2733087784695    0
4116    1360.6489213766572  -2931.5594257457969    0
4117    1337.6566961147187  -2937.9036785410403    0
4118    1351.3050627831224  -2954.5042868532946    0
4119    1485.3154537705348  -2436.6562805783601    0
4120    1466.7341813223879  -2431.2446681358711    0
4121    1455.4172970957329  -2412.2683188895753    0
4122    1574.0573540409935  -2418.5424689533215    0
4123    1549.9930560909863  -2428.6753052596587    0
4124    1547.4361709475866  -2412.5375895993793    0
4125    1527.1587745391134  -2433.5104749778757    0
4126    1548.402276043859  -2459.6356046345754    0
4127    1507.8956414862141  -2457.1439561940647    0
4128    1556.3851342946614  -2444.5247563193939    0
4129    1511.9377344739471  -2440.7713580934987    0
4130    1492.4274014778107  -2451.5050001772415    0
4131    1771.3307405380831  -2431.4587417551284    0
4132    1808.3774440446502  -2415.9484029661144    0
4133    1799.6518327192723  -2447.1056391758239    0
4134    1792.7439938718355  -2428.3706671915702    0
4135    1792.3617580114715  -2475.3476477671843    0
4136    1777.5879659906172  -2481.919884436054    0
4137    2000  -2375    4
4138    1797.1897052553661  -2300.2227626899576    0
4139    1908.1056008024664  -2339.1892239816684    0
4140    1822.8464272297663  -2292.9822360019662    0
4141    1870.6220413539863  -2316.3964470771966    0
4142    1880.4720599276436  -2285.8226393372906    0
4143    1848.8811153458425  -2273.0842607061963    0
4144    1785.9515522894626  -2256.2487246200126    0
4145    1799.0792979809742  -2280.906799096314    0
4146    1795.8393672936559  -2237.1964825661662    0
4147    1822.7951608750129  -2230.9293951090331    0
4148    1871.2021138908528  -2179.6856177245086    0
4149    1883.1378358612151  -2212.1042727937447    0
4150    1871.9930676101369  -2197.8009504792731    0
4151    1855.1730054042748  -2222.4002101350534    0
4152    1933.7627432491338  -2145.3145461086474    0
4153    1946.8920980825674  -2082.8857048401937    0
4154    1979.9171747642797  -2109.375    0
4155    1979.5154314970755  -2091.5103623121609    0
4156    1972.8830306588263  -2132.8118535072213    0
4157    2000  -2187.5    4
4158    1952.2869012292213  -2119.5995585463074    0
4159    1963.6543531707575  -2107.8727930864397    0
4160    1606.3323059175254  -2520.6960929955112    0
4161    1595.8770914226425  -2488.4487527407782    0
4162    1647.0688941010628  -2600.1866145917506    0
4163    1504.7642961790557  -2573.3200117154474    0
4164    1573.2765005610315  -2502.3648267857325    0
4165    1544.6822390505115  -2532.7549125037672    0
4166    1792.7007636626722  -2553.3031519363508    0
4167    1859.6679375655451  -2512.517604785397    0
4168    1791.1043046165485  -2522.2104121156913    0
4169    1755.2328908309548  -2527.8620531546585    0
4170    1755.9608731465823  -2635.4951652983987    0
4171    1786.1341727010681  -2580.6008336687005    0
4172    1790.0557596148813  -2606.1374044639219    0
4173    1849.5182461785296  -2601.2768262932464    0
4174    1787.4857707142921  -2047.4455209265238    0
4175    1805.0453675978833  -2047.0983919520902    0
4176    1494.9887979441421  -2665.2684838062319    0
4177    1452.400734848605  -2703.0291350180905    0
4178    1474.4743304983958  -2702.9569709217981    0
4179    1463.5750093985175  -2745.0445133940957    0
4180    1499.5213045850453  -2731.8983905794157    0
4181    1463.5015360010484  -2722.5704279406209    0
4182    1491.3556836024359  -2713.6562224190147    0
4183    1436.4304017616446  -2733.8960930667035    0
4184    1479.8229957462099  -2733.7542318411761    0
4185    1525.7259235855679  -2709.219944918445    0
4186    1446.2823342324414  -2719.4284647623704    0
4187    1486.8048534848708  -2761.138392875569    0
4188    1507.8728093012423  -2706.2627707748543    0
4189    1521.4833080837866  -2679.4633663093291    0
4190    1453.2242891735102  -2687.2223432613255    0
4191    1438.4296876725152  -2695.955537023257    0
4192    1465.4942130269758  -2664.1087563793349    0
4193    1436.0395672666939  -2957.8772746577024    0
4194    1377.157005802369  -2955.6241425936255    0
4195    1437.5  -3000    6
4196    1403.2425220352832  -2931.4044456037473    0
4197    1394.9245378640412  -2948.6030517118088    0
4198    1406.25  -3000    6
4199    1381.9465718394729  -2931.7155801045733    0
4200    1371.4886613669132  -2905.5989354845974    0
4201    1416.5610623766499  -2948.4566335698819    0
4202    1405.8417378314784  -2963.1500815263917    0
4203    1450.8682730655571  -2936.7548301651482    0
4204    1446.5432090076533  -2911.3119137068234    0
4205    1427.2305318873478  -2926.395999680858    0
4206    1378.2370931899748  -2974.4553148671148    0
4207    1419.9704365293469  -2897.1952611089268    0
4208    1390.625  -2989.0025939691695    0
4209    1434.8105239661909  -2941.2480814719338    0
4210    1474.4943148866873  -2969.107511319226    0
4211    1412.2542578050861  -2914.6166099204011    0
4212    1430.1099301893298  -2910.1772056268587    0
4213    1457.1774358743305  -2956.9504475703184    0
4214    1468.75  -3000    6
4215    1483.7012345505684  -2937.5810366149899    0
4216    1467.1441990564779  -2942.7534970784227    0
4217    1424.0113213397308  -2978.0996687609941    0
4218    1406.4580579748356  -2980.9173735053191    0
4219    1421.875  -3000    6
4220    1447.6750694612817  -2978.6289660466578    0
4221    1453.125  -3000    6
4222    1448.0573436655502  -2427.9442612340154    0
4223    1569.2250047503744  -2461.411535734806    0
4224    1601.0002540707458  -2456.7437370784382    0
4225    1584.3095941965371  -2453.6111101022343    0
4226    1597.2071753098912  -2430.9229953989452    0
4227    1625.6636241931778  -2439.9317033865541    0
4228    1605.343608869548  -2413.8932304637933    0
4229    1609.2459013103878  -2442.3434743860589    0
4230    1536.0313677464244  -2492.3680680319858    0
4231    1532.8278445268368  -2514.1741949766524    0
4232    1554.1133024230066  -2499.3806903360437    0
4233    1495.5183849500661  -2497.5547105695068    0
4234    1509.8976877625714  -2515.4624562984745    0
4235    1515.8973482857962  -2495.9180203897681    0
4236    1522.4741893700223  -2474.3480958963846    0
4237    1501.5489777786893  -2477.3009293070259    0
4238    1540.0959825956143  -2475.2002862583745    0
4239    1528.3844813859348  -2454.5608980649185    0
4240    1481.8881514750353  -2523.2262336486237    0
4241    1463.3828860229578  -2526.7675664372214    0
4242    1765.0195150914963  -2414.0994560435479    0
4243    1754.4641539421875  -2430.4796769950112    0
4244    1765.3416271385465  -2452.6311875571587    0
4245    1781.8525367694197  -2445.8683760470362    0
4246    1832.7530969282609  -2462.728141842998    0
4247    1874.7395547290439  -2388.4066687691598    0
4248    1909.8120463917633  -2298.5858498495163    0
4249    1909.0723209939761  -2316.1869660349939    0
4250    1802.3871644424084  -2199.3120375846438    0
4251    1813.3784621729183  -2308.5100231800971    0
4252    1889.6373695875284  -2306.2156472618753    0
4253    1893.0734613103282  -2385.7539811696065    0
4254    1841.1129374378788  -2207.7582649149235    0
4255    1837.1419897782337  -2303.6771902337905    0
4256    1807.795016656308  -2217.8780783920292    0
4257    1889.3586672172094  -2188.7020095227731    0
4258    1880.8175348578534  -2248.9277496054751    0
4259    1907.2417559843589  -2149.1402192378182    0
4260    1909.4303043773812  -2169.0899040412301    0
4261    1957.0364659312295  -2188.4684976981744    0
4262    1925.0483764343944  -2179.4946802900863    0
4263    1933.6678013405387  -2212.0835942209292    0
4264    1934.8038142310368  -2163.780920520388    0
4265    1917.270596505396  -2124.8243628342461    0
4266    1951.6336427502215  -2144.9456410084458    0
4267    1956.7042562568267  -2166.4129623022941    0
4268    2000  -2156.25    4
4269    1896.6202360549541  -2127.9656131053384    0
4270    1935.4984451573714  -2127.035319272266    0
4271    1918.5532774644241  -2105.5634608569485    0
4272    1978.2732904089576  -2177.1183501508517    0
4273    1994.1223956534304  -2171.875    0
4274    1975.8434331138074  -2154.9328291778756    0
4275    1600.7718325615938  -2503.5457536721178    0
4276    1640.7228450128891  -2573.0227069221728    0
4277    1520.8901351370705  -2556.9327379696551    0
4278    1498.8673907497136  -2542.9974197208048    0
4279    1528.6672797374047  -2580.7137340574227    0
4280    1497.9148895475294  -2526.6390467065748    0
4281    1477.5117559754353  -2544.1609943332401    0
4282    1473.9895636740755  -2569.4075998274557    0
4283    1541.2368193631248  -2570.261861173602    0
4284    1507.8376447222602  -2605.7188043335073    0
4285    1541.0135510302528  -2609.7163358887233    0
4286    1459.6498048499955  -2578.3094665090189    0
4287    1487.4013100820182  -2586.9038802799873    0
4288    1513.0464033206367  -2588.8795364549214    0
4289    1541.1107171342942  -2592.5457969871309    0
4290    1559.7584545830584  -2601.2368667644855    0
4291    1826.4706470126682  -2517.2106895502634    0
4292    1772.0258341581432  -2621.6622615393226    0
4293    1749.5216210276346  -2611.7718430440523    0
4294    1721.2293576777111  -2599.3171863552911    0
4295    1725.9064793242594  -2630.9172999788188    0
4296    1738.0739689619118  -2599.4145909565405    0
4297    1741.9454436482522  -2626.5638230963777    0
4298    1739.1922023104896  -2646.3467879230366    0
4299    1784.1681725459978  -2660.9179281306065    0
4300    1762.0152803319695  -2663.2327110286037    0
4301    1805.6762228912453  -2666.7069369972019    0
4302    1766.17007753965  -2647.7962883910886    0
4303    1821.6283025106186  -2630.2940351013785    0
4304    1847.6796832060907  -2532.6407815762409    0
4305    1808.3761945643605  -2614.9035862711435    0
4306    1828.3110178724719  -2585.1973668179858    0
4307    1787.3934319391583  -2691.7842455553573    0
4308    1845.8690978468931  -2582.0944163493173    0
4309    1887.5131373475001  -2582.5617846017699    0
4310    1830.0628914806921  -2602.9412506335434    0
4311    1791.1600764313378  -2625.6519447913142    0
4312    1899.2961592798599  -2549.7584168542107    0
4313    1782.8106629891811  -2641.4024304536451    0
4314    1825.9511373448906  -2541.3889689027824    0
4315    1836.9667879425338  -2642.1625023355723    0
4316    1814.3218701258561  -2529.0443742453449    0
4317    1865.0778779215445  -2613.0742410450048    0
4318    1800.5843774657851  -2642.775593638235    0
4319    1875.3754895581217  -2535.5078302766888    0
4320    1791.7142244821982  -2675.7310962704564    0
4321    1845.2677888679216  -2555.9397783882077    0
4322    1779.327424867726  -2721.7520846406542    0
4323    1860.3216392130216  -2545.7238043324483    0
4324    1825.586763392859  -2565.5700837316408    0
4325    1810.8164815869759  -2581.7541598601265    0
4326    1844.3638415621147  -2624.2345005622778    0
4327    1874.0568136557199  -2568.3621346473474    0
4328    1822.5756686172601  -2656.0335943500836    0
4329    1856.8111182424032  -2568.7586223187136    0
4330    1866.7670686048407  -2641.0127763582341    0
4331    1841.961392482948  -2660.9023949531693    0
4332    1906.723598327578  -2586.2578494089676    0
4333    1869.7485406750654  -2590.754574797535    0
4334    1485.200198815659  -2679.4805256762402    0
4335    1488.6097902692122  -2650.1600068830448    0
4336    1422.5660465330623  -2722.9600044127696    0
4337    1420.3160421097111  -2751.8215833373797    0
4338    1421.0900790909868  -2779.43196906    0
4339    1443.1538744381965  -2756.1461038064567    0
4340    1462.7407437443674  -2767.8428125979435    0
4341    1443.2119234070649  -2778.2969694847507    0
4342    1457.5508201186949  -2788.8359451966207    0
4343    1560.393855032949  -2775.7569966614496    0
4344    1504.2933063336568  -2679.7249956155442    0
4345    1565.9878903761569  -2688.2987586818167    0
4346    1518.4090281602159  -2653.37823755111    0
4347    1537.4878484950079  -2664.3534157081203    0
4348    1543.2236437651284  -2686.4598233648803    0
4349    1560.2520951060364  -2666.1923510250567    0
4350    1522.3835020605027  -2627.753564169845    0
4351    1622.671534965496  -2661.7941319211072    0
4352    1575.4620734966497  -2645.2793768640995    0
4353    1532.2877778818768  -2642.4103148923018    0
4354    1524.0499625564341  -2610.8350044588537    0
4355    1506.5651190090191  -2622.3773149587746    0
4356    1483.5302497313521  -2612.2398473167195    0
4357    1562.2348028963459  -2634.528902816221    0
4358    1598.8311872481845  -2627.9215220546107    0
4359    1466.3209022076676  -2611.0104766836657    0
4360    1582.8441351502058  -2630.8079421843013    0
4361    1368.8416221660225  -2882.3220588956879    0
4362    1385.7178989816719  -2853.1452125101246    0
4363    1365.3329459121642  -2860.8234388765768    0
4364    1382.6864814134601  -2870.8609550968004    0
4365    1343.0486720214064  -2908.9671853950717    0
4366    1335.5155523410374  -2889.8687942670845    0
4367    1353.8906524260935  -2893.655835245248    0
4368    1334.3614544441373  -2922.3190366391309    0
4369    1454.7512874839088  -2863.7930379635509    0
4370    1392.485036447621  -2907.3340169073963    0
4371    1484.375  -2986.925087542349    0
4372    1750  -3000    6
4373    1497.0607289049942  -2968.2418127264004    0
4374    1520.0604055683868  -2891.4754966244964    0
4375    1502.6680339297111  -2947.5577179045076    0
4376    1485.2584328428663  -2955.1434184943228    0
4377    1625  -3000    6
4378    1506.1595835649814  -2917.9025312758667    0
4379    1517.286988619443  -2962.622905184478    0
4380    1562.5  -3000    6
4381    1464.4016366680414  -2983.2111333345615    0
4382    1623.6780573864576  -2476.6746366071447    0
4383    1585.7193651909272  -2472.4822677490783    0
4384    1650.2581875581895  -2435.1747319447668    0
4385    1655.9695984983075  -2418.0430290118065    0
4386    1642.1570365480054  -2459.2481138766652    0
4387    1623.7631607043802  -2458.2541194913292    0
4388    1648.057679586705  -2484.0158801770167    0
4389    1639.5057146613292  -2505.4305653369861    0
4390    1660.1587172475761  -2451.9062352249625    0
4391    1665.0578581905168  -2471.1962978224665    0
4392    1627.676704251877  -2493.2075706772166    0
4393    1656.2003794487946  -2499.6826295784199    0
4394    1622.1743105569512  -2421.7067620736916    0
4395    1476.0291949197915  -2503.6612033575557    0
4396    1459.465491385675  -2482.8582389931653    0
4397    1480.7795186137887  -2482.1414921570808    0
4398    1443.0229099584485  -2485.545930258616    0
4399    1811.3547211800419  -2465.1883845578996    0
4400    1824.9831315809931  -2489.4356699212794    0
4401    1820.0761629027618  -2446.7564826502226    0
4402    1839.2061291177986  -2444.5895166279829    0
4403    1857.9298345254736  -2461.467882250462    0
4404    1846.2952389870345  -2481.151942872325    0
4405    1883.1950891332474  -2486.1621197133832    0
4406    1841.9526691940778  -2501.5369354137802    0
4407    1875.2777675599091  -2468.9906608898391    0
4408    1928.4363446815444  -2308.184679094205    0
4409    1833.6531987518147  -2253.3588955236041    0
4410    1857.2135418734583  -2250.9110218419023    0
4411    1841.3836122624796  -2235.7737129246839    0
4412    1869.2587781921527  -2268.0897017699958    0
4413    1867.8310953132511  -2235.8226898763555    0
4414    1905.8403278306102  -2267.6111193971083    0
4415    1887.5258877183776  -2266.0414992241476    0
4416    1989.8175446448347  -2140.625    0
4417    1643.1456928868747  -2556.8009515176427    0
4418    1622.1285852742185  -2591.2333641617288    0
4419    1623.9098477004143  -2574.4538484129112    0
4420    1606.8377324967978  -2585.7441444750225    0
4421    1615.0194951792496  -2612.4601464631619    0
4422    1622.5520346011381  -2636.5522325706779    0
4423    1674.263089721466  -2648.9286543015419    0
4424    1635.9520401422988  -2619.1390476062356    0
4425    1648.4386898739017  -2642.610385904376    0
4426    1633.2624136023471  -2649.1227599695476    0
4427    1653.8958034725842  -2677.1300600517202    0
4428    1667.4693183655806  -2620.7619174112147    0
4429    1658.1718992457943  -2658.7628780869995    0
4430    1651.4003283490117  -2625.97771635549    0
4431    1670.4053571436964  -2580.4114976975811    0
4432    1490.7829305958637  -2560.3043121040596    0
4433    1699.0294203509875  -2583.2029983981147    0
4434    1810.5326801390427  -2550.6471088089811    0
4435    1751.4490596470478  -2698.1790464326414    0
4436    1881.6290051666526  -2552.2124442308996    0
4437    1830.217176829434  -2703.8019487373472    0
4438    1826.9016328168016  -2679.8369530368286    0
4439    1809.7514767591094  -2694.4215174203732    0
4440    1796.5420505551565  -2710.3160704770371    0
4441    1818.7417458385721  -2762.4078495628537    0
4442    1802.8075897095305  -2738.4221733051941    0
4443    2000  -2625    4
4444    1892.2776953104728  -2609.569427442244    0
4445    1900.1625491445657  -2568.5875494680045    0
4446    1405.3639995685462  -2777.1100006336801    0
4447    1924.2171607688263  -2558.0462192339164    0
4448    1938.6736345270822  -2586.5399866409152    0
4449    1934.8898971121741  -2504.3085381171445    0
4450    2000  -2562.5    4
4451    1919.9485399560544  -2529.2697504920775    0
4452    1914.8044939867898  -2544.7376358718334    0
4453    1936.6013975870897  -2541.5043442127026    0
4454    1481.169276206665  -2630.209464119439    0
4455    1525.1888346788535  -2760.4463644912057    0
4456    1599.2779879825966  -2652.9330596271652    0
4457    1583.9377297266158  -2671.8441219661881    0
4458    1615.1799423104305  -2723.9430295703546    0
4459    1594.2298347337853  -2701.0892241734578    0
4460    1582.8397261231405  -2688.6641173006228    0
4461    1416.5582143347403  -2864.5064371015173    0
4462    1358.2182862168397  -2915.3012211538939    0
4463    1322.3911073387001  -2904.4656011504539    0
4464    1442.8451528040939  -2886.2047963991122    0
4465    1478.6565079706027  -2893.7560048130035    0
4466    1435.7277013907024  -2868.0552694055773    0
4467    1440.4057805435807  -2844.3498741884973    0
4468    1459.3552467226807  -2896.5989097956667    0
4469    1469.4502374184592  -2918.3244391782341    0
4470    1466.6018606807881  -2878.8559291509287    0
4471    1497.8854675349314  -2865.8728099400905    0
4472    1421.3158103294591  -2845.9497199959833    0
4473    1403.3202675627797  -2834.0852408897117    0
4474    1487.8223355384523  -2919.6296030065801    0
4475    1477.9165256851338  -2831.6875542011694    0
4476    1468.7611921929433  -2809.773409684808    0
4477    1403.6387945719546  -2852.0375120447293    0
4478    1461.1899258488254  -2844.028732664508    0
4479    1480.7106502891274  -2852.9803439374487    0
4480    1450.4887350886181  -2824.1833086092824    0
4481    1504.7034792952679  -2807.6269104573289    0
4482    1486.3574013933867  -2802.4220315231769    0
4483    1502.0773092411694  -2781.9481673308605    0
4484    1487.2479682700518  -2776.8223618971297    0
4485    1532.610062640588  -2791.7992377263827    0
4486    1506.0372363340314  -2763.0327715381918    0
4487    1515.1793637539902  -2793.5818786918126    0
4488    1537.5479161986186  -2968.1154927015245    0
4489    1531.25  -3000    6
4490    1535.8511484410469  -2934.2591794851155    0
4491    1520.7527472695492  -2944.6342392863603    0
4492    1512.0187840512629  -2982.8725315267397    0
4493    1529.1322521522657  -2983.0174520038322    0
4494    1549.333175260424  -2984.5983371500201    0
4495    1593.75  -2959.9555239422648    0
4496    1565.1810035527292  -2960.8124542370019    0
4497    1606.0799947908324  -2473.8309938873595    0
4498    1458.514844410231  -2463.3133934924058    0
4499    1805.500844807586  -2489.7356243002096    0
4500    1812.6405019221579  -2506.0263484870043    0
4501    1885.3926764741241  -2511.8027860012917    0
4502    1872.1929533977657  -2500.019588514293    0
4503    1894.9698204727365  -2529.818893269362    0
4504    1908.4540166631211  -2496.9117576684057    0
4505    1907.1525055436332  -2515.5946882144253    0
4506    2000  -2312.5    4
4507    1898.5878515504392  -2284.2830653536325    0
4508    1910.5338896621759  -2235.226690344527    0
4509    1702.2628315785685  -2646.168022940491    0
4510    1673.1231854276803  -2562.5947068311948    0
4511    1653.6713029833047  -2584.3209178899097    0
4512    1667.3573730987903  -2600.4717437564859    0
4513    1693.3546009656152  -2610.473707080454    0
4514    1715.6243221928289  -2583.6899205193954    0
4515    1770.9225787908811  -2703.4204501478962    0
4516    1768.7200749621372  -2682.8276317944642    0
4517    1891.7561734127207  -2697.5915831828647    0
4518    1746.1606411706844  -2793.3393791676754    0
4519    1834.0196272321741  -2734.9729280322399    0
4520    1816.0231047874199  -2720.7246885721493    0
4521    1880.5893276684137  -2626.1567365950364    0
4522    1901.5070275568439  -2659.4770733937662    0
4523    1907.3357243950259  -2632.5919778704374    0
4524    1886.6012761554166  -2645.6085619538512    0
4525    1870.3055608229656  -2670.8390868502725    0
4526    1850.1683548750498  -2682.8861035186287    0
4527    1869.9506962787923  -2693.0996069417729    0
4528    1873.2450407949436  -2732.2791524981862    0
4529    1877.3807442199886  -2712.2031365917419    0
4530    1853.3442747084503  -2710.5551108856612    0
4531    1909.3171329104573  -2729.246092845267    0
4532    1895.8644679284998  -2716.0108243224704    0
4533    1925.008358501949  -2699.842679959309    0
4534    1838.4409087010135  -2718.616175544219    0
4535    1853.4834552713171  -2731.458142397958    0
4536    1848.800563738371  -2761.1755065109073    0
4537    1922.7843754216346  -2576.6873214605762    0
4538    1563.2004784794779  -2732.0284920796717    0
4539    1552.8258064460035  -2709.4134877914598    0
4540    1575.065238055128  -2712.8983118144438    0
4541    1590.3811186869636  -2735.6418193892769    0
4542    1625.2996291267427  -2693.6369063794282    0
4543    1409.8491003172956  -2881.7292721987737    0
4544    1499.6329872813146  -2897.6000052178756    0
4545    1505.8908521658818  -2881.3436008723434    0
4546    1534.0168886115537  -2856.9831451515238    0
4547    1517.021327365673  -2865.7775245331563    0
4548    1512.5629780839167  -2836.3419904919988    0
4549    1494.3878870819708  -2840.3558395538103    0
4550    1493.4880995860942  -2822.0821294553289    0
4551    1528.3683933952875  -2912.7150482355828    0
4552    1520.1395735231522  -2927.6198317148633    0
4553    1583.1514820925267  -2905.7591944835854    0
4554    1553.4034440839735  -2890.6777890634498    0
4555    1536.8770387819841  -2897.1421992631304    0
4556    1538.4661918049183  -2876.8476411021597    0
4557    1568.1508826391494  -2859.7682528455662    0
4558    1550.6504329411559  -2863.6880506053531    0
4559    1553.1040888116197  -2833.6162961064715    0
4560    1593.75  -3000    6
4561    1564.1389285307966  -2977.2905609856607    0
4562    1578.125  -2989.7137883900905    0
4563    1547.7097976980954  -2950.6355375800936    0
4564    1570.2585585435113  -2932.0102785199074    0
4565    1553.3176516234862  -2914.8157212063579    0
4566    1569.8175299293821  -2915.5020233573136    0
4567    1552.9862434098823  -2932.0850183755356    0
4568    1864.3536341603276  -2483.5724182107892    0
4569    1932.7897368353085  -2460.8755223226249    0
4570    1949.1018637956872  -2304.7294903296911    0
4571    1939.9065534114084  -2270.073529232649    0
4572    1899.395307971595  -2250.1446856934372    0
4573    1718.9803177547997  -2646.1325518061003    0
4574    1691.7603578309752  -2683.0207380221827    0
4575    1675.8702145668599  -2669.6399723112067    0
4576    1694.3392264853339  -2663.832795425627    0
4577    1704.7827164876098  -2598.6260108651531    0
4578    1684.6055167541106  -2594.4272947436198    0
4579    1686.5504247673423  -2631.0622771994736    0
4580    1706.2105904496239  -2626.1410133785157    0
4581    1779.5806339130952  -2771.1378211849624    0
4582    1819.3033979389668  -2744.7492083701295    0
4583    1922.4970880754095  -2609.2205714970437    0
4584    1859.2329201822749  -2657.0296547469834    0
4585    2000  -2687.5    4
4586    1837.0909130428386  -2842.7658910871869    0
4587    1597.6719022999573  -2718.9632727795688    0
4588    1574.020102192517  -2754.6772481515391    0
4589    1549.030814801414  -2752.7062561077828    0
4590    1623.9928459937585  -2801.9243091046901    0
4591    1538.5540003836888  -2730.333064158036    0
4592    1541.6805937994382  -2770.655723617549    0
4593    1608.7585141729942  -2767.9861433763404    0
4594    1518.9053906629165  -2727.8176705724272    0
4595    1512.4921404264637  -2745.4328315438847    0
4596    1593.7741022679802  -2755.1069898043679    0
4597    1585.8071226170493  -2779.5327489511333    0
4598    1614.3595338409127  -2746.3130898897816    0
4599    1653.9271819138496  -2768.0989222247799    0
4600    1631.3572707970602  -2762.2661254688123    0
4601    1568.856148157314  -2806.2120448108403    0
4602    1605.3950474633259  -2789.8842669634209    0
4603    1587.7789238026512  -2799.5101927222017    0
4604    1589.084278407521  -2833.2611706764746    0
4605    1583.1794539580092  -2816.5888140196275    0
4606    1606.6099736352676  -2817.6722906422242    0
4607    1624.1891252754785  -2781.4478882873505    0
4608    1651.4188522505353  -2731.2215142925693    0
4609    1631.6594379911062  -2735.7474792872968    0
4610    1636.9419583424099  -2713.414143155203    0
4611    1571.3981806814609  -2789.1025133089629    0
4612    1552.3212160487888  -2795.011777055573    0
4613    1539.0126704502213  -2814.591862675145    0
4614    1639.8413686864562  -2872.6784801019576    0
4615    1646.5459920748926  -2750.0769665996081    0
4616    1677.3542749642195  -2747.9814470341025    0
4617    1665.7581824074987  -2704.775700377158    0
4618    1673.9062282873504  -2688.097719847332    0
4619    1645.2640618102334  -2695.1997619224308    0
4620    1555.7633831852233  -2816.9155727907983    0
4621    1532.7644044856086  -2833.9509411191661    0
4622    1638.8175096002358  -2835.7557446399796    0
4623    1653.1323201846317  -2715.0401726841069    0
4624    1625.7412196252271  -2821.3219278986767    0
4625    1613.3920564039115  -2845.6497587240356    0
4626    1653.8330522372896  -2809.0123122416971    0
4627    1606.50615425823  -2679.1581566996879    0
4628    1611.8321750689051  -2705.9825357569116    0
4629    1634.6627843975075  -2676.8342927610643    0
4630    1642.3850003896002  -2662.5529098893085    0
4631    1399.420741536157  -2868.4151082440603    0
4632    1609.375  -2979.9777619711326    0
4633    1687.5  -3000    6
4634    1591.5489593871935  -2977.7810327291868    0
4635    1631.3182475766655  -2946.7457844684986    0
4636    1614.7562873162497  -2959.6704449732779    0
4637    1711.5756465802294  -2954.1874199328154    0
4638    1604.5050590361204  -2929.4605122893772    0
4639    1614.8978965308752  -2942.7781357207577    0
4640    1628.7971416788457  -2921.2174060509096    0
4641    1625.645918123289  -2983.3880812654829    0
4642    1651.6690675295674  -2931.8473210495881    0
4643    1609.2987267706744  -2903.6718276757724    0
4644    1701.6386756943361  -2891.09194140103    0
4645    1652.1021958375734  -2900.9941560821021    0
4646    1597.0245854460798  -2914.7301503960066    0
4647    1593.995027430665  -2876.7806178082519    0
4648    1630.5344732122608  -2899.6796171438364    0
4649    1616.2064632974275  -2881.9404099887806    0
4650    1644.9776360629244  -2916.3237615309758    0
4651    1595.3542895716466  -2893.807313666864    0
4652    1622.4941233599723  -2863.1983335087239    0
4653    1638.6561327905788  -2854.235783003533    0
4654    1676.9529507457614  -2861.0340384967008    0
4655    1660.0151939486007  -2845.1815770674893    0
4656    1657.6990166986097  -2864.6312327363253    0
4657    1671.5372406202773  -2885.3733318286627    0
4658    1699.665664942115  -2819.7914528248816    0
4659    1655.2337932314522  -2827.3858600857734    0
4660    1678.6538505806502  -2830.6334948346239    0
4661    1653.9436060226449  -2883.3844791432866    0
4662    1680.7186205473538  -2916.6972927248548    0
4663    1688.826735763427  -2876.44823030015    0
4664    1728.491826224471  -2854.6713245455576    0
4665    1702.2276160746962  -2853.8449555968245    0
4666    1678.8884152486403  -2805.306671774491    0
4667    1669.6552519086645  -2902.9325219642369    0
4668    1669.3204566154466  -2930.2674572509309    0
4669    1714.78036621813  -2872.6715856566457    0
4670    1715.9439461666325  -2835.68991017091    0
4671    1695.3649658356119  -2837.2381309903517    0
4672    1709.672870867023  -2783.2928887217709    0
4673    1663.6125677591372  -2788.5780087396524    0
4674    1757.8313595621414  -2917.2836230384892    0
4675    1749.1133724341219  -2827.4010500005147    0
4676    1724.964482034454  -2810.1710498421385    0
4677    1698.1890990454733  -2799.7654328167878    0
4678    1685.8371841083026  -2778.9151359335392    0
4679    1643.8301056437535  -2785.4040847893148    0
4680    1732.1657019139286  -2898.9728947016988    0
4681    1733.9911192852255  -2837.3977875971641    0
4682    1755.7170026662261  -2853.8267130686254    0
4683    1702.0267722707306  -2757.8455106516085    0
4684    1639.9845967373271  -2800.9567175718821    0
4685    1718.4171419143502  -2889.1642176506407    0
4686    1738.0586050548995  -2876.1810832496049    0
4687    1685.95684395176  -2762.2523482041852    0
4688    1735.2341411676857  -2761.7401798867718    0
4689    1703.0117830773092  -2719.5936675676321    0
4690    1688.1218184827233  -2704.1572899991629    0
4691    1677.5017977855598  -2724.7828283495801    0
4692    1755.8374792416682  -2892.9355949604933    0
4693    1717.7872423634005  -2766.9823980865917    0
4694    1729.3989841638813  -2782.9328411038446    0
4695    1695.4381414120007  -2738.5372450660761    0
4696    1722.2545841655572  -2738.272698408839    0
4697    1781.25  -3000    6
4698    1757.4861943797086  -2873.3758895107853    0
4699    1787.4490266163632  -2885.7508378530479    0
4700    1752.7373273656478  -2736.7362442505    0
4701    1756.7440808783342  -2717.3022505410336    0
4702    1731.1701686499118  -2714.0887365273447    0
4703    1774.89061233609  -2903.6309723050199    0
4704    1896.6431183409484  -2442.3848389525228    0
4705    1875  -3000    6
4706    1784.1166349746734  -2932.6433266565841    0
4707    1930.8706517544497  -2443.8672127433315    0
4708    1737.8716566216119  -2744.9582522652299    0
4709    1726.9735997483929  -2687.8608470886684    0
4710    1710.69240201816  -2675.7979419200001    0
4711    1708.8346685423376  -2699.0772636354245    0
4712    1718.3113622810667  -2723.0836256198832    0
4713    1745.7965240222065  -2677.3994247838277    0
4714    1579.1066032787994  -2948.4187569525016    0
4715    1905.5398141244316  -2468.7085345833011    0
4716    1926.6157020071951  -2482.9413451134214    0
4717    2000  -2437.5    4
4718    1944.4507310036965  -2476.0349391295235    0
4719    1951.1636548495733  -2458.8065245667035    0
4720    1991.8958382796425  -2359.375    0
4721    1935.0940496366773  -2352.9306134352901    0
4722    1939.1560570275774  -2288.8205416638962    0
4723    2000  -2343.75    4
4724    1961.4711601089789  -2381.8343930234041    0
4725    1959.6782744147365  -2356.9830039702133    0
4726    1979.5902337492698  -2371.9603152257614    0
4727    1965.8193495826881  -2447.5330057372221    0
4728    2000  -2406.25    4
4729    2000  -2468.75    4
4730    1940.3974611477972  -2429.6473187537308    0
4731    1987.2416865354226  -2390.625    0
4732    1970.9254282939989  -2416.9690339803706    0
4733    1921.9740914144197  -2281.2843770168265    0
4734    2000  -2281.25    4
4735    1951.2542020110677  -2331.4909646210604    0
4736    1975.6396729312214  -2337.5704923618146    0
4737    1935.8410477336088  -2336.6834755754794    0
4738    1976.0822859635036  -2354.2025827519774    0
4739    1990.9996644417602  -2328.125    0
4740    1974.6027494499313  -2308.2753315438817    0
4741    1960.3520432255521  -2317.2919649618207    0
4742    1966.7644995847766  -2280.5372579019177    0
4743    1989.5491193275652  -2296.875    0
4744    1963.2418401728596  -2296.5092008542938    0
4745    1797.4830302476191  -2759.2449074637079    0
4746    1776.0896817914108  -2746.4622024934251    0
4747    1787.3193818439215  -2735.3664412225753    0
4748    1757.3388773170389  -2758.5856425107318    0
4749    1748.386889955229  -2774.8808732757748    0
4750    1907.3107208901147  -2602.7534468858616    0
4751    1926.8205114877487  -2650.8906649834548    0
4752    1911.5872592570699  -2647.5880912940611    0
4753    1920.9474659796995  -2675.1828004134977    0
4754    1945.4814815812274  -2627.8951894418437    0
4755    1901.2257951158724  -2679.7096634036129    0
4756    1883.8488681738659  -2681.9558132067618    0
4757    1782.670412108617  -2966.3211140878357    0
4758    1937.1665744942009  -2666.2480284225799    0
4759    1926.5786855606655  -2631.6249378755838    0
4760    1941.9657510012262  -2644.1116362912403    0
4761    1835.3738509341954  -2800.8840001925764    0
4762    1571.1651548864138  -2840.6293195365251    0
4763    1569.567437960771  -2824.8085169101432    0
4764    1520.2985480956645  -2818.7915788674618    0
4765    1663.883680636947  -2968.9208557428424    0
4766    1692.6679120180252  -2938.3060017151611    0
4767    1662.0971577076207  -2948.9605203245715    0
4768    1656.25  -3000    6
4769    1682.1207316316861  -2957.2284551910357    0
4770    1683.1028442435024  -2978.8289782392771    0
4771    1667.1403846509911  -2986.1978366610242    0
4772    1646.6421113151782  -2981.1163188482074    0
4773    1718.75  -3000    6
4774    1698.0477728381059  -2967.3268876245947    0
4775    1645.3968218762348  -2961.0702362524999    0
4776    1719.4109918028719  -2925.6629168371919    0
4777    1629.7674237589306  -2967.1370166486681    0
4778    1708.9428536481628  -2938.125832609393    0
4779    1700.3499025651397  -2919.9497325026064    0
4780    1714.45775109239  -2907.5349115390882    0
4781    1572.7413364036709  -2880.9313209936367    0
4782    1593.4128930742097  -2854.8095171944428    0
4783    1606.0891842103235  -2865.4669153297741    0
4784    1661.0435747489198  -2916.4965649970641    0
4785    1742.7407037085702  -2810.7946643209084    0
4786    1774.8080750446481  -2808.0148144907289    0
4787    1914.0312858393327  -2446.9333565542861    0
4788    1899.1954155094879  -2483.6162650116194    0
4789    1925.3403014457299  -2383.7529661924982    0
4790    1958.8672322322723  -2496.6632555318938    0
4791    1953.7631134616977  -2522.0773987258822    0
4792    1979.383926816389  -2498.9441584666279    0
4793    1988.8646999192244  -2515.625    0
4794    2000  -2531.25    4
4795    1970.6006342764044  -2514.9709380255026    0
4796    1973.2798703464132  -2544.8189379617884    0
4797    1936.0671520717422  -2521.965650225367    0
4798    1955.1707961270595  -2540.6147236771053    0
4799    1958.4232021316407  -2567.7087117507776    0
4800    1942.4705484031319  -2558.8050691096746    0
4801    1973.7049942570482  -2472.9474670876957    0
4802    1990.4651525187091  -2484.375    0
4803    1959.7337552199906  -2480.7058843179193    0
4804    1984.432442764612  -2455.6883184487865    0
4805    1980.4907122094453  -2434.2755313641601    0
4806    1970.2337094561526  -2398.315836515063    0
4807    1958.7046569154684  -2430.6359090655601    0
4808    1983.7096886603874  -2265.625    0
4809    1966.5887838287529  -2231.4706125187868    0
4810    1980.4296627713286  -2245.900835058847    0
4811    2000  -2218.75    4
4812    1957.6998628685747  -2253.8494153593392    0
4813    1984.462890003555  -2228.1794149360062    0
4814    1971.4746104485416  -2207.823280255323    0
4815    1942.439591763396  -2234.8332413073485    0
4816    1952.2498647413554  -2207.1017967874263    0
4817    1983.3810608456661  -2194.3544580225221    0
4818    1926.3994585272872  -2227.9520493841042    0
4819    1909.5745105665837  -2212.196078348873    0
4820    1953.1011372838327  -2223.0039057177901    0
4821    1967.8961446197382  -2641.2440243167412    0
4822    1943.3769711863299  -2607.0036801104579    0
4823    1760.5416038539174  -2942.8165754626229    0
4824    1834.4540564077017  -2778.4487406814906    0
4825    1719.9509201605326  -2976.3438831916201    0
4826    1702.7978363398506  -2986.8994485580438    0
4827    1734.375  -2988.9346734101009    0
4828    1812.5  -3000    6
4829    1752.0847941306163  -2980.4916786406925    0
4830    1738.8415618076183  -2956.5419264163525    0
4831    1737.8852196027415  -2918.098796632748    0
4832    1735.0039020153702  -2937.4039348662359    0
4833    1774.9871421289511  -2834.9732722045446    0
4834    1922.8090252521408  -2365.9974771311672    0
4835    1928.6128375125247  -2408.0964783484878    0
4836    1950.6395341708951  -2408.3818740306838    0
4837    1907.9166501017205  -2401.5803029628346    0
4838    1991.1293077362402  -2546.875    0
4839    1979.1885350611033  -2564.9202392143711    0
4840    2000  -2593.75    4
4841    1955.0641819368859  -2593.5451639217667    0
4842    1963.5039288130101  -2615.5279407899989    0
4843    1991.270625196847  -2578.125    0
4844    1972.1634683519655  -2583.4778486928453    0
4845    1982.0163890743813  -2619.2451358112571    0
4846    1926.6887610445219  -2251.4122667434413    0
4847    1768.5845787253663  -2929.0525201859932    0
4848    1749.6913564783413  -2931.05797756114    0
4849    1757.4233474656749  -2961.9033185232738    0
4850    1777.2873811513914  -2949.2200047273668    0
4851    1803.5587400512663  -2950.3481738519249    0
4852    1806.2380723433328  -2975.49666233689    0
4853    1820.9729805668462  -2911.697852931738    0
4854    1798.1189309327608  -2906.5953996411654    0
4855    1789.559544560117  -2983.4810602951025    0
4856    1770.636675291498  -2984.3117143647687    0
4857    1824.1383632473362  -2960.8725836380363    0
4858    1805.9613584138294  -2928.1824648602651    0
4859    1838.7322717882962  -2942.9476868256052    0
4860    1824.7552652160348  -2930.2196018453383    0
4861    1851.2514384720628  -2915.1618175797985    0
4862    1785.0684810033383  -2916.3675068226921    0
4863    1843.75  -3000    6
4864    1819.0509575239698  -2945.4374992401376    0
4865    1854.0776943132748  -2970.3448732144525    0
4866    1840.9827194849138  -2959.6833409896899    0
4867    1833.9824040527935  -2980.417133784435    0
4868    1818.801213756464  -2985.3378998022004    0
4869    1764.8675490072753  -2821.5606663549079    0
4870    1759.834000466667  -2838.7599603241388    0
4871    1781.0172043572643  -2860.4113552170916    0
4872    1774.0805281692467  -2875.658088261172    0
4873    1813.4811965459562  -2865.6571699500341    0
4874    1800.5936382943385  -2842.337038314457    0
4875    1796.113004276312  -2870.0656705988081    0
4876    1809.8156856928408  -2887.6331660534606    0
4877    1843.4537680530564  -2881.9501730860916    0
4878    1825.6530561643972  -2878.9810834341833    0
4879    1837.4985615422906  -2862.8084462002339    0
4880    1919.2626493925147  -2831.5661854973564    0
4881    1863.3606332940094  -2852.2570105210593    0
4882    1818.7840646955024  -2847.5054769241301    0
4883    1822.0529149854945  -2822.4062714824258    0
4884    1792.7596015364607  -2821.3753980218808    0
4885    1800.2572820116268  -2792.5610833911587    0
4886    1819.3365750986791  -2790.3050074691041    0
4887    1805.9570402198042  -2775.3128676549268    0
4888    1943.7939871191797  -2390.1053814693028    0
4889    1944.865402850801  -2370.2492415601428    0
4890    1981.8628536766159  -2600.0466804486528    0
4891    1859.375  -2988.8156376466954    0
4892    1937.5  -3000    6
4893    1837.5505420566005  -2900.8573942511912    0
4894    1901.200859135475  -2870.027248143394    0
4895    1876.5062197859409  -2811.7858420343246    0
4896    1862.0765149937545  -2786.7964743786983    0
4897    1781.3551546914673  -2790.1148016504985    0
4898    1763.2364119234339  -2786.0353536624639    0
4899    1807.8277541314339  -2809.9136027025265    0
4900    1871.673398346087  -2941.0763551241394    0
4901    1883.2449893844616  -2971.9748661250583    0
4902    2000  -2875    4
4903    1859.4102860804464  -2871.1281753070548    0
4904    1857.3043132960377  -2827.9193183655125    0
4905    1876.9975181057282  -2835.9411465786047    0
4906    1898.7053349262769  -2839.3109878229825    0
4907    1884.6173041682277  -2856.166625766622    0
4908    1901.1443439111722  -2814.6295191633567    0
4909    1856.0525023883961  -2806.9357259437643    0
4910    1840.6383687356317  -2819.0259540406128    0
4911    1915.7455611702082  -2853.3860686740768    0
4912    1949.3463142198436  -2897.4305156620808    0
4913    1940.6172918995076  -2822.8899797993863    0
4914    1928.062845673481  -2878.8283661664141    0
4915    1938.2128644080849  -2845.8141162139482    0
4916    1964.3824667262147  -2867.1783581242271    0
4917    1931.0501938868822  -2861.6794032004009    0
4918    1929.0167583010664  -2802.972025031228    0
4919    1917.7042201445843  -2815.0738175591368    0
4920    2000  -2812.5    4
4921    1967.012574037635  -2837.2466468084513    0
4922    1966.2699533016039  -2794.6123168566855    0
4923    1950.8335556512277  -2835.5496896847885    0
4924    1948.9668278818183  -2804.689932260811    0
4925    1967.0945660968866  -2815.9215860410181    0
4926    1941.7045822998493  -2772.3273371608107    0
4927    1984.8410023230724  -2826.6525067667535    0
4928    2000  -2781.25    4
4929    1940.2122019526184  -2789.6583613601952    0
4930    1913.5905490849404  -2778.6361950529358    0
4931    1909.4989685743124  -2797.369920487236    0
4932    1982.5534178257585  -2804.6527792802117    0
4933    1891.3765175400008  -2791.1033210719488    0
4934    2000  -2843.75    4
4935    1982.5019662824911  -2869.6741896940002    0
4936    1955.7754778092058  -2735.9211277463446    0
4937    1888.4185390454477  -2759.8086312357336    0
4938    1875.7550646908321  -2795.5588011014984    0
4939    1896.83238433509  -2774.8004925831938    0
4940    1854.7156389410932  -2933.4358881408589    0
4941    1869.3085839080104  -2959.5780400810199    0
4942    1906.25  -3000    6
4943    1902.2774194425933  -2912.1349042576608    0
4944    1947.7535808486257  -2877.7761144818473    0
4945    1922.5974318363772  -2752.976958835015    0
4946    1974.2982869349494  -2765.625    0
4947    1981.5947355082285  -2850.1944235654073    0
4948    1892.0462581134834  -2739.862782695463    0
4949    1904.7241876140899  -2752.4714504038739    0
4950    1868.3484551033691  -2752.9243657331517    0
4951    1873.244768698474  -2771.3477204930741    0
4952    1855.1111849641477  -2950.3591657310635    0
4953    1921.875  -2963.7192594165754    0
4954    1890.625  -2989.3714680712637    0
4955    1908.7256062976257  -2979.5611936025566    0
4956    1921.875  -2991.5232149580038    0
4957    1909.2383594531193  -2890.8893447315259    0
4958    1880.8135741503727  -2889.861163229541    0
4959    1926.960324737252  -2908.4589351890818    0
4960    1933.684312532092  -2893.87333108335    0
4961    1918.3772584852177  -2935.5332298568678    0
4962    1916.0486454045431  -2919.89737028735    0
4963    1926.1076629461136  -2768.619529280978    0
4964    1940.8462171637218  -2727.1831469050544    0
4965    1981.2423444398037  -2783.1536506394955    0
4966    1991.8986444906573  -2765.625    0
4967    1959.6892992576502  -2777.184314519413    0
4968    1877.2039539264601  -2872.3917105062046    0
4969    1876.8538335858611  -2915.15549323099    0
4970    1888.4207626621944  -2904.0091493865916    0
4971    1864.0489393899284  -2900.1938240849618    0
4972    1891.698900985087  -2931.6004674501164    0
4973    1889.1642752466951  -2952.1420202693007    0
4974    1903.9900752524486  -2962.2523173232953    0
4975    1945.2893792597456  -2749.6789208039013    0
4976    1924.441379849048  -2718.4286528572156    0
4977    2000  -2906.25    4
4978    2000  -2718.75    4
4979    2000  -2937.5    4
4980    1958.98894797243  -2944.8035684181787    0
4981    1947.7494737466932  -2922.4234374925359    0
4982    1938.4715378348367  -2941.0952291588887    0
4983    1971.6718132277313  -2924.4217949950944    0
4984    1964.4340699587653  -2907.6796355277356    0
4985    1968.2192245268502  -2887.4241412344832    0
4986    1979.9500606078395  -2943.7099976155664    0
4987    2000  -2968.75    4
4988    1981.9560674298714  -2900.4725661172874    0
4989    1981.6195908128191  -2748.7168855546852    0
4990    1962.4461836024477  -2696.4131287072732    0
4991    1957.4770318396227  -2715.8912703796168    0
4992    1944.0914616907505  -2702.1034989307655    0
4993    1936.8717919384947  -2684.9014093569408    0
4994    1982.3614976966801  -2982.3614976966801    0
4995    1970.4456502210803  -2962.9671443014577    0
4996    1946.1947831773002  -2965.5684605651104    0
4997    1968.75  -3000    6
4998    1933.0481319353387  -2977.6212371872898    0
4999    1960.1203509097913  -2981.0496201661831    0
5000    1990.0305707863995  -2921.875    0
5001    21.403577790355609  -2592.9328601206598    0
5002    12.400611050935268  -2640.625    0
5003    105.70184088385565  -2983.3298429102151    0
5004    35.565263917739905  -2973.6521201846708    0
5005    15.625000000000002  -2989.7959818120166    0
5006    64.406828002425485  -2030.8008398855843    0
5007    80.271807785365709  -2035.5468815878801    0
5008    0  -2031.25    8
5009    40.595043343864475  -2044.5693760258659    0
5010    13.97652692800391  -2046.875    0
5011    106.06453028818193  -2013.5738949147265    0
5012    78.125  -2014.4042023314814    0
5013    23.918469364997474  -2023.9184693649975    0
5014    31.25  -2000    2
5015    15.625000000000002  -2008.2934693649975    0
5016    44.700599941811099  -2024.1949363930712    0
5017    46.875  -2007.1498914495369    0
5018    695.74613749557159  -2149.5230525265993    0
5019    369.67540684716664  -2095.4525583405302    0
5020    353.44433276797838  -2096.1083964432269    0
5021    926.92186040500053  -2589.3883864938052    0
5022    870.70048629859753  -2126.9797230648774    0
5023    808.81767216724086  -2793.9916153691147    0
5024    671.875  -2008.422756370976    0
5025    640.625  -2015.6266059061545    0
5026    1039.7016387625529  -2446.815102016069    0
5027    831.62645180793254  -2911.0519030578557    0
5028    819.03688811952225  -2921.6734308687246    0
5029    842.47933104481956  -2897.3882887909504    0
5030    1172.3069835865851  -2261.3700195424226    0
5031    966.65903626169916  -2817.7545115514058    0
5032    974.25971966195686  -2833.6404154132392    0
5033    1153.4241057102829  -2019.5275978969817    0
5034    1171.875  -2007.2942569074303    0
5035    1180.2923765648811  -2485.2071660092279    0
5036    1195.590026006671  -2478.4749576560976    0
5037    1231.6655405269755  -2385.5618959443236    0
5038    1416.8120304628569  -2336.4489598578734    0
5039    1294.4752853183907  -2683.4796501850037    0
5040    1561.1039448581485  -2139.0536926000404    0
5041    1765.625  -2011.9782148720069    0
5042    1778.5230416731058  -2028.4990753770026    0
5043    1796.875  -2015.8750948023091    0
5044    1852.5673549603841  -2019.2744441563307    0
5045    1835.7078532217708  -2032.5989365436105    0
5046    1825.0276364798235  -2015.6418602228698    0
5047    1843.75  -2000    2
5048    1890.0022318967699  -2366.2631649199911    0
5049    1861.4757609309836  -2287.3914413474818    0
5050    1938.4009461906105  -2193.3973966277949    0
5051    1377.7247915292803  -2833.0344958981618    0
5052    1890.5956576044516  -2231.0590422053201    0
5053    2000  -2656.25    4
5054    1976.4568766759078  -2671.875    0
5055    1955.8363471131997  -2675.8720897355161    0
5056    1963.2728073535452  -2659.0479153681845    0
5057    1987.7444611081619  -2640.625    0
5058    1980.923499702714  -2690.6942885545204    0
5059    1993.4134051250533  -2671.875    0
5060    1979.0644987492772  -2712.4717130044542    0
5061    1993.2765968143005  -2703.125    0
5062    1985.1403462430712  -2730.2560445239301    0
5063    207.49878603559705  -2033.9381358988689    0
5064    203.125  -2006.8738785963583    0
5065    225.60674636973906  -2021.1072336035666    0
5066    234.375  -2006.591507024234    0
5067    1265.625  -2006.034970027868    0
5068    1280.278479715786  -2022.8475058690492    0
5069    1296.875  -2000    2
# Generated by triangle -pQIq20Aane Triangle/box.poly
