9938  3  1
   1      44    45    41  1
   2     175   225   221  1
   3    2250  2252  2248  1
   4    2595  2070  2071  1
   5    2700  1959  1956  1
   6      81    86    77  1
   7     838   358   846  1
   8     231   268   242  1
   9     491   861   859  1
  10    2979  2993  2997  1
  11    2863  2865  2795  1
  12     219   244   243  1
  13      45    44     6  1
  14     446   456   457  1
  15     119    15   207  1
  16     356   362   364  1
  17     499   502   504  1
  18      73    77    86  1
  19     127   137   155  1
  20     198   437   113  1
  21      20    24    34  1
  22    5002    54    25  1
  23    5001    28    29  1
  24    5002    21    16  1
  25      17   181   113  1
  26      18    23    55  1
  27      31    34    24  1
  28      21    52    26  1
  29      21    29    28  1
  30      26    19    55  1
  31      54    22    25  1
  32      16    21    28  1
  33      32    33    18  1
  34    5001    31    24  1
  35      53    51    25  1
  36      52  5002    25  1
  37      55    19    27  1
  38      29    26    23  1
  39     112   111    19  1
  40      81    77    27  1
  41      21    26    29  1
  42      36    28  5001  1
  43      31    29    33  1
  44      36    16    28  1
  45      72    32    18  1
  46      37    39    42  1
  47      33    29    23  1
  48      31    30    34  1
  49      92    48    56  1
  50      30    31    35  1
  51      18    33    23  1
  52      33    32    35  1
  53      39    34    30  1
  54      50    20    34  1
  55      33    35    31  1
  56      71    35    32  1
  57      31  5001    29  1
  58      20    36    24  1
  59      71    30    35  1
  60      42    43    37  1
  61      48    42    39  1
  62      34    39    41  1
  63      41    39    37  1
  64     386   184   384  1
  65      96    89    88  1
  66      41    37    44  1
  67      41    38    50  1
  68      48    39    30  1
  69      43    42    40  1
  70      92    78    90  1
  71      44    58    69  1
  72      43    58    37  1
  73      60    62    69  1
  74       6    38    45  1
  75      41    45    38  1
  76      44    49     6  1
  77      48    71    56  1
  78      65     6    49  1
  79      61    66    59  1
  80      61    60    58  1
  81      72    71    32  1
  82      41    50    34  1
  83      38    20    50  1
  84      21  5002    52  1
  85     200    25    22  1
  86     439   443   271  1
  87      52    19    26  1
  88     201   113   437  1
  89     111   112   181  1
  90      53   112    51  1
  91     112    19    51  1
  92      26    55    23  1
  93      77    55    27  1
  94      56    71    72  1
  95      72    78    56  1
  96     211   392   402  1
  97     135   139   147  1
  98      37    58    44  1
  99      62    60   101  1
 100     128   129   125  1
 101      62    49    69  1
 102      69    49    44  1
 103     105    65    62  1
 104      58    43    61  1
 105      89    66    61  1
 106     103    62   100  1
 107      71    48    30  1
 108      88    43    40  1
 109      97    98   123  1
 110      59    66    67  1
 111      64   104   123  1
 112      65    49    62  1
 113      60    69    58  1
 114      89    61    43  1
 115      66    63   186  1
 116      91   186    96  1
 117     186    67    66  1
 118      67    97    59  1
 119      60    61   101  1
 120     101    61    59  1
 121      42    48    40  1
 122      59    97   100  1
 123      47   125   129  1
 124      18    75    72  1
 125      76    78    79  1
 126      75    18    77  1
 127      63    89    96  1
 128      76    79   110  1
 129     274   275   204  1
 130      18    55    77  1
 131      79   180   110  1
 132      79    72    75  1
 133      90    88    40  1
 134      87    84    80  1
 135      73    75    77  1
 136      79    78    72  1
 137      90    78    76  1
 138      73   180    75  1
 139      75   180    79  1
 140      84   120   203  1
 141     183   202   203  1
 142      82    81    27  1
 143      84    87    81  1
 144     111    82    27  1
 145      85   203   120  1
 146      87   202    83  1
 147     115    83   209  1
 148      81    82    84  1
 149      82   181   120  1
 150     201   437   440  1
 151     209   114   208  1
 152      87    86    81  1
 153      73    86    83  1
 154      87    80   202  1
 155      86    87    83  1
 156      40    92    90  1
 157      91   122   121  1
 158      66    89    63  1
 159      43    88    89  1
 160      74    93    76  1
 161      95    94   122  1
 162      90    95    88  1
 163      93    90    76  1
 164      48    92    40  1
 165      78    92    56  1
 166      93    74   276  1
 167      95    91    96  1
 168     275   354   281  1
 169      94   274   122  1
 170      90    93    95  1
 171      94    95    93  1
 172      95    96    88  1
 173     186    91   121  1
 174      97    67    98  1
 175     100    97    68  1
 176     274    57   122  1
 177     257   264   432  1
 178     107   103   102  1
 179     104   102    68  1
 180      68   102   100  1
 181     108   105   103  1
 182      59   100   101  1
 183      62   101   100  1
 184      68   123   104  1
 185     102    99   107  1
 186     100   102   103  1
 187     106   107   125  1
 188     104    64   126  1
 189     102   104   134  1
 190      65   105    70  1
 191      62   103   105  1
 192     125   107    99  1
 193     108   107   106  1
 194     107   108   103  1
 195     105   108    70  1
 196     106    70   108  1
 197     117    73   115  1
 198     117   109   180  1
 199     277   110   109  1
 200      74    76   110  1
 201      27    19   111  1
 202      51    19    52  1
 203     113   112    53  1
 204     181    17   120  1
 205      53   198   113  1
 206     201   273   113  1
 207     183   114   202  1
 208     210   290   293  1
 209     115    15   118  1
 210      73    83   115  1
 211     119   116   118  1
 212     472   280   116  1
 213     118   117   115  1
 214     279   117   116  1
 215     119   118    15  1
 216     117   118   116  1
 217     208   185   207  1
 218     204   275   281  1
 219      82   120    84  1
 220     470   120    17  1
 221     389   274   204  1
 222     186   187    67  1
 223     121   122    57  1
 224      95   122    91  1
 225      97   123    68  1
 226      98   214   416  1
 227     217   179   124  1
 228     132   129   128  1
 229     138   127   131  1
 230      47   106   125  1
 231     149   139    64  1
 232     138   137   127  1
 233     128   125    99  1
 234     126    64   139  1
 235     128   134   126  1
 236     134   128    99  1
 237     151   139   150  1
 238     133    47   129  1
 239     163   154   160  1
 240     126   139   151  1
 241     132   136   133  1
 242     136   132   130  1
 243     132   133   129  1
 244     131    47   133  1
 245     102   134    99  1
 246     104   126   134  1
 247     154   143   160  1
 248     152   128   151  1
 249     136   130   137  1
 250     133   136   131  1
 251     153   137   130  1
 252     145   127   155  1
 253     131   136   138  1
 254     137   138   136  1
 255     142   416   214  1
 256     139   135   150  1
 257     164   239   172  1
 258     156   225   175  1
 259     145   155   157  1
 260     149   147   139  1
 261      67   187    98  1
 262     190   147   142  1
 263     143   159   160  1
 264     152   130   132  1
 265     153   130   154  1
 266     141   146   144  1
 267     137   153   146  1
 268     157   192   195  1
 269     144   163   141  1
 270     165   141   140  1
 271     142   148   190  1
 272      98   187   212  1
 273     386   385   204  1
 274      64   123   416  1
 275     147   149   142  1
 276     188   189   135  1
 277     150   143   151  1
 278     152   151   143  1
 279     128   126   151  1
 280     152   143   154  1
 281     128   152   132  1
 282     130   152   154  1
 283     146   153   144  1
 284     150   159   143  1
 285     144   153   154  1
 286     137   146   155  1
 287     157   155   146  1
 288     163   161   140  1
 289     250   257   981  1
 290     146   141   157  1
 291     165   166   141  1
 292     135   147   190  1
 293     168   226   241  1
 294     135   159   150  1
 295     159   158   160  1
 296     161   160   158  1
 297     161   163   160  1
 298     174   177   191  1
 299     175   241   226  1
 300      46   195   192  1
 301     166   157   141  1
 302     141   163   140  1
 303     163   144   154  1
 304     192   217   164  1
 305     191   231   227  1
 306     226   140   161  1
 307     165   162   166  1
 308     166   192   157  1
 309     219   230   173  1
 310     222    11   188  1
 311     166   162   179  1
 312     247   237   223  1
 313     174   191   171  1
 314     170   140   226  1
 315     224   225    11  1
 316     172    46   164  1
 317     174   162   170  1
 318     191   227   230  1
 319     162   171   179  1
 320     158   159   189  1
 321     979   982   978  1
 322     156   161   158  1
 323     230   227   173  1
 324     175   221   236  1
 325     228   168   196  1
 326     396   397   398  1
 327     268   421   242  1
 328     227   231   242  1
 329     170   168   220  1
 330     968   173   421  1
 331     988   989   435  1
 332     177   220   216  1
 333     225   224   221  1
 334     179   192   166  1
 335     117   180    73  1
 336     110   180   109  1
 337     111   181    82  1
 338     113   181   112  1
 339      52    25    51  1
 340     273    17   113  1
 341     470    85   120  1
 342     114   284   208  1
 343     718   751   709  1
 344     142   214   213  1
 345     114   183   282  1
 346     295   207   185  1
 347      96   186    63  1
 348     187   186   121  1
 349     389   393    57  1
 350     212   213   214  1
 351     177   174   220  1
 352     189   159   135  1
 353     975   228   196  1
 354     171   230   124  1
 355     215   190   148  1
 356     135   190   188  1
 357     215   188   190  1
 358     172   239   232  1
 359     989   218   435  1
 360     162   165   170  1
 361     140   170   165  1
 362     162   174   171  1
 363     397   407   178  1
 364     191   230   171  1
 365      46   145   195  1
 366     145   157   195  1
 367     236   247   248  1
 368     222   224    11  1
 369      53    25   200  1
 370     398   148   213  1
 371      53   200   198  1
 372      22   199   200  1
 373     282   285   210  1
 374     438   200   199  1
 375     438   198   200  1
 376     460   182   468  1
 377     114   209   202  1
 378     203   202    80  1
 379      84   203    80  1
 380      85   183   203  1
 381     276   274    94  1
 382     372   382   375  1
 383     185   292   296  1
 384     309   314   297  1
 385     318   311   343  1
 386     226   156   175  1
 387     208   207    15  1
 388     185   296   295  1
 389     209   208    15  1
 390     114   282   284  1
 391     115   209    15  1
 392     209    83   202  1
 393     183   471   286  1
 394     289   290   210  1
 395     394    57   390  1
 396     124   179   171  1
 397     187   394   391  1
 398     212   211   213  1
 399     398   213   211  1
 400     148   142   213  1
 401     416   142   149  1
 402     212   214    98  1
 403     170   226   168  1
 404     178   992   222  1
 405     256   258   262  1
 406     168   228   220  1
 407     528   518   522  1
 408     236   193   247  1
 409     217   239   164  1
 410     970   420  1230  1
 411     232   219   167  1
 412     243   167   219  1
 413     220   174   170  1
 414     216   220   228  1
 415     241   196   168  1
 416     192   164    46  1
 417     234   243   244  1
 418     973  1267   974  1
 419      11   189   188  1
 420     192   179   217  1
 421     429  1267   434  1
 422     177   235   191  1
 423     227   421   173  1
 424     264  1266   972  1
 425     196   254   975  1
 426     215   222   188  1
 427     189    11   225  1
 428     225   156   158  1
 429     197   268   231  1
 430     225   158   189  1
 431    1260  1266   246  1
 432     178   222   215  1
 433     124   232   239  1
 434     226   161   156  1
 435    1260  1259  1265  1
 436     246   240   233  1
 437     221   224   193  1
 438     236   221   193  1
 439     419   976  1269  1
 440     230   232   124  1
 441     172   232   167  1
 442     230   219   232  1
 443     176   257   259  1
 444     224   237   193  1
 445     964   418   419  1
 446     236   248   196  1
 447     418   434   419  1
 448     254   248   238  1
 449     250   252   259  1
 450     124   239   217  1
 451     227   242   421  1
 452     175   236   241  1
 453     196   241   236  1
 454     256   969  1218  1
 455     546   547   435  1
 456     244   219   173  1
 457     234   167   243  1
 458     960   986   427  1
 459     234   244   423  1
 460     237   224   990  1
 461     245   250   238  1
 462     235   197   231  1
 463     974   197   235  1
 464     247   193   237  1
 465     247   245   248  1
 466     264   257   176  1
 467     196   248   254  1
 468     962   963  1211  1
 469     253   256   436  1
 470     988   223   430  1
 471     258   176   259  1
 472     406   411   409  1
 473     981   257   432  1
 474     245   252   250  1
 475     259   260   258  1
 476    1219   256   270  1
 477     426   549   546  1
 478     238   248   245  1
 479     240   264   176  1
 480     986   960   229  1
 481     250   981   238  1
 482     266   251   547  1
 483     256   262   269  1
 484     233   176   253  1
 485     233   420   246  1
 486     252   260   259  1
 487     264   240  1266  1
 488     260   252   251  1
 489     268   422   421  1
 490     263   547   546  1
 491     258   260   262  1
 492     311   317   329  1
 493     412   702   693  1
 494     266   262   260  1
 495     267   262   266  1
 496     263   266   547  1
 497     267   263  1099  1
 498     240   176   233  1
 499    1237  1244  1246  1
 500     359   371   515  1
 501     256   269   270  1
 502     251   266   260  1
 503     267   266   263  1
 504    1099   263   261  1
 505     267   265   269  1
 506     268   429   418  1
 507     233   253   436  1
 508     267   269   262  1
 509     270   269   265  1
 510     545   431   544  1
 511     422   268   418  1
 512     439   271   438  1
 513     201   440   182  1
 514     457   461   449  1
 515     285   286   283  1
 516     460   273   201  1
 517     470   273   272  1
 518     274   276   275  1
 519     389   385   388  1
 520     277    74   110  1
 521     276   277   275  1
 522      93   276    94  1
 523     277   276    74  1
 524     109   279   277  1
 525     354   279   280  1
 526     280   353   354  1
 527     184   351   342  1
 528     117   279   109  1
 529     279   116   280  1
 530     472   116   119  1
 531     352   353   205  1
 532     354   275   277  1
 533     386   281   278  1
 534     286   285   282  1
 535     284   282   210  1
 536     461   468   182  1
 537     210   285   289  1
 538     290   475   293  1
 539     208   284   185  1
 540     286   282   183  1
 541     573   289   285  1
 542      85   471   183  1
 543     470   272   471  1
 544      14   288   272  1
 545     306   582   323  1
 546     461   457   462  1
 547     283   286   288  1
 548     573   285   283  1
 549     290   289   287  1
 550     283   288   570  1
 551     284   292   185  1
 552     590   998   574  1
 553     207   295   119  1
 554     293   284   210  1
 555     291   306   296  1
 556     291   292   293  1
 557     293   292   284  1
 558     309   310   305  1
 559     280   472   473  1
 560     299   295   294  1
 561     119   295   300  1
 562     291   296   292  1
 563     295   296   294  1
 564     297   299   303  1
 565     303   309   297  1
 566     300   299   302  1
 567     297   333   302  1
 568     304   303   299  1
 569     302   299   297  1
 570     299   300   295  1
 571     472   300   298  1
 572     304   301   303  1
 573     474   486   581  1
 574     297   318   333  1
 575     300   302   298  1
 576     304   299   294  1
 577     310   309   303  1
 578     294   306   304  1
 579     582   291   474  1
 580     337   329   327  1
 581     297   314   318  1
 582     296   306   294  1
 583     582   474   581  1
 584     348   328   349  1
 585     310   301   319  1
 586     335   324   312  1
 587     306   323   304  1
 588     310   303   301  1
 589     317   314   309  1
 590     324   315   320  1
 591     305   310   316  1
 592     311   314   317  1
 593     329   331   311  1
 594     477   486   474  1
 595     324   355   312  1
 596     316   319   321  1
 597     325   313   321  1
 598     317   309   305  1
 599     318   314   311  1
 600     319   301   320  1
 601     335   325   321  1
 602     316   310   319  1
 603     328   316   313  1
 604     327   305   328  1
 605     305   327   317  1
 606     332   343   331  1
 607     205   333   318  1
 608     304   323   301  1
 609     319   315   321  1
 610     581   478   308  1
 611     315   319   320  1
 612     315   324   335  1
 613     313   316   321  1
 614     337   339   326  1
 615     318   341   205  1
 616     308   320   323  1
 617     301   323   320  1
 618     478   320   308  1
 619     479   344   355  1
 620     490   364   502  1
 621      13   340   349  1
 622     348   322   328  1
 623     369   350   330  1
 624     328   305   316  1
 625     337   327   322  1
 626     313   336   349  1
 627     327   328   322  1
 628     327   329   317  1
 629     326   515   331  1
 630     339   368   326  1
 631     342   350   383  1
 632     326   331   329  1
 633     331   330   332  1
 634     332   350   342  1
 635     351   352   342  1
 636     473   333   205  1
 637     302   333   298  1
 638     482   479   483  1
 639     361    13   336  1
 640     315   335   321  1
 641     312   325   335  1
 642     313   325   336  1
 643     362   356   361  1
 644     357   346   339  1
 645     329   337   326  1
 646     370   338   346  1
 647    1110  1098   261  1
 648     357   337   322  1
 649     489   660   661  1
 650     340    13   510  1
 651     339   346   338  1
 652     343   341   318  1
 653     342   341   332  1
 654     350   332   330  1
 655     386   351   184  1
 656     331   343   311  1
 657     341   343   332  1
 658     479   355   324  1
 659     494   497   504  1
 660     334   672   498  1
 661     684   505   503  1
 662     512   322   348  1
 663      13   366   510  1
 664     370   663   338  1
 665     374   379   372  1
 666     349   328   313  1
 667     348   340   512  1
 668      13   349   336  1
 669     348   349   340  1
 670     369   330   371  1
 671     369   373   350  1
 672     353   351   278  1
 673     341   352   205  1
 674     342   352   341  1
 675     352   351   353  1
 676     354   353   278  1
 677     353   280   205  1
 678     281   354   278  1
 679     279   354   277  1
 680     479   324   478  1
 681     355   344   494  1
 682     336   362   361  1
 683     365   366    13  1
 684     337   357   339  1
 685     322   346   357  1
 686     361   365    13  1
 687     525   530   539  1
 688     339   661   368  1
 689     360   369   371  1
 690     414   410   408  1
 691     383   373   375  1
 692     362   336   325  1
 693     356   492   365  1
 694     312   493   325  1
 695     312   494   493  1
 696     492   356   490  1
 697     363   365   492  1
 698     493   364   362  1
 699     364   493   494  1
 700     356   365   361  1
 701     366   365   363  1
 702     363   857   856  1
 703     511   513   367  1
 704     510   511   512  1
 705     662   669   666  1
 706     661   339   338  1
 707     515   368   359  1
 708     330   515   371  1
 709     374   373   369  1
 710     346   512   511  1
 711     367   670   663  1
 712     359   516   371  1
 713     516   517   371  1
 714     374   372   373  1
 715     372   379   381  1
 716     374   369   360  1
 717     375   373   372  1
 718     378   374   360  1
 719     379   378   543  1
 720     381   382   372  1
 721     184   342   383  1
 722     360   517   524  1
 723     660   347   516  1
 724     206   400   401  1
 725     379   405   381  1
 726     519   521   524  1
 727     543   378   376  1
 728     378   379   374  1
 729     380   405   400  1
 730     211   391   392  1
 731     384   184   375  1
 732     405   379   377  1
 733     381   380   382  1
 734     388   385   382  1
 735     385   386   384  1
 736     373   383   350  1
 737     184   383   375  1
 738     375   382   384  1
 739     384   382   385  1
 740     400   399   380  1
 741     385   389   204  1
 742     281   386   204  1
 743     351   386   278  1
 744     399   400   395  1
 745     212   391   211  1
 746     399   382   380  1
 747     388   387   389  1
 748     389   387   393  1
 749     274   389    57  1
 750     392   391   390  1
 751     121   394   187  1
 752     187   391   212  1
 753     390   393   392  1
 754     387   395   392  1
 755     402   392   403  1
 756     392   393   387  1
 757      57   393   390  1
 758      57   394   121  1
 759     391   394   390  1
 760     395   387   399  1
 761     402   403   396  1
 762     407   404   991  1
 763     397   178   215  1
 764     148   397   215  1
 765     396   404   407  1
 766     398   211   402  1
 767     148   398   397  1
 768     387   388   399  1
 769     382   399   388  1
 770     400   405   401  1
 771     206   395   400  1
 772     409   543   406  1
 773     377   409   401  1
 774     403   392   395  1
 775     398   402   396  1
 776     395   206   403  1
 777     415   403   206  1
 778     414   404   415  1
 779     410   206   401  1
 780     381   405   380  1
 781     377   401   405  1
 782     531   703   529  1
 783     408   545   544  1
 784     396   407   397  1
 785     991   404   218  1
 786     411   413   408  1
 787     218   404   544  1
 788     409   377   543  1
 789     411   410   401  1
 790     411   401   409  1
 791     408   544   414  1
 792     406   703   702  1
 793     408   410   411  1
 794     689   522   347  1
 795     412   693   695  1
 796     406   413   411  1
 797     546   549   261  1
 798     415   404   396  1
 799     206   410   414  1
 800     403   415   396  1
 801     206   414   415  1
 802      64   416   149  1
 803      98   416   123  1
 804     246   255  1260  1
 805     972   432   264  1
 806     990   992   991  1
 807     412   695   701  1
 808    1267   429   197  1
 809    1261  1259  1260  1
 810     426   435   218  1
 811     963   968   421  1
 812     420   436  1218  1
 813     246   420   255  1
 814     841   797   727  1
 815     216   235   177  1
 816     191   235   231  1
 817     418   429   434  1
 818    1246  1261   970  1
 819     420   233   436  1
 820     256   253   258  1
 821     252   245   223  1
 822     223   245   247  1
 823     431   548   549  1
 824     429   268   197  1
 825     252   223   251  1
 826     234   423   169  1
 827     424   423   244  1
 828     423   958   169  1
 829     993   545   413  1
 830     988   547   251  1
 831     218   431   426  1
 832     431   549   426  1
 833     975   254   979  1
 834     423   424   958  1
 835     959   169   958  1
 836     258   253   176  1
 837    1211  1393  1217  1
 838     430   223   237  1
 839     435   547   988  1
 840     426   546   435  1
 841     250   259   257  1
 842     549   548  1110  1
 843     438   437   198  1
 844     440   437   271  1
 845     439   438   199  1
 846     438   271   437  1
 847     199    12   439  1
 848     440   443   452  1
 849     442   458   448  1
 850     439    12   443  1
 851     468    14   272  1
 852     271   443   440  1
 853     449   452   447  1
 854     447   443   445  1
 855      12   444   445  1
 856     443    12   445  1
 857     442   448   444  1
 858     458   453   448  1
 859     448   453   446  1
 860     444   447   445  1
 861     447   446   449  1
 862     446   447   448  1
 863     444   448   447  1
 864     456   446   453  1
 865     452   182   440  1
 866     468   272   460  1
 867     288    14   570  1
 868     466   575   451  1
 869     652   557   556  1
 870     447   452   443  1
 871     182   452   449  1
 872     450   456   453  1
 873     450   658   456  1
 874     550   551   994  1
 875     453   458   450  1
 876     450   550   631  1
 877     457   449   446  1
 878     456   455   457  1
 879     455   459   457  1
 880     459   462   457  1
 881     442   454   458  1
 882     551   458   454  1
 883     469   552   553  1
 884     469   459   455  1
 885     631   550   633  1
 886      14   467   570  1
 887     461   462   451  1
 888     552   469   465  1
 889     555   565   554  1
 890     566   567   564  1
 891     450   458   551  1
 892     461   182   449  1
 893    1067   651  1058  1
 894     575   577   576  1
 895     451   467    14  1
 896     552   566   553  1
 897     462   459   553  1
 898     468   461   451  1
 899     273   460   272  1
 900     182   460   201  1
 901     466   451   462  1
 902     455   658   558  1
 903     451    14   468  1
 904     273   470    17  1
 905     286   471   288  1
 906     471   272   288  1
 907      85   470   471  1
 908     300   472   119  1
 909     473   472   298  1
 910     333   473   298  1
 911     280   473   205  1
 912     475   291   293  1
 913     474   475   477  1
 914     996   997   583  1
 915     291   475   474  1
 916     578   570   576  1
 917     487   334   482  1
 918     997   475   290  1
 919     484   480   483  1
 920     478   307   479  1
 921     320   478   324  1
 922     307   486   483  1
 923     495   481   334  1
 924     488   485   487  1
 925     482   334   481  1
 926     344   479   481  1
 927     482   481   479  1
 928     483   479   307  1
 929     482   480   487  1
 930     483   486   484  1
 931     480   482   483  1
 932     996   484   477  1
 933     584   484   476  1
 934     488   480   584  1
 935    1002  1001   999  1
 936     486   307   581  1
 937     477   484   486  1
 938     488   487   480  1
 939     487   485   672  1
 940     466   553   566  1
 941     593   488   586  1
 942     522   518   519  1
 943     521   523   378  1
 944     492   490   686  1
 945     356   364   490  1
 946     505   345   502  1
 947     684   345   505  1
 948     686   490   345  1
 949     492   491   859  1
 950     325   493   362  1
 951     312   355   494  1
 952     344   495   494  1
 953     495   497   494  1
 954     481   495   344  1
 955     500   334   498  1
 956     496   497   500  1
 957     672  1075   498  1
 958     334   497   495  1
 959     497   496   499  1
 960     599   488   593  1
 961     501   681   508  1
 962     505   506   503  1
 963     499   505   502  1
 964     334   500   497  1
 965     498  1075  1079  1
 966     774   779   778  1
 967     781   750   778  1
 968     490   502   345  1
 969     364   494   504  1
 970     499   506   505  1
 971     681   683   503  1
 972     499   504   497  1
 973     364   504   502  1
 974     506   499   496  1
 975     684   503   683  1
 976     496   679  1078  1
 977     503   506   508  1
 978     485   488   599  1
 979     508  1080  1086  1
 980     679   496  1079  1
 981    1078  1080   508  1
 982    1127  1130  1126  1
 983     704   538   705  1
 984     358   671   513  1
 985     511   367   370  1
 986     346   511   370  1
 987     366   855   514  1
 988     512   346   322  1
 989     510   512   340  1
 990     510   514   511  1
 991     855   856   858  1
 992     366   514   510  1
 993     513   511   514  1
 994     331   515   330  1
 995     515   326   368  1
 996     660   516   359  1
 997     517   516   347  1
 998     347   519   517  1
 999     371   517   360  1
1000     663   664   338  1
1001     378   523   376  1
1002     347   660   689  1
1003     521   519   518  1
1004     538   704   537  1
1005     531   529   526  1
1006     521   518   523  1
1007     524   378   360  1
1008     347   522   519  1
1009     520   530   528  1
1010     518   528   527  1
1011     376   523   529  1
1012     519   524   517  1
1013     378   524   521  1
1014     525   528   530  1
1015    1096  1097   527  1
1016     518   527   523  1
1017     731   746   724  1
1018    1096   527   525  1
1019     527  1097   529  1
1020     520   528   522  1
1021     527   528   525  1
1022     527   529   523  1
1023     693   531   526  1
1024     690   664   665  1
1025     530   520   534  1
1026     702   412   993  1
1027     703   406   543  1
1028     540   713   715  1
1029     759   745   773  1
1030     689   690   520  1
1031     538   537   533  1
1032     534   520   690  1
1033     537   534   533  1
1034     715   725   714  1
1035     265  1100  1102  1
1036     530   534   537  1
1037     711   535   707  1
1038     668   538   533  1
1039     537   536   539  1
1040     542   538   532  1
1041     704   535   746  1
1042     537   539   530  1
1043     760   536   731  1
1044     540   715   732  1
1045     753   723   752  1
1046     802   803   788  1
1047     706   705   541  1
1048     720   542   532  1
1049     542   541   705  1
1050     376   703   543  1
1051     379   543   377  1
1052     414   544   404  1
1053     545   408   413  1
1054     413   702   993  1
1055     261   263   546  1
1056     427   986  1546  1
1057     431   218   544  1
1058     966   964  1212  1
1059     545   548   431  1
1060     967   428   433  1
1061     959   967   433  1
1062     630   465   558  1
1063     463   555   557  1
1064     994   551   454  1
1065     450   551   550  1
1066     555   554   465  1
1067     552   465   554  1
1068     462   553   466  1
1069     469   553   459  1
1070     455   558   469  1
1071     568   567   554  1
1072     465   469   558  1
1073     565   555   463  1
1074     659   648   441  1
1075     630   557   555  1
1076     630   555   465  1
1077     633   556   631  1
1078    1437  1043   642  1
1079     652   634   557  1
1080     656  1053   560  1
1081     631   630   558  1
1082    1432  1434  1049  1
1083     650   559   636  1
1084     673   672   485  1
1085     585   586   587  1
1086     584   586   488  1
1087     574   287   572  1
1088     556   632   652  1
1089     563   569   568  1
1090     567   552   554  1
1091     579   577   564  1
1092    1276  1429  1430  1
1093     565   563   568  1
1094     567   566   552  1
1095     577   566   564  1
1096     554   565   568  1
1097     567   568   616  1
1098    1034  1035  1030  1
1099     616   564   567  1
1100     595   611   588  1
1101     569   615   616  1
1102     575   467   451  1
1103     283   570   572  1
1104     591   594   580  1
1105     287   289   573  1
1106     576   570   467  1
1107     572   578   574  1
1108     283   572   573  1
1109     287   573   572  1
1110     995   580   594  1
1111     476   484   996  1
1112     466   566   577  1
1113     466   577   575  1
1114     578   576   571  1
1115     467   575   576  1
1116     579   564   562  1
1117     571   576   577  1
1118     578   571   594  1
1119     570   578   572  1
1120     579   562   614  1
1121     577   579   995  1
1122     610   615   617  1
1123     607   592   608  1
1124     478   581   307  1
1125     582   581   308  1
1126     323   582   308  1
1127     291   582   306  1
1128     287   998   290  1
1129     476   589   587  1
1130     484   584   480  1
1131     476   587   586  1
1132     610   609   613  1
1133     585   602   595  1
1134     476   586   584  1
1135     597   595   593  1
1136     476   996   589  1
1137     591   592   590  1
1138     588   593   595  1
1139    1078   508   506  1
1140     583   590   589  1
1141     574   591   590  1
1142     590   583   998  1
1143     574   594   591  1
1144     602   585   606  1
1145     589   592   587  1
1146     590   592   589  1
1147     591   580   608  1
1148     597   586   585  1
1149     600   599   593  1
1150     578   594   574  1
1151     594   571   995  1
1152     598   602   609  1
1153     611   612   605  1
1154     680   600   588  1
1155    1075   676   678  1
1156     586   597   593  1
1157     585   595   597  1
1158     598   610   617  1
1159     628   603   618  1
1160     600   593   588  1
1161     596   673   674  1
1162     588   637   680  1
1163     596   599   600  1
1164     625   611   605  1
1165     611   625   588  1
1166     587   607   585  1
1167     618   605   612  1
1168     621   617   619  1
1169     636   643   650  1
1170     608   592   591  1
1171     613   614   610  1
1172     595   612   611  1
1173     622   624   605  1
1174     607   606   585  1
1175     609   606   604  1
1176     592   607   587  1
1177     606   607   604  1
1178     614   613   580  1
1179     608   604   607  1
1180     606   609   602  1
1181     604   608   613  1
1182     615   610   562  1
1183     598   609   610  1
1184     612   595   602  1
1185     625   605   624  1
1186     598   626   602  1
1187     622   618   603  1
1188     604   613   609  1
1189     580   613   608  1
1190     614   580   995  1
1191     610   614   562  1
1192     616   615   562  1
1193     615   569   617  1
1194     564   616   562  1
1195     569   616   568  1
1196     569   619   617  1
1197     627   638   626  1
1198     612   626   618  1
1199     617   621   627  1
1200    1429   569   563  1
1201    1434  1275  1049  1
1202    1428   621   619  1
1203     640   628   620  1
1204    1282  1283  1051  1
1205     638   620   628  1
1206     636   624   641  1
1207     605   618   622  1
1208     623   624   636  1
1209     559   650   657  1
1210     641   622   603  1
1211     624   999   625  1
1212     999   624   623  1
1213     637   625   999  1
1214     602   626   612  1
1215     627   626   598  1
1216     617   627   598  1
1217     621   620   638  1
1218     638   628   618  1
1219    1275   640   620  1
1220     556   557   630  1
1221    1287  1066  1053  1
1222    1053  1054  1074  1
1223    1038  1035  1034  1
1224     633   632   556  1
1225     560   634   656  1
1226    1282   557   634  1
1227     655  1003  1009  1
1228     630   631   556  1
1229     628   640   639  1
1230     651  1069  1070  1
1231    1065  1283   560  1
1232    1434  1277  1045  1
1233     639   643   603  1
1234     603   628   639  1
1235     636   559   623  1
1236     601   677   680  1
1237     588   625   637  1
1238     626   638   618  1
1239     638   627   621  1
1240    1056   652   632  1
1241     646   639   647  1
1242    1279  1438  1442  1
1243     639   640   635  1
1244     622   641   624  1
1245     643   641   603  1
1246     636   641   643  1
1247    1437   642  1047  1
1248     646   650   643  1
1249     657   654   653  1
1250     644   654   646  1
1251     642   644   647  1
1252     647   639   635  1
1253    1010  1012  1020  1
1254     559   657   655  1
1255    1017  1015  1019  1
1256     648   550   994  1
1257     643   639   646  1
1258     456   658   455  1
1259     634   652   656  1
1260    1031   649  1023  1
1261     646   647   644  1
1262     635  1047   647  1
1263     650   646   654  1
1264     656  1056  1053  1
1265    1048  1047   635  1
1266    1080  1081   687  1
1267    1030  1015  1033  1
1268     633   550   648  1
1269    1074  1058  1072  1
1270    1005  1000  1003  1
1271     561  1039  1035  1
1272     601   999  1001  1
1273     657   653  1012  1
1274     654   657   650  1
1275     450   631   658  1
1276     558   658   631  1
1277    5005  1285  5004  1
1278    1057   633   648  1
1279     661   660   359  1
1280     689   660   489  1
1281     368   661   359  1
1282     664   661   338  1
1283     671   667   670  1
1284     668   665   666  1
1285     367   663   370  1
1286     664   663   662  1
1287     665   664   662  1
1288     664   489   661  1
1289     666   665   662  1
1290     533   534   665  1
1291     670   669   662  1
1292     668   666   532  1
1293     358   838   844  1
1294     669  1113   666  1
1295     538   668   532  1
1296     665   668   533  1
1297     662   663   670  1
1298     669   667  1113  1
1299     671   670   367  1
1300     667   669   670  1
1301     513   671   367  1
1302     671   358   845  1
1303     487   672   334  1
1304     485   674   673  1
1305     673   596   676  1
1306     672   673  1075  1
1307     485   599   674  1
1308     596   674   599  1
1309     675   676   677  1
1310    1002   999   623  1
1311     677   676   596  1
1312     676   675   678  1
1313     680   596   600  1
1314     601  1001  1007  1
1315    1076   678   675  1
1316    1079   500   498  1
1317    1076   679   678  1
1318    1080   679   507  1
1319     601   680   637  1
1320     596   680   677  1
1321     685   683  1094  1
1322     503   508   681  1
1323     683   685   682  1
1324     857  1142   688  1
1325    1094   681   501  1
1326     860   491  1123  1
1327    1124   683   682  1
1328     686   684  1123  1
1329    1450  1289  1290  1
1330    1314  1326  1599  1
1331     492   686   491  1
1332     345   684   686  1
1333    1076  1077   507  1
1334    1082  1090  1084  1
1335     688   856   857  1
1336    1143   870  1144  1
1337     690   689   489  1
1338     522   689   520  1
1339     664   690   489  1
1340     690   665   534  1
1341     707   705   706  1
1342     719   730   759  1
1343     536   760   539  1
1344     700  1111   699  1
1345    1097   696   697  1
1346     695   693   697  1
1347     694  1112  1101  1
1348     701   548   993  1
1349     693   526   697  1
1350     695   694   698  1
1351     700   691  1111  1
1352     694   695   699  1
1353     697   526  1097  1
1354     697   696   699  1
1355    1100  1101  1095  1
1356     698  1098  1110  1
1357     697   699   695  1
1358     699   696   700  1
1359     747   761   692  1
1360     535   711   724  1
1361     695   698   701  1
1362     701   698  1110  1
1363     406   702   413  1
1364     693   702   531  1
1365     529   703   376  1
1366     702   703   531  1
1367     537   704   536  1
1368     538   542   705  1
1369     706   541   713  1
1370     535   704   705  1
1371     712   707   706  1
1372     535   705   707  1
1373     710   712   716  1
1374     711   712   717  1
1375     722   708   710  1
1376    1108  1107   809  1
1377     709   717   718  1
1378     536   746   731  1
1379     716   706   540  1
1380     708   718   717  1
1381     711   707   712  1
1382     709   730   724  1
1383     716   712   706  1
1384     712   710   717  1
1385     720   725   541  1
1386     540   706   713  1
1387     847   818   804  1
1388     735   721   748  1
1389     541   715   713  1
1390     732   733   726  1
1391     732   737   540  1
1392     710   716   722  1
1393     708   717   710  1
1394     709   711   717  1
1395     718   708   740  1
1396     742  1336   741  1
1397     724   730   719  1
1398     692  1096   760  1
1399     542   720   541  1
1400    1113   720   532  1
1401     766   764   735  1
1402     744   728   740  1
1403     737   738   540  1
1404     716   540   738  1
1405     722   755   708  1
1406     753   840   851  1
1407     709   724   711  1
1408     724   719   731  1
1409     541   725   715  1
1410     803   725   720  1
1411     715   733   732  1
1412     736   737   762  1
1413    1114  1335   771  1
1414     809   826   824  1
1415     744   740   708  1
1416     728   742   741  1
1417     749   721   789  1
1418     876   835   877  1
1419     709   751   795  1
1420     828   826   691  1
1421     747   731   719  1
1422     747   692   760  1
1423     733   715   714  1
1424     726   762   737  1
1425     802   766   714  1
1426     726   733   735  1
1427    1134  1137  1138  1
1428     721   735   763  1
1429     733   714   766  1
1430     764   750   763  1
1431     748   749   762  1
1432     756   758   792  1
1433     726   737   732  1
1434     737   736   738  1
1435     756   738   736  1
1436     722   716   738  1
1437     718   740   741  1
1438     796   797   807  1
1439     708   755   744  1
1440     741   740   728  1
1441     728   752   742  1
1442     741   739   751  1
1443     742   752   794  1
1444    1335  1336   742  1
1445     755   722   756  1
1446     743   770   744  1
1447     770   753   769  1
1448     752   728   769  1
1449     759   730   772  1
1450     745   807   797  1
1451     704   746   536  1
1452     724   746   535  1
1453     773   798   810  1
1454     692   761   696  1
1455     748   721   749  1
1456     726   735   748  1
1457     791   792   729  1
1458     758   736   805  1
1459     750   764   774  1
1460     749   789   790  1
1461     741   751   718  1
1462     739   772   795  1
1463     769   728   744  1
1464     794   752   723  1
1465     806   753   770  1
1466     866   853   865  1
1467     753   806   840  1
1468     923  1338   932  1
1469     722   738   756  1
1470     744   755   743  1
1471     756   736   758  1
1472     743   755   756  1
1473     789   767   768  1
1474     721   763   767  1
1475     805   736   749  1
1476     758   757   792  1
1477     730   795   772  1
1478     745   826   828  1
1479     539   760   525  1
1480     731   747   760  1
1481     759   810   719  1
1482     696   761  1115  1
1483     748   762   726  1
1484     736   762   749  1
1485     764   763   735  1
1486     767   750   765  1
1487     735   733   766  1
1488     764   734   774  1
1489     750   774   778  1
1490     801   765   787  1
1491     714   803   802  1
1492     764   766   818  1
1493     750   767   763  1
1494     768   767   765  1
1495     785   787   765  1
1496     758   805   757  1
1497     770   769   744  1
1498     752   769   753  1
1499     743   791   770  1
1500     820   793   806  1
1501     723   753   851  1
1502     875  1114   771  1
1503     796   772   739  1
1504     759   772   807  1
1505     696  1115   700  1
1506     747   798   761  1
1507     839  1143  1144  1
1508     774   734   777  1
1509    1460  1459  1119  1
1510     782  1118   780  1
1511    1342  1454  1458  1
1512     785   750   781  1
1513     818   847   734  1
1514    1340   779   777  1
1515     779   774   777  1
1516     782   781   778  1
1517    1340   777   775  1
1518     776   778   779  1
1519     776  1120  1118  1
1520    1121   780   784  1
1521     782   778   776  1
1522     785   781   780  1
1523     784  1118  1117  1
1524     780   781   782  1
1525     783   784  1117  1
1526    1184  1181  1182  1
1527     786   817   811  1
1528     829   813   815  1
1529     811   812   799  1
1530     750   785   765  1
1531    1187   784  1188  1
1532     820   821   902  1
1533     812   785   780  1
1534     811   817   787  1
1535     846   858   871  1
1536     804   818   802  1
1537     767   789   721  1
1538     789   768   790  1
1539     768   765   801  1
1540     790   768   813  1
1541     756   792   743  1
1542     820   791   729  1
1543     792   757   830  1
1544     743   792   791  1
1545     830   757   829  1
1546     875   754  1114  1
1547     794   723   866  1
1548    1335   794   771  1
1549     709   795   730  1
1550     739   795   751  1
1551    1336   796   739  1
1552     796   727   797  1
1553    1339  1338   808  1
1554     745   797   824  1
1555     810   747   719  1
1556    1115   798   773  1
1557     843   882   884  1
1558    1191  1193  1186  1
1559     833   834   800  1
1560     757   790   829  1
1561     817   801   787  1
1562     813   801   800  1
1563     714   725   803  1
1564     802   788   804  1
1565    1113   803   720  1
1566     803   845   844  1
1567     837   804   788  1
1568     839   847   837  1
1569     749   790   805  1
1570     757   805   790  1
1571     820   806   770  1
1572     840   806   848  1
1573     759   807   745  1
1574     796   807   772  1
1575     852   899   874  1
1576    1220   969  1219  1
1577     824   797   825  1
1578     809   825   827  1
1579     773   810   759  1
1580     747   810   798  1
1581     812   811   787  1
1582    1198   786  1200  1
1583     785   812   787  1
1584     812   780  1121  1
1585     801   813   768  1
1586     815   813   816  1
1587     834   835   836  1
1588     876   890   814  1
1589     816   813   800  1
1590     831   830   815  1
1591     800   817   833  1
1592     831   836   814  1
1593     953   786  1198  1
1594     801   817   800  1
1595     764   818   734  1
1596     802   818   766  1
1597     837   788   838  1
1598     862   858   688  1
1599     791   820   770  1
1600     729   842   820  1
1601     830   831   842  1
1602     876   814   835  1
1603     840   848   822  1
1604     873   879   864  1
1605     727  1335  1114  1
1606    1122   827   825  1
1607     797   841   825  1
1608     809  1107   826  1
1609    1122   823   808  1
1610     809   824   825  1
1611     691   700   828  1
1612     745   824   826  1
1613     912   932   910  1
1614     265  1102   270  1
1615    1115   828   700  1
1616     745   828   773  1
1617     813   829   790  1
1618     830   829   815  1
1619     836   831   815  1
1620     830   729   792  1
1621     890   831   814  1
1622     842   831   821  1
1623    1195  1189   947  1
1624     835   814   836  1
1625     786   833   817  1
1626     834   833   832  1
1627     834   832   835  1
1628     800   834   816  1
1629     952   854   867  1
1630     835   832   867  1
1631     815   816   836  1
1632     836   816   834  1
1633     788   844   838  1
1634     839   837   819  1
1635     358   513   846  1
1636     819   837   838  1
1637     819   862   869  1
1638     847   777   734  1
1639     848   806   793  1
1640     840   822   851  1
1641    1114   841   727  1
1642     825   841   823  1
1643     820   842   821  1
1644     830   842   729  1
1645    1380  1378   928  1
1646    1145   848   904  1
1647     788   803   844  1
1648     845   803   667  1
1649     671   845   667  1
1650     358   844   845  1
1651     855   846   513  1
1652     855   858   846  1
1653     837   847   804  1
1654     777   847   839  1
1655     890   893   831  1
1656     793   904   848  1
1657     881   903   894  1
1658    1494   933  1496  1
1659     893   894   902  1
1660    1145   887   897  1
1661     851   822   853  1
1662     723   851   866  1
1663     852   853   873  1
1664     875   874   754  1
1665     822   879   873  1
1666     865   853   852  1
1667     833   953   832  1
1668     904   918   850  1
1669     514   855   513  1
1670     856   855   366  1
1671     363   856   366  1
1672     856   688   858  1
1673     363   859   857  1
1674     860   861   491  1
1675     872   688  1142  1
1676     871   838   846  1
1677     492   859   363  1
1678    1123   491   686  1
1679     509   862   872  1
1680     857   859   861  1
1681     860  1133   861  1
1682     857   861  1142  1
1683     869   862   509  1
1684     871   819   838  1
1685     860  1125  1127  1
1686     682  1127  1125  1
1687     880   889   916  1
1688     852   873   889  1
1689     865   852   874  1
1690     794   866   771  1
1691     853   866   851  1
1692     866   865   771  1
1693     832   953   952  1
1694     867   854   877  1
1695     878   877   854  1
1696     907   878   906  1
1697     870   869   509  1
1698     819   869  1143  1
1699    1129  1134   863  1
1700     777  1144   775  1
1701     858   862   871  1
1702     819   871   862  1
1703     688   872   862  1
1704    1138   872   863  1
1705     822   873   853  1
1706     889   873   864  1
1707     901   899   852  1
1708     909   908   874  1
1709     771   865   875  1
1710     874   875   865  1
1711     835   867   877  1
1712     892   891   868  1
1713     878   854   882  1
1714     876   877   886  1
1715     878   882   906  1
1716     876   886   868  1
1717    1145   822   848  1
1718     850   918  1146  1
1719    1351  1490  1343  1
1720     908   912   754  1
1721     891   892   881  1
1722     904   902   894  1
1723     956   854   952  1
1724     906   882   843  1
1725     922   895   927  1
1726     843   884   919  1
1727     854   884   882  1
1728     919   920   905  1
1729     930  1367   906  1
1730    1147  1348  1358  1
1731     877   878   886  1
1732     907   886   878  1
1733     849  1343   887  1
1734     864   879   897  1
1735     914   909   915  1
1736     874   908   754  1
1737     925  1490  1489  1
1738     901   889   880  1
1739     891   876   868  1
1740     893   890   881  1
1741     881   890   891  1
1742     876   891   890  1
1743     886   907   868  1
1744     926  1349   903  1
1745     893   881   894  1
1746     831   893   821  1
1747     881   892   903  1
1748     904   894   918  1
1749     949   938   883  1
1750     885  1365  1366  1
1751     919   905   930  1
1752     906  1371   907  1
1753    1145   897   879  1
1754    1490   897   887  1
1755     888   915   909  1
1756    1155   808   923  1
1757     901   852   889  1
1758     899   888   909  1
1759    1343   849  1344  1
1760    1409  1255  1384  1
1761    1502   901   880  1
1762     899   901   888  1
1763     820   902   793  1
1764     893   902   821  1
1765     926   903   892  1
1766     849  1146   918  1
1767     904   850  1145  1
1768     902   904   793  1
1769     884   920   919  1
1770     927   929   905  1
1771     930   843   919  1
1772     896  1371   906  1
1773    1371  1365  1148  1
1774     868   907  1149  1
1775     874   899   909  1
1776     912   908   898  1
1777    1502   915   888  1
1778     898   908   909  1
1779     913   932   912  1
1780     841  1339   823  1
1781     880   916  1526  1
1782     911   940   914  1
1783     913   912   898  1
1784     912   910  1337  1
1785     914   898   909  1
1786    1162  1234  1233  1
1787    1374  1498  1502  1
1788     914  1172  1173  1
1789     888   901  1502  1
1790     914   915   911  1
1791     864   925   889  1
1792    1770  1374  1527  1
1793     892   868  1149  1
1794    1346  1351  1343  1
1795     894   903   918  1
1796     918   903  1349  1
1797     920   884   883  1
1798     930   905   929  1
1799     936   922   938  1
1800     905   920   922  1
1801    1202   943   921  1
1802     895   922   935  1
1803     920   883   938  1
1804     936   931   935  1
1805    1163  1165  1156  1
1806    1224  1225  1222  1
1807    1242  1241  1251  1
1808    1172   914   940  1
1809     897  1490   864  1
1810     916   889   925  1
1811     892  1149  1153  1
1812     926   917  1349  1
1813     934   929   941  1
1814     905   922   927  1
1815     934   928   929  1
1816     928   934   950  1
1817     941   927   895  1
1818     928  1352   929  1
1819    1366  1367  1352  1
1820     906   843   930  1
1821     943   931   936  1
1822    1949   895   939  1
1823    1166   932   913  1
1824    1338   923   808  1
1825    1504  1498  1503  1
1826    1381  1172   933  1
1827     895   935   939  1
1828    2053  1930  1932  1
1829     936   935   922  1
1830    1185   939   935  1
1831     922   920   938  1
1832     936   921   943  1
1833    1184   943  1174  1
1834    1773  1180  1779  1
1835     955  1197   949  1
1836     936   938   957  1
1837    1185   935   931  1
1838     937  1933  1949  1
1839    1496   940   911  1
1840    1172   940   933  1
1841     927   941   929  1
1842    1949   941   895  1
1843    1193  1388  1192  1
1844    1348  1147  1346  1
1845    1204  1202  1201  1
1846    1174   943  1202  1
1847    1119  1454  1460  1
1848    1178  1181   946  1
1849     921   936   957  1
1850     944  1175   945  1
1851     946  1174  1175  1
1852    1175  1178   946  1
1853    1121  1187   799  1
1854     949   957   938  1
1855    1934  1928   948  1
1856    1378   885  1366  1
1857     955   949   883  1
1858     949   947   954  1
1859    1934   934  1933  1
1860    1744  1738  1737  1
1861     884   956   883  1
1862     799  1199  1200  1
1863     832   952   867  1
1864     955   956   951  1
1865     786   953   833  1
1866     952   953   951  1
1867    1199  1187  1189  1
1868     921   954  1201  1
1869     955   883   956  1
1870     951  1195  1197  1
1871     854   956   884  1
1872     956   952   951  1
1873     949   954   957  1
1874     921   957   954  1
1875     962   424   963  1
1876     424   962   958  1
1877    1216   427  1574  1
1878     967   959   958  1
1879     422  1214  1211  1
1880    1215   966  1213  1
1881    1211  1217   962  1
1882     968   424   244  1
1883    1216  1269   960  1
1884     421   422   963  1
1885    1269   229   960  1
1886    1216  1268  1212  1
1887    1393  1214  1215  1
1888    1215  1395  1580  1
1889    1577  1210  1579  1
1890    1548  1552  1572  1
1891    1577  1217  1210  1
1892     958   962  1577  1
1893     964   966  1215  1
1894     424   968   963  1
1895     244   173   968  1
1896    1102  1105  1104  1
1897    1229  1230   969  1
1898     970   425  1246  1
1899     255   420   970  1
1900     969  1220  1229  1
1901     229   980   984  1
1902     980   229   976  1
1903     976   434   977  1
1904     973   979   978  1
1905     980   977   978  1
1906     235   216   974  1
1907     216   228   975  1
1908     973   974   975  1
1909     975   974   216  1
1910     419   434   976  1
1911     434  1267   977  1
1912     978   977   973  1
1913     976   977   980  1
1914     975   979   973  1
1915     985   972  1266  1
1916     981   254   238  1
1917     979   981   982  1
1918     987   978   972  1
1919     985   983   984  1
1920     982   981   432  1
1921     254   981   979  1
1922     432   972   982  1
1923     978   982   972  1
1924     971  1244  1247  1
1925     229   984   986  1
1926     985   984   980  1
1927     984   983  1257  1
1928     980   978   987  1
1929     985   417  1265  1
1930    1262  1247  1249  1
1931    5010   428  1581  1
1932     972   985   987  1
1933     980   987   985  1
1934     223   988   251  1
1935     989   988   430  1
1936     990   989   430  1
1937     407   991   178  1
1938     237   990   430  1
1939     224   222   992  1
1940     218   989   991  1
1941     990   991   989  1
1942     991   992   178  1
1943     224   992   990  1
1944     701   993   412  1
1945     545   993   548  1
1946     454   441   994  1
1947     648   994   441  1
1948     577   995   571  1
1949     614   995   579  1
1950     997   996   477  1
1951     589   996   583  1
1952     475   997   477  1
1953     998   997   290  1
1954     998   287   574  1
1955     997   998   583  1
1956    1002   623  1009  1
1957     637   999   601  1
1958    1005  1010  1004  1
1959    1007  1008  1077  1
1960    1008  1001  1270  1
1961     677  1007   675  1
1962     623   559  1009  1
1963    1000  1001  1002  1
1964     655  1010  1005  1
1965    1000  1002  1003  1
1966    1010  1022  1004  1
1967    1004  1027  1028  1
1968     655  1005  1003  1
1969    1005  1004  1029  1
1970    1011  1000  1005  1
1971    1270  1011  1006  1
1972     601  1007   677  1
1973    1008  1007  1001  1
1974    1270  1001  1000  1
1975    1008  1006  1077  1
1976     655  1009   559  1
1977    1002  1009  1003  1
1978    1012   655   657  1
1979    1010   655  1012  1
1980    1022  1027  1004  1
1981    1088  1089  1087  1
1982     653  1014  1012  1
1983    1020  1014  1021  1
1984    1014  1017  1013  1
1985    1010  1020  1022  1
1986    1033  1017   653  1
1987    1014  1013  1021  1
1988    1030  1033   654  1
1989     654   644  1030  1
1990    1021  1013  1023  1
1991    1016  1021  1023  1
1992     653  1017  1014  1
1993    1018  1031  1019  1
1994    1030  1035  1015  1
1995    1019  1013  1017  1
1996     645  1018  1019  1
1997    1014  1020  1012  1
1998    1020  1016  1022  1
1999    1013  1031  1023  1
2000    1020  1021  1016  1
2001    1271  1025  1016  1
2002    1025  1022  1016  1
2003    1273  1274  1041  1
2004    1448  1622  1449  1
2005    1413  1026  1025  1
2006    1026  1027  1025  1
2007    1271  1016  1023  1
2008    1272  1271  1023  1
2009    1032  1416  1424  1
2010    1028  1088  1029  1
2011    1025  1027  1022  1
2012    1028  1027  1026  1
2013    1042  1028  1026  1
2014    1093  1294  1092  1
2015    1028  1029  1004  1
2016    1011  1005  1029  1
2017     644  1034  1030  1
2018     645  1019  1015  1
2019    1019  1031  1013  1
2020    1018   649  1031  1
2021    1017  1033  1015  1
2022    1084  1085   687  1
2023     654  1033   653  1
2024    1043   644   642  1
2025    1035  1039  1015  1
2026     561  1035  1038  1
2027    1043  1038  1034  1
2028    1411  1025  1041  1
2029    1023   649  1040  1
2030    1084   687  1081  1
2031     561  1038   464  1
2032     561   645  1039  1
2033    1015  1039   645  1
2034     649  1036  1040  1
2035    1273  1272  1036  1
2036    1273  1041  1272  1
2037    1419  1420  1415  1
2038    1414  1026  1413  1
2039    1294  1091  1037  1
2040     644  1043  1034  1
2041     464  1435  1044  1
2042    1441  1443  1444  1
2043     464  1038  1435  1
2044    1279  1278  1438  1
2045    1435  1043  1437  1
2046    1047   642   647  1
2047    1444  1434  1045  1
2048     640  1275   635  1
2049    1045  1436  1444  1
2050     620   621  1049  1
2051    1432  1428  1276  1
2052     619   569  1429  1
2053     563   565  1051  1
2054     560  1053  1066  1
2055    1432  1276  1431  1
2056     565   463  1051  1
2057    1282  1051   463  1
2058     656   652  1056  1
2059     560  1063  1065  1
2060    1059  1064  1284  1
2061    1057  1054  1056  1
2062    1058  1068  1067  1
2063     629  1619  1281  1
2064    1061  1063  1064  1
2065    1057  1056   632  1
2066    1053  1056  1054  1
2067    1057   632   633  1
2068    1068   659  1055  1
2069    1055   659   441  1
2070    1057  1068  1054  1
2071     560  1066  1063  1
2072    1064  1060  1284  1
2073    1059  5003  1064  1
2074    1059  1062  5003  1
2075    1064  1063  1060  1
2076    1043  1435  1038  1
2077    1281  5003   629  1
2078    1063  1066  1060  1
2079    1052  1059  1284  1
2080    1065  1063  1061  1
2081    1073  1070  1069  1
2082    1058   651  1070  1
2083    1061  1278  1280  1
2084    1051  1283  1050  1
2085    1055   651  1067  1
2086    1058  1054  1068  1
2087     648  1068  1057  1
2088    1055  1067  1068  1
2089    1072  5004  1286  1
2090    1068   648   659  1
2091    1072  1286  1287  1
2092    1052  1071  1285  1
2093    5004  1071  1286  1
2094    1058  1070  1072  1
2095    1070  1073  5004  1
2096    5005  1069     4  1
2097    1284  1071  1052  1
2098    1058  1074  1054  1
2099    1287  1074  1072  1
2100     676  1075   673  1
2101    1079  1075   678  1
2102    1077  1076   675  1
2103     679  1076   507  1
2104    1077   675  1007  1
2105    1077  1006  1082  1
2106     496  1078   506  1
2107    1080  1078   679  1
2108     500  1079   496  1
2109     678   679  1079  1
2110    1081  1080   507  1
2111    1086  1080   687  1
2112    1082   507  1077  1
2113     507  1082  1081  1
2114    1011  1087  1006  1
2115    1087  1011  1088  1
2116    1006  1087  1082  1
2117    1090  1093  1083  1
2118    1082  1084  1081  1
2119    1085  1084  1083  1
2120    1451  1449  1450  1
2121    1086  1289   501  1
2122    1289  1086   687  1
2123     501   508  1086  1
2124    1011  1029  1088  1
2125    1084  1090  1083  1
2126    1091  1028  1042  1
2127    1093  1090  1089  1
2128    1091  1089  1088  1
2129    1294  1032  1092  1
2130    1082  1087  1090  1
2131    1089  1090  1087  1
2132    1028  1091  1088  1
2133    1037  1091  1042  1
2134    1032  1298  1297  1
2135    1085  1083  1296  1
2136    1294  1093  1089  1
2137    1296  1093  1092  1
2138     681  1094   683  1
2139    1291  1094   501  1
2140    1099   265   267  1
2141    1107  1106   691  1
2142     760  1096   525  1
2143    1097  1096   692  1
2144    1097   692   696  1
2145    1097   526   529  1
2146    1101   698   694  1
2147    1100  1098  1101  1
2148     261  1098  1099  1
2149     265  1099  1098  1
2150    1100  1095  1102  1
2151     265  1098  1100  1
2152     698  1101  1098  1
2153     694  1111  1112  1
2154    1106  1105  1095  1
2155    1102  1095  1105  1
2156    1122  1155   827  1
2157    1102  1104  1221  1
2158    1158  1103  1109  1
2159    1219   270  1221  1
2160    1095  1112  1106  1
2161    1105  1103  1231  1
2162     691   826  1107  1
2163    1105  1106  1109  1
2164    1108   809   827  1
2165    1105  1109  1103  1
2166    1158  1108   827  1
2167    1108  1158  1109  1
2168    1106  1107  1109  1
2169    1108  1109  1107  1
2170     549  1110   261  1
2171     701  1110   548  1
2172     691  1106  1112  1
2173     699  1111   694  1
2174    1101  1112  1095  1
2175     691  1112  1111  1
2176    1113   532   666  1
2177     803  1113   667  1
2178    1337  1114   754  1
2179    1114  1339   841  1
2180     798  1115   761  1
2181     828  1115   773  1
2182    1291  1293   685  1
2183    1316  1302  1303  1
2184    1340  1120   776  1
2185    1118  1120  1117  1
2186     780  1118   784  1
2187     776  1118   782  1
2188    1475  1471  1342  1
2189    1119  1340  1454  1
2190    1340   776   779  1
2191    1459  1120  1119  1
2192     783  1188   784  1
2193     812  1121   799  1
2194     823  1122   825  1
2195    1155  1122   808  1
2196    1124   684   683  1
2197    1125  1123  1124  1
2198    1125  1124   682  1
2199     684  1124  1123  1
2200    1127  1341  1130  1
2201     860  1123  1125  1
2202     509  1138  1137  1
2203    1133  1127  1129  1
2204    1341   682   685  1
2205    1127  1126  1129  1
2206    1289  1291   501  1
2207    1130  1131  1126  1
2208    1135  1134  1129  1
2209    1133  1129   863  1
2210    1341  1127   682  1
2211    1131  1130  1128  1
2212    1128  1620  1447  1
2213    1116  1136  1131  1
2214    1135  1126  1136  1
2215    1141  1476  1136  1
2216    1133   863  1142  1
2217    1127  1133   860  1
2218    1135  1129  1126  1
2219    1134  1132  1137  1
2220    1126  1131  1136  1
2221    1132  1134  1135  1
2222    1136  1116  1141  1
2223    1135  1136  1476  1
2224    1456  1137  1132  1
2225     870   509  1137  1
2226     872  1138   509  1
2227     863  1134  1138  1
2228    1288  1289  1450  1
2229     947  1194   954  1
2230    1312  1836  1313  1
2231    1472  1471  1139  1
2232    1634  1141  1116  1
2233    1482  1140  1477  1
2234    1133  1142   861  1
2235     872  1142   863  1
2236     819  1143   839  1
2237     869   870  1143  1
2238     839  1144   777  1
2239    1461  1455  1458  1
2240    1145   850  1146  1
2241     822  1145   879  1
2242     849   887  1146  1
2243    1145  1146   887  1
2244     917   926  1153  1
2245    1745  1723  1736  1
2246    1357  1362  1368  1
2247    1153  1149  1152  1
2248     907  1150  1149  1
2249    1150  1152  1149  1
2250    1371  1150   907  1
2251    1362  1152  1148  1
2252    1361  1354  1151  1
2253    1346  1147  1351  1
2254    1148  1152  1150  1
2255    1353  1153  1152  1
2256     892  1153   926  1
2257    1353  1152  1151  1
2258    1359  1358  1348  1
2259     924  1495  1494  1
2260     923  1160  1155  1
2261    1155  1157  1158  1
2262     913   898  1173  1
2263    1170  1398  1165  1
2264    1155  1160  1161  1
2265    1161  1162  1233  1
2266    1155  1158   827  1
2267    1158  1157  1232  1
2268    1166  1165  1159  1
2269    1162  1161  1159  1
2270    1160   923  1166  1
2271    1161  1160  1159  1
2272    1162  1159  1163  1
2273    1155  1161  1157  1
2274    1163  1171  1162  1
2275    1162  1171  1234  1
2276    1165  1163  1159  1
2277    1171  1163  1156  1
2278    1166  1383  1165  1
2279    1401  1396  1398  1
2280    1160  1166  1159  1
2281    1165  1164  1170  1
2282     932  1166   923  1
2283     913  1172  1373  1
2284    1169  1397  1250  1
2285     425  1236  1237  1
2286    1381   924  1379  1
2287    1235  1238  1242  1
2288    1397  1398  1396  1
2289    1228  1223  1226  1
2290    1377  1170  1164  1
2291    1170  1168  1398  1
2292    1397  1171  1156  1
2293    1234  1171  1169  1
2294     933  1495  1381  1
2295    1172  1381  1373  1
2296     914  1173   898  1
2297    1172   913  1173  1
2298    1175  1174   945  1
2299    1174   946  1184  1
2300    1179  1177  1178  1
2301    1179  1176  1382  1
2302    1208   944  1204  1
2303    1545  2087  1538  1
2304    1385  1177  1382  1
2305    1185  1184  1182  1
2306    1183  1175   944  1
2307    1779  1181  1178  1
2308    1183  1178  1175  1
2309    1208  1392   944  1
2310    1780  1772  1385  1
2311    1182  1180  1778  1
2312    1779  1178  1177  1
2313    1181  1180  1182  1
2314    1180  1777  1778  1
2315    1185  1182  1778  1
2316    1392  1183   944  1
2317    1178  1183  1179  1
2318    1184   931   943  1
2319    1181  1184   946  1
2320     939  1185   937  1
2321    1184  1185   931  1
2322    1188  1191  1186  1
2323    1189  1186  1196  1
2324     784  1187  1121  1
2325    1189  1187  1186  1
2326    1465  1628  1463  1
2327    1186  1187  1188  1
2328    1196  1193  1194  1
2329    1197  1195   947  1
2330     783  1459  1463  1
2331    1392  1179  1183  1
2332    1628  1188   783  1
2333    1190  1388  1193  1
2334    1207  1387  1370  1
2335     945  1202  1204  1
2336    1190  1193  1191  1
2337    1194  1193  1192  1
2338    1205  1203  1192  1
2339    1196   947  1189  1
2340    1198  1195   951  1
2341    1187  1199   799  1
2342    1193  1196  1186  1
2343     947  1196  1194  1
2344     949  1197   947  1
2345     951  1197   955  1
2346     953  1198   951  1
2347    1200   786   811  1
2348    1189  1195  1199  1
2349    1200  1195  1198  1
2350     799  1200   811  1
2351    1195  1200  1199  1
2352    1203  1201   954  1
2353     945  1204   944  1
2354    1202   945  1174  1
2355     921  1201  1202  1
2356     954  1194  1203  1
2357    1192  1203  1194  1
2358    1205  1201  1203  1
2359    1205  1204  1201  1
2360    1390  1388  1389  1
2361    1370  1205  1192  1
2362    1206  1370  1390  1
2363    1638  1634  1642  1
2364    1204  1387  1208  1
2365    1207  1531  1534  1
2366    1387  1204  1205  1
2367    1392  1208  1207  1
2368    1268  1574  1576  1
2369     422   418   964  1
2370    1574   427  1209  1
2371    1581  1577  1579  1
2372    1269  1216  1212  1
2373     422  1211   963  1
2374     966  1268  1213  1
2375    5010  5009  5013  1
2376    1268   966  1212  1
2377     427  1216   960  1
2378    1213  1395  1215  1
2379    1393  1211  1214  1
2380    5008   428  5010  1
2381    1215  1214   964  1
2382     419  1212   964  1
2383     419  1269  1212  1
2384    1580  1393  1215  1
2385    1577   967   958  1
2386     256  1218   436  1
2387    1230  1218   969  1
2388    1219  1221  1220  1
2389     969   256  1219  1
2390    1224  1220  1104  1
2391    1230   425   970  1
2392    1102  1221   270  1
2393    1104  1220  1221  1
2394    1104  1231  1224  1
2395    1227  1169  1167  1
2396    1226  1220  1224  1
2397    1227  1228  1226  1
2398    1224  1231  1225  1
2399    1226  1224  1222  1
2400    1232  1225  1231  1
2401    1157  1161  1233  1
2402    1227  1226  1222  1
2403    1226  1223  1229  1
2404    1227  1222  1234  1
2405    1227  1167  1228  1
2406    1237  1228  1238  1
2407    1230  1236   425  1
2408    1226  1229  1220  1
2409    1230  1229  1223  1
2410    1230  1223  1236  1
2411    1230   420  1218  1
2412    1105  1231  1104  1
2413    1232  1231  1103  1
2414    1158  1232  1103  1
2415    1233  1232  1157  1
2416    1222  1225  1233  1
2417    1233  1225  1232  1
2418    1227  1234  1169  1
2419    1222  1233  1234  1
2420    1235  1237  1238  1
2421    1555  1248  1243  1
2422    1223  1228  1236  1
2423    1237  1236  1228  1
2424    1238  1228  1167  1
2425    1237  1235  1244  1
2426    1397  1241  1250  1
2427    1167  1241  1238  1
2428    1379  1377  1164  1
2429    1258  1405  5019  1
2430    1251  1239  1253  1
2431    1235  1242  1243  1
2432    1250  1241  1167  1
2433    1251  1241  1239  1
2434    1241  1242  1238  1
2435    1242  1240  1787  1
2436    1499  1500  1494  1
2437    1257  1264  1546  1
2438    1248  1245  1247  1
2439    1246  1244   971  1
2440    1253  5019  5020  1
2441    1263  1264  1257  1
2442     971  1261  1246  1
2443    1237  1246   425  1
2444    1248  1244  1235  1
2445    1249  1247  1245  1
2446    1244  1248  1247  1
2447    1235  1243  1248  1
2448    1554  1245  1555  1
2449    1265  1259  1263  1
2450    1167  1169  1250  1
2451    1398  1397  1156  1
2452    1557  1559  1555  1
2453    1242  1251  1240  1
2454    1401  1402  1396  1
2455    1554  1406  1245  1
2456    1239  1402  1253  1
2457    1995  2302  1994  1
2458    1584  1403  1409  1
2459    1399  1255  1256  1
2460    1258  1402  1399  1
2461    1255  1403  1256  1
2462    1263  1257   983  1
2463    1553  1406  1554  1
2464    1264  1547  1546  1
2465    1252  1584  1409  1
2466    1586  1256  1403  1
2467    1556  1557  1558  1
2468    1262  1259  1261  1
2469    1262  1263  1259  1
2470    1260   417  1266  1
2471    1261  1260   255  1
2472    1261   255   970  1
2473    1262  1261   971  1
2474    1247  1262   971  1
2475    1263  1262  1249  1
2476    1263  1249  1264  1
2477    1263   983  1265  1
2478    1590  1245  1406  1
2479    1565  1552  1551  1
2480     985  1265   983  1
2481    1265   417  1260  1
2482     246  1266   240  1
2483     985  1266   417  1
2484     974  1267   197  1
2485     977  1267   973  1
2486     986  1257  1546  1
2487     422   964  1214  1
2488     229  1269   976  1
2489    1268  1576  1797  1
2490    1008  1270  1006  1
2491    1000  1011  1270  1
2492    1272  1023  1040  1
2493    1041  1025  1271  1
2494    1036  1272  1040  1
2495    1041  1271  1272  1
2496    1036  1024  1273  1
2497    1274  1273  1024  1
2498    1420  1412  1415  1
2499    1041  1274  1411  1
2500    1275  1048   635  1
2501     620  1049  1275  1
2502    1430   563  1051  1
2503    1430  1431  1276  1
2504    1280  1050  1065  1
2505    1278  1433  1280  1
2506    1061  1064  1281  1
2507    1281  1278  1061  1
2508    1442  1436  1279  1
2509    1436  1045  1279  1
2510    1061  1280  1065  1
2511    1278  1279  1433  1
2512    1064  5003  1281  1
2513    1619  1442  1438  1
2514     557  1282   463  1
2515    1283  1282   634  1
2516     560  1283   634  1
2517    1283  1065  1050  1
2518    1052  1062  1059  1
2519    1287  1286  1060  1
2520    1286  1071  1284  1
2521    1285  1071  5004  1
2522    1060  1286  1284  1
2523    1070  5004  1072  1
2524    1066  1287  1060  1
2525    1074  1287  1053  1
2526    1451  1296  1297  1
2527    1128  1341  1293  1
2528    1290  1289   687  1
2529    1289  1288  1291  1
2530     687  1085  1290  1
2531    1290  1085  1450  1
2532    1291  1288  1292  1
2533    1291   685  1094  1
2534    1295  1302  1305  1
2535    1128  1292  1620  1
2536    1291  1292  1293  1
2537    1128  1293  1292  1
2538    1091  1294  1089  1
2539    1294  1037  1592  1
2540    1295  1297  1298  1
2541    1298  1302  1295  1
2542    1093  1296  1083  1
2543    1297  1296  1092  1
2544    1032  1297  1092  1
2545    1451  1450  1085  1
2546    1026  1414  1042  1
2547    1032  1301  1303  1
2548    1597  1324  1453  1
2549    1635  1640  1633  1
2550    1300  1316  1325  1
2551    1447  1116  1131  1
2552    1414  1426  1037  1
2553    1300  1314  1308  1
2554    1303  1302  1298  1
2555    1310  1306  1308  1
2556    1032  1303  1298  1
2557    1303  1301  1316  1
2558    1306  1310  1305  1
2559    1313  1304  1310  1
2560    1300  1306  1302  1
2561    1627  1844  1449  1
2562    1306  1300  1308  1
2563    1305  1302  1306  1
2564    1309  1453  1324  1
2565    1332  1313  1333  1
2566    1334  1309  1421  1
2567    1310  1308  1307  1
2568    1317  1323  1452  1
2569    1389  1480  1488  1
2570    1328  1316  1299  1
2571    1305  1310  1304  1
2572    1325  1314  1300  1
2573    1324  1319  1321  1
2574    1420  1334  1421  1
2575    1462  1467  1479  1
2576    1333  1310  1307  1
2577    1621  1624  1446  1
2578    1322  1329  1325  1
2579    1423  1412  1801  1
2580    1808  1804  1809  1
2581    1392  1532  1179  1
2582    1316  1300  1302  1
2583    1301  1299  1316  1
2584    1603  1452  1323  1
2585    1325  1316  1328  1
2586    1332  1333  1317  1
2587    1320  1425  1841  1
2588    1600  1604  1610  1
2589    1307  1317  1333  1
2590    1603  1323  1604  1
2591       9  1330  1594  1
2592    1595  1596  1453  1
2593    1421  1309  1324  1
2594    1415  1411  1274  1
2595    1326  1605  1323  1
2596    1324  1321  1327  1
2597    1321  1319  1802  1
2598    1452  1332  1317  1
2599    1317  1326  1323  1
2600       9  1594  1309  1
2601    1595  1453  1594  1
2602    1979  1672  2124  1
2603    1325  1328  1322  1
2604    1835  1327  1321  1
2605    1843  1601  1311  1
2606    1318  1823  1595  1
2607    1330  1318  1595  1
2608    1635  1485  1640  1
2609    1801  1327  1423  1
2610    1597  1319  1324  1
2611    1322  1328  1321  1
2612    1314  1329  1326  1
2613    1320  1452  1425  1
2614    1332  1452  1320  1
2615    1312  1313  1332  1
2616    1310  1333  1313  1
2617    1308  1314  1307  1
2618    1643  1635  1646  1
2619       9  1309  1334  1
2620     727   796  1336  1
2621    1335   742   794  1
2622    1336   739   741  1
2623     727  1336  1335  1
2624     912  1337   754  1
2625    1338  1337   910  1
2626     932  1338   910  1
2627    1339   808   823  1
2628    1114  1337  1339  1
2629    1338  1339  1337  1
2630    1454  1340   775  1
2631    1120  1340  1119  1
2632    1293  1341   685  1
2633    1130  1341  1128  1
2634    1458  1454   775  1
2635    1459   783  1117  1
2636    1344   849  1349  1
2637    1147  1492  1351  1
2638     917  1153  1353  1
2639    1344  1350  1355  1
2640     916  1489   900  1
2641     925   864  1490  1
2642    1343  1344  1346  1
2643    1344   917  1350  1
2644    1354  1347  1355  1
2645    1866  1698  1699  1
2646    1344  1348  1346  1
2647    1913  1914  2041  1
2648     849   918  1349  1
2649     917  1344  1349  1
2650    1354  1350  1151  1
2651    1348  1355  1347  1
2652    1492  1147  1360  1
2653    1351  1345  1490  1
2654    1352   930   929  1
2655     928  1378  1366  1
2656    1151  1350  1353  1
2657     917  1353  1350  1
2658    1151  1362  1361  1
2659    1731  1736  1727  1
2660    1344  1355  1348  1
2661    1354  1355  1350  1
2662    1696  1698  1692  1
2663    1358  1360  1147  1
2664    1369  1703  1372  1
2665    1361  1364  1354  1
2666    1359  1348  1347  1
2667    1702  1698  1700  1
2668    1364  1493  1354  1
2669     950  1380   928  1
2670    1150  1371  1148  1
2671    1866  1492  1360  1
2672    1151  1152  1362  1
2673    1357  1722  1364  1
2674    1368  1362  1148  1
2675    1357  1361  1362  1
2676     906  1367   896  1
2677    1177  1179  1382  1
2678    1357  1364  1361  1
2679    1364  1363  1493  1
2680    1716  1718  1682  1
2681    1347  1372  1359  1
2682    1711  1740  1715  1
2683    1378  1376  1731  1
2684    1368  1365   885  1
2685    1403  1255  1409  1
2686    1365  1368  1148  1
2687    1368   885  1727  1
2688    1493  1369  1372  1
2689    1712  1706  1708  1
2690    1205  1370  1387  1
2691    1769  1511  1770  1
2692    1367  1366   896  1
2693    1709  1726  1724  1
2694    1493  1372  1347  1
2695    1365  1371   896  1
2696    1498  1504  1507  1
2697     913  1383  1166  1
2698    1737  1738  1867  1
2699    1864  1685  1508  1
2700     930  1352  1367  1
2701    1373  1383   913  1
2702    1753  1741  1751  1
2703    1772  1177  1385  1
2704    1373  1379  1164  1
2705    1170  1377  1168  1
2706    1378  1380  1376  1
2707     900  1527   916  1
2708    1508  1509  1510  1
2709    1164  1383  1373  1
2710    1366  1365   896  1
2711    1366  1352   928  1
2712    1505   924  1500  1
2713    1377  1379  1384  1
2714     948  1380   950  1
2715    1781  1370  1206  1
2716    1381  1379  1373  1
2717    1540  1382  1176  1
2718    1400  1377  1384  1
2719    1165  1383  1164  1
2720    1176  1532  1536  1
2721    1208  1387  1207  1
2722    1771  1780  1385  1
2723    1385  1382  1540  1
2724    1509  1504  1510  1
2725    1388  1370  1192  1
2726    1628  1191  1188  1
2727    1388  1190  1389  1
2728    1488  1783  1389  1
2729    1388  1390  1370  1
2730    1389  1206  1390  1
2731    1643  1485  1635  1
2732    1386  1780  1771  1
2733    1531  1207  1781  1
2734    1179  1532  1176  1
2735    1394  5012  1578  1
2736    1217  1393  1210  1
2737     961  1578  5011  1
2738    1796  1395  1213  1
2739    1583   965  1796  1
2740    1400  1168  1377  1
2741    1239  1241  1397  1
2742    1397  1169  1171  1
2743    1239  1397  1396  1
2744    1398  1156  1165  1
2745    1401  1398  1168  1
2746    1798  2111  2115  1
2747    1402  1239  1396  1
2748    1255  1400  1384  1
2749    1400  1399  1401  1
2750    1400  1401  1168  1
2751    1401  1399  1402  1
2752    1255  1399  1400  1
2753    1505  1500  1501  1
2754    1256  1405  1258  1
2755    1274  1419  1415  1
2756    1258  1253  1402  1
2757    1256  1254  1589  1
2758    1256  1258  1399  1
2759    1505  1501  1409  1
2760     984  1257   986  1
2761    1559  1556  1568  1
2762    1586  2187  1254  1
2763    1800  1254  2187  1
2764    1557  1243  1787  1
2765    1590  1264  1249  1
2766    1253  1788  1251  1
2767    1589  1405  1256  1
2768    1025  1411  1413  1
2769    1274  1024  1591  1
2770    1618  1301  1424  1
2771    1423  1835  1618  1
2772    1427  1411  1415  1
2773    1042  1414  1037  1
2774    1414  1427  1418  1
2775    1592  1416  1032  1
2776    1591  1417  1419  1
2777    1415  1412  1418  1
2778    1416  1037  1426  1
2779    1426  1422  1416  1
2780    1410  1593  1417  1
2781    1417  1593  1334  1
2782    1418  1412  1422  1
2783    1427  1414  1413  1
2784    1591  1419  1274  1
2785    1420  1419  1417  1
2786    1811  1805  1596  1
2787    1334  1420  1417  1
2788    1595  1594  1330  1
2789    1329  1314  1325  1
2790    1422  1412  1423  1
2791    1032  1424  1301  1
2792    1420  1421  1801  1
2793    1322  1321  1802  1
2794    1416  1422  1424  1
2795    1618  1422  1423  1
2796    1593     9  1334  1
2797    1453  1309  1594  1
2798    1414  1418  1426  1
2799    1422  1426  1418  1
2800    1411  1427  1413  1
2801    1415  1418  1427  1
2802     621  1428  1049  1
2803    1429  1428   619  1
2804    1430  1429   563  1
2805    1429  1276  1428  1
2806    1051  1050  1430  1
2807    1431  1277  1432  1
2808    1430  1050  1431  1
2809    1433  1050  1280  1
2810    1434  1432  1277  1
2811    1432  1049  1428  1
2812    1277  1431  1433  1
2813    1433  1431  1050  1
2814    1441  1046  1445  1
2815    1434  1048  1275  1
2816    1437  1443  1441  1
2817    1046  1044  1445  1
2818    1277  1433  1279  1
2819    1281  1438  1278  1
2820    1277  1279  1045  1
2821    1439  1440  1442  1
2822    1439  1046  1440  1
2823    1619  1439  1442  1
2824    1445  1435  1437  1
2825    1047  1443  1437  1
2826    1436  1440  1441  1
2827    1441  1440  1046  1
2828    1436  1442  1440  1
2829    1047  1048  1443  1
2830    1048  1434  1444  1
2831    1441  1444  1436  1
2832    1048  1444  1443  1
2833    1435  1445  1044  1
2834    1437  1441  1445  1
2835    1622  1288  1449  1
2836    1448  1626  1624  1
2837    1128  1447  1131  1
2838    1637  1447  1446  1
2839    1313  1836  1625  1
2840    1637  1624  1623  1
2841    1295  1305  1627  1
2842    1304  1626  1844  1
2843    1296  1451  1085  1
2844    1288  1450  1449  1
2845    1297  1295  1451  1
2846    1451  1295  1627  1
2847    1613  1615  1607  1
2848    1329  1322  1808  1
2849    1321  1328  1299  1
2850    1835  1321  1299  1
2851     870  1461  1144  1
2852    1460  1342  1457  1
2853    1456   870  1137  1
2854    1481  1482  1475  1
2855    1456  1132  1481  1
2856    1456  1455  1461  1
2857    1466  1468  1469  1
2858    1190  1465  1487  1
2859    1461   775  1144  1
2860    1342  1458  1455  1
2861    1459  1117  1120  1
2862    1464  1463  1459  1
2863    1342  1460  1454  1
2864    1459  1460  1457  1
2865    1461   870  1456  1
2866     775  1461  1458  1
2867    1468  1467  1464  1
2868    1457  1468  1464  1
2869    1464  1459  1457  1
2870    1465  1463  1462  1
2871    1468  1457  1469  1
2872    1462  1463  1464  1
2873    1462  1479  1480  1
2874    1628  1190  1191  1
2875    1629  1478  1484  1
2876    1462  1464  1467  1
2877    1483  1478  1466  1
2878    1478  1467  1466  1
2879    1469  1457  1342  1
2880    1466  1467  1468  1
2881    1471  1469  1342  1
2882    1472  1469  1471  1
2883    1636  1472  1139  1
2884    1485  1651  1484  1
2885    1475  1342  1455  1
2886    1632  1631  1633  1
2887    1483  1472  1636  1
2888    1466  1469  1472  1
2889    1632  1139  1477  1
2890    1632  1633  1636  1
2891    1845  1630  1848  1
2892    1462  1480  1487  1
2893    1481  1455  1456  1
2894    1135  1476  1132  1
2895    1140  1476  1141  1
2896    1476  1482  1481  1
2897    1139  1471  1477  1
2898    1471  1475  1482  1
2899    1478  1483  1484  1
2900    1479  1478  1474  1
2901    1478  1479  1467  1
2902    1480  1479  1474  1
2903    1488  1480  1845  1
2904    1487  1480  1389  1
2905    1481  1475  1455  1
2906    1132  1476  1481  1
2907    1140  1482  1476  1
2908    1471  1482  1477  1
2909    1472  1483  1466  1
2910    1484  1483  1473  1
2911    1484  1473  1640  1
2912    1629  1484  1470  1
2913    1312  1332  1320  1
2914    1324  1327  1421  1
2915    1629  1630  1845  1
2916    1531  1781  1782  1
2917    1190  1487  1389  1
2918    1462  1487  1465  1
2919    1845  1480  1474  1
2920    1486  1782  1783  1
2921     925  1489   916  1
2922    1492  1489  1345  1
2923    1490   887  1343  1
2924    1490  1345  1489  1
2925    1703  1701  1359  1
2926    1683  1508  1512  1
2927    1489  1492   900  1
2928    1351  1492  1345  1
2929    1493  1347  1354  1
2930    1707  1493  1363  1
2931     933   940  1496  1
2932    1499  1494  1375  1
2933    1381  1495   924  1
2934     933  1494  1495  1
2935    1496   911  1498  1
2936    1494  1496  1507  1
2937    1375  1504  1509  1
2938    1252  1409  1501  1
2939    1502  1498   911  1
2940    1503  1498  1374  1
2941    1499  1375  1685  1
2942    1500  1499  1497  1
2943    1501  1500  1497  1
2944    1494  1500   924  1
2945    1501  1497  1860  1
2946    1409  1384  1505  1
2947     915  1502   911  1
2948    1502   880  1526  1
2949    1374  1154  1503  1
2950    1504  1503  1154  1
2951    1687  1523  1515  1
2952    1507  1504  1375  1
2953    1384  1379  1505  1
2954     924  1505  1379  1
2955    1512  1513  1515  1
2956    2491  1900  1897  1
2957    1494  1507  1375  1
2958    1498  1507  1496  1
2959    2156  2492  2043  1
2960    1509  1685  1375  1
2961    1510  1504  1154  1
2962    1686  1864  1683  1
2963    1516  1510  1154  1
2964    1508  1510  1512  1
2965    1527  1528  1770  1
2966    1513  1517  1515  1
2967    1510  1513  1512  1
2968    1517  1513  1511  1
2969    1516  1513  1510  1
2970    1517  1511  1691  1
2971    1697  1693  1694  1
2972    2301  2505  2395  1
2973    1506  1914  1688  1
2974    2051  1687  1515  1
2975    1516  1154  1770  1
2976    1513  1516  1511  1
2977    1511  1769  1691  1
2978    1514  1515  1517  1
2979    1524  1735  1900  1
2980    1686  1521  1768  1
2981    2506  1919  2505  1
2982    2182  1903  2184  1
2983    1690  1525  1514  1
2984    1521  1518  1767  1
2985    1514  2051  1515  1
2986    1999  1905  1798  1
2987    1525  1693  1522  1
2988    1891  1688  1743  1
2989    1897  2489  2560  1
2990    1525  2049  2052  1
2991    1863  1862  1999  1
2992    1685  1497  1499  1
2993    1517  1691  1514  1
2994    1521  1904  1768  1
2995    1527  1526   916  1
2996    1502  1526  1374  1
2997     900  1528  1527  1
2998    1526  1527  1374  1
2999     900  1492  1866  1
3000    1528  1699  1769  1
3001    1536  1538  1539  1
3002    1538  1529  1539  1
3003    2090  2072  2083  1
3004     937  1932  1933  1
3005    1206  1783  1782  1
3006    1985  1533  1534  1
3007    1392  1533  1532  1
3008    1537  1533  1978  1
3009    1534  1533  1392  1
3010    1978  1977  1537  1
3011    1207  1534  1392  1
3012    1531  1786  1985  1
3013    1653  1651  1649  1
3014    1535  1543  1538  1
3015    1533  1537  1532  1
3016    1536  1535  1538  1
3017    1533  1985  1978  1
3018    1536  1532  1537  1
3019    1659  1961  1785  1
3020    1545  1538  1543  1
3021    1529  1771  1540  1
3022    1536  1539  1176  1
3023    1176  1539  1540  1
3024    1529  1540  1539  1
3025    2065  2376     5  1
3026    2069  2070  2063  1
3027    1965  1968  1963  1
3028    1386  2085  2082  1
3029    1535  1976  1970  1
3030    1542  2096  1545  1
3031    2098  2099  2096  1
3032    2066  1954  2063  1
3033    1542  1545  1543  1
3034    1545  1544  2087  1
3035    1264  1590  1547  1
3036     427  1546  1548  1
3037    1551  1549  1553  1
3038     427  1548  1209  1
3039    1547  1552  1546  1
3040    1406  1549  1547  1
3041    1576  1799  1575  1
3042    1565  1567  1572  1
3043    1548  1546  1552  1
3044    1552  1549  1551  1
3045    1559  1563  1408  1
3046    1572  1209  1548  1
3047    1549  1552  1547  1
3048    1553  1549  1406  1
3049    1245  1248  1555  1
3050    1408  1570  1573  1
3051    1408  1553  1554  1
3052    1557  1555  1243  1
3053    1408  1554  1555  1
3054    1790  1561  1988  1
3055    1791  1560  1561  1
3056    1243  1242  1787  1
3057    1559  1557  1556  1
3058    1788  1558  1787  1
3059    1788  5020  1987  1
3060    1563  1568  1564  1
3061    1555  1559  1408  1
3062    1791  1989  1560  1
3063    1791  1571  1989  1
3064    1568  1569  1564  1
3065    1561  1564  1988  1
3066    1565  1551  1566  1
3067    5064  1550  1792  1
3068    1556  1986  1569  1
3069    1566  1989  1571  1
3070     249  1562  5066  1
3071    1559  1568  1563  1
3072    1573  1551  1553  1
3073    5065  5063  1565  1
3074    1989  1570  1560  1
3075    1571   249  5066  1
3076    1567  1565  5063  1
3077    1792  1794  1567  1
3078    1558  1986  1556  1
3079    1994  1990  1993  1
3080    1570  1563  1560  1
3081    1561  1790  1791  1
3082    1564  1560  1563  1
3083    1573  1566  1551  1
3084    1571  1791   249  1
3085    5065  1565  1566  1
3086    1565  1572  1552  1
3087    1209  1572  1567  1
3088    1408  1573  1553  1
3089    1566  1573  1570  1
3090    1799  1576  1209  1
3091    1216  1574  1268  1
3092    1567  1794  1209  1
3093    1795  1580  5007  1
3094    1209  1576  1574  1
3095    1582  1797  1575  1
3096    1217  1577   962  1
3097    1796  1582  1583  1
3098    5012  5006  5007  1
3099     967  1577  1581  1
3100    1580  1579  1210  1
3101     965  5007  1580  1
3102    1580  1210  1393  1
3103    1582  1796  1797  1
3104    5009  1795  5006  1
3105     967  1581   428  1
3106    1582  5011  1583  1
3107    1579  1580  1795  1
3108    5011  1582  2004  1
3109    1575  1799  2005  1
3110    1584  1862  1863  1
3111    1256  1586  1254  1
3112    1686  1768  2039  1
3113    2111   194  2115  1
3114    1403  1584  1586  1
3115    1586  1584  1587  1
3116    1862  1584  1252  1
3117    2113  2186  1587  1
3118    1800  2194  2193  1
3119    1569  1568  1556  1
3120    1800  1589  1254  1
3121    2000  1589  1588  1
3122    1245  1590  1249  1
3123    1547  1590  1406  1
3124    1024  1410  1591  1
3125    1417  1591  1410  1
3126    1294  1592  1032  1
3127    1037  1416  1592  1
3128    1410     9  1593  1
3129    1599  1317  1307  1
3130    1812  1617  1822  1
3131    1817  1814  1818  1
3132    1453  1596  1597  1
3133    1805  1597  1596  1
3134    1824  1617  1821  1
3135    1603  1669  1601  1
3136    1314  1599  1307  1
3137    1326  1317  1599  1
3138    1608  1604  1606  1
3139    1610  1604  1608  1
3140    1425  1452  1601  1
3141    1601  1452  1603  1
3142    1326  1816  1605  1
3143    1603  1604  1600  1
3144    1323  1605  1604  1
3145    1603  1600  1669  1
3146    1606  1602  1813  1
3147    1604  1602  1606  1
3148    1816  1326  1329  1
3149    1604  1605  1602  1
3150    1607  1608  1611  1
3151    1611  1608  1616  1
3152    1607  1611  1613  1
3153    1650  1665  1662  1
3154    1616  1606  1598  1
3155    1608  1607  1610  1
3156    1822  1829  1616  1
3157    1824  1827  1617  1
3158    1607  1615  1664  1
3159    1600  1610  1666  1
3160    1616  1608  1606  1
3161    1609  1830  1613  1
3162    1852  1854  2020  1
3163    1391  1968  1965  1
3164    1609  1613  1611  1
3165    1612  2024  1615  1
3166    1612  1830  1834  1
3167    1630  1653  1654  1
3168    1612  1615  1613  1
3169    1674  1673  1668  1
3170    1616  1598  1822  1
3171    1611  1616  1609  1
3172    1813  1810  1598  1
3173    1821  1617  1812  1
3174    1301  1618  1299  1
3175    1422  1618  1424  1
3176    1281  1619  1438  1
3177     629  1439  1619  1
3178    1288  1622  1292  1
3179    1447  1620  1446  1
3180    1446  1620  1621  1
3181    1292  1621  1620  1
3182    1448  1621  1622  1
3183    1292  1622  1621  1
3184    1644  1838  1839  1
3185    1637  1634  1116  1
3186    1621  1448  1624  1
3187    1624  1626  1625  1
3188    1313  1625  1304  1
3189    1623  1624  1625  1
3190    1844  1448  1449  1
3191    1304  1625  1626  1
3192    1844  1627  1305  1
3193    1451  1627  1449  1
3194    1463  1628   783  1
3195    1190  1628  1465  1
3196    1470  1653  1629  1
3197    1474  1478  1629  1
3198    1651  1647  1649  1
3199    1661  1630  1654  1
3200    1632  1140  1634  1
3201    1638  1639  1846  1
3202    1477  1140  1632  1
3203    1140  1141  1634  1
3204    1633  1631  1635  1
3205    1636  1633  1473  1
3206    1447  1637  1116  1
3207    1631  1632  1638  1
3208    1638  1846  1631  1
3209    1655  1842  1650  1
3210    1483  1636  1473  1
3211    1632  1636  1139  1
3212    1624  1637  1446  1
3213    1623  1639  1642  1
3214    1632  1634  1638  1
3215    1634  1637  1642  1
3216    1837  1623  1836  1
3217    1838  1644  1846  1
3218    1484  1640  1485  1
3219    1633  1640  1473  1
3220    1660  1648  1662  1
3221    1643  1647  1485  1
3222    1623  1642  1637  1
3223    1638  1642  1639  1
3224    1846  1646  1631  1
3225    1641  1648  1647  1
3226    1639  1837  1838  1
3227    1646  1840  1643  1
3228    1645  1647  1648  1
3229    1845  1848  1486  1
3230    1631  1646  1635  1
3231    1644  1839  1840  1
3232    1641  1647  1643  1
3233    1647  1645  1649  1
3234    1641  1839  1842  1
3235    1648  1641  1655  1
3236    1847  1654  1657  1
3237    1629  1653  1630  1
3238    1666  1667  1669  1
3239    1657  1645  1658  1
3240    1484  1651  1470  1
3241    1647  1651  1485  1
3242    1645  1648  1660  1
3243    1849  1658  2022  1
3244    1651  1653  1470  1
3245    1654  1653  1649  1
3246    1657  1654  1649  1
3247    1652  1661  1654  1
3248    1842  1655  1641  1
3249    1655  1650  1662  1
3250    1662  1656  1660  1
3251    1670  1656  1662  1
3252    1649  1645  1657  1
3253    1671  1645  1660  1
3254    1680  1656  1670  1
3255    1847  1658  1849  1
3256    1985  1786  1391  1
3257    1786  1531  1782  1
3258    1648  1655  1662  1
3259    1671  1660  1656  1
3260    1961  1661  1652  1
3261    1661  1659  1848  1
3262    1667  1666  1663  1
3263    1670  1665  1674  1
3264    1614  1664  1615  1
3265    1673  1663  1664  1
3266    1666  1664  1663  1
3267    1607  1664  1610  1
3268    1667  1665  1650  1
3269    1663  1674  1665  1
3270    1664  1666  1610  1
3271    1663  1665  1667  1
3272    1842  1667  1650  1
3273    1667  1311  1669  1
3274    1677  1668  1673  1
3275    2022  1671  1672  1
3276    1601  1669  1311  1
3277    1600  1666  1669  1
3278    1665  1670  1662  1
3279    1668  1677  1680  1
3280    1672  1671  1656  1
3281    1645  1671  1658  1
3282    1681  1677  1673  1
3283    1973  1976  1971  1
3284    1664  1614  1673  1
3285    1678  1676  1677  1
3286    1674  1668  1670  1
3287    1663  1673  1674  1
3288    1834  1851  1612  1
3289    2566  2103  2377  1
3290    2122  1679  1677  1
3291    1679  1680  1677  1
3292    1681  1673  1614  1
3293    1677  1676  2122  1
3294    2024  1850  2023  1
3295    2026  2025  2122  1
3296    2028  2025  2026  1
3297    1672  1656  1680  1
3298    1668  1680  1670  1
3299    1672  1680  1679  1
3300    2023  1681  1614  1
3301    1677  1681  1678  1
3302    1369  1707  1706  1
3303    1695  1718  5018  1
3304    1735  1688  1891  1
3305    1687  1767  1518  1
3306    1518  1521  1686  1
3307    1860  1252  1501  1
3308    1508  1685  1509  1
3309    1685  1684  1859  1
3310    1902  1892  1909  1
3311    1864  1684  1685  1
3312    2184  2300  2182  1
3313    1906  1689  2039  1
3314    1762  1519  1721  1
3315    1913  1522  5018  1
3316    2039  1768  1906  1
3317    1861  1689  1862  1
3318    1694  1690  1696  1
3319    1525  1690  1693  1
3320    1491  1690  1691  1
3321    1514  1691  1690  1
3322    1692  1694  1696  1
3323    1701  1692  1698  1
3324    1690  1694  1693  1
3325    1692  1697  1694  1
3326    1696  1690  1491  1
3327    1697  1682  1695  1
3328    1682  1712  1708  1
3329    1522  1693  1695  1
3330    1491  1769  1699  1
3331    1696  1699  1698  1
3332    1697  1692  1704  1
3333    1693  1697  1695  1
3334    1360  1700  1698  1
3335    1702  1701  1698  1
3336    1491  1699  1696  1
3337    1528   900  1866  1
3338    1360  1358  1700  1
3339    1702  1358  1359  1
3340    1359  1372  1703  1
3341    1697  1704  1682  1
3342    1358  1702  1700  1
3343    1359  1701  1702  1
3344    1706  1703  1369  1
3345    1703  1712  1704  1
3346    1692  1701  1704  1
3347    1703  1704  1701  1
3348    1715  1740  1707  1
3349    1720  1730  1714  1
3350    1369  1493  1707  1
3351    1706  1705  1708  1
3352    1363  1722  1715  1
3353    1705  1706  1710  1
3354    1716  1719  1714  1
3355    1682  1708  1716  1
3356    1746  1760  1758  1
3357    1758  1760  1747  1
3358    1706  1707  1710  1
3359    1363  1715  1707  1
3360    1713  1720  1742  1
3361    1740  1733  1705  1
3362    1704  1712  1682  1
3363    1706  1712  1703  1
3364    1728  1729  1717  1
3365    1762  1887  1743  1
3366    1728  1708  1705  1
3367    1719  1720  1714  1
3368    1363  1364  1722  1
3369    1715  1724  1726  1
3370    1708  1728  1719  1
3371    1718  1716  1714  1
3372    1729  1705  1733  1
3373    1717  1720  1719  1
3374    1714  1721  5018  1
3375    1682  1718  1695  1
3376    1708  1719  1716  1
3377    1734  1742  1717  1
3378    1714  1730  1721  1
3379    1913  5018  1721  1
3380    1889  1890  1713  1
3381    1762  1743  1519  1
3382    1725  1722  1357  1
3383    1715  1722  1724  1
3384    1725  1357  1727  1
3385    1736  1732  1745  1
3386    1725  1724  1722  1
3387    1723  1709  1724  1
3388    1357  1368  1727  1
3389    1724  1725  1723  1
3390    1726  1709  1748  1
3391    1715  1726  1711  1
3392    1731  1727   885  1
3393    1723  1725  1727  1
3394    1729  1728  1705  1
3395    1719  1728  1717  1
3396    1747  1733  1711  1
3397    1717  1729  1734  1
3398    2504  2503  1767  1
3399    1721  1730  1762  1
3400    1378  1731   885  1
3401    1731  1376  1732  1
3402    1376  1744  1732  1
3403    1732  1744  1868  1
3404    1740  1705  1710  1
3405    1748  1747  1711  1
3406    1745  1709  1723  1
3407    1766  1729  1760  1
3408    1763  1882  1713  1
3409    1881  1878  1899  1
3410    1727  1736  1723  1
3411    1731  1732  1736  1
3412    1376  1380  1738  1
3413    1739  1745  1868  1
3414    1380   948  1738  1
3415    1867  1738   948  1
3416    1868  1869  1873  1
3417    1748  1709  1750  1
3418    1707  1740  1710  1
3419    1711  1733  1740  1
3420    1750  1751  1748  1
3421    1746  1761  1764  1
3422    1717  1742  1720  1
3423    1734  1713  1742  1
3424    1713  1882  1889  1
3425    1518  1523  1687  1
3426    1738  1744  1376  1
3427    1868  1744  1737  1
3428    1868  1745  1732  1
3429    1709  1745  1739  1
3430    1741  1753  1755  1
3431    1756  1761  1746  1
3432    1711  1726  1748  1
3433    1741  1755  1758  1
3434    1750  1739  1749  1
3435    1747  1748  1751  1
3436    1872  1739  1868  1
3437    1873  1876  2127  1
3438    1739  1750  1709  1
3439    1751  1750  1749  1
3440    2125  1753  1751  1
3441    1751  1741  1747  1
3442    2035  2059  2061  1
3443    1758  1755  1756  1
3444    2125  1751  1749  1
3445    2236  1755  1753  1
3446    2031  2138  1876  1
3447    1766  1764  1765  1
3448    2236  1753  1752  1
3449    1756  1755  1754  1
3450    2037  2038  1877  1
3451    1756  1746  1758  1
3452    1757  1878  2037  1
3453    1888  1894  1735  1
3454    1764  1766  1746  1
3455    1747  1741  1758  1
3456    1756  2038  1761  1
3457    1713  1734  1765  1
3458    1729  1733  1760  1
3459    1747  1760  1733  1
3460    2038  1756  1754  1
3461    1759  1878  1764  1
3462    1730  1890  1887  1
3463    1519  1743  1688  1
3464    2037  1878  1759  1
3465    1763  1878  1881  1
3466    1759  1764  1761  1
3467    1765  1764  1763  1
3468    1713  1765  1763  1
3469    1765  1734  1766  1
3470    1729  1766  1734  1
3471    1746  1766  1760  1
3472    1915  1735  1524  1
3473    1523  1518  1683  1
3474    2560  2489  1356  1
3475    1913  1721  1519  1
3476    1691  1769  1491  1
3477    1511  1516  1770  1
3478    1770  1154  1374  1
3479    1528  1769  1770  1
3480    1540  1771  1385  1
3481    2085  1771  1529  1
3482    1773  1772  1530  1
3483    1779  1180  1181  1
3484    1773  1530  1776  1
3485    1180  1773  1777  1
3486    1940  2077  1937  1
3487    2133  2132  1871  1
3488    1777  1776  1925  1
3489    1925  1927  2053  1
3490    2055  1938  1776  1
3491    1925  1776  1774  1
3492    1776  1777  1773  1
3493    1777  1775  1778  1
3494    1775  2053  1932  1
3495    1185  1778   937  1
3496    1177  1772  1779  1
3497    1779  1772  1773  1
3498    1386  2084  1780  1
3499    1772  1780  1530  1
3500    1370  1781  1207  1
3501    1782  1781  1206  1
3502    1486  1784  1782  1
3503    1785  1786  1784  1
3504    1389  1783  1206  1
3505    1486  1783  1488  1
3506    1848  1784  1486  1
3507    1784  1659  1785  1
3508    1961  1659  1661  1
3509    1849  1966  1847  1
3510    1784  1786  1782  1
3511    1786  1785  1968  1
3512    1788  1787  1240  1
3513    1557  1787  1558  1
3514    1251  1788  1240  1
3515    5020  1789  1987  1
3516    1998  2000  1588  1
3517    1992  1993  1997  1
3518    1408  1563  1570  1
3519    1990  1790  1991  1
3520    1567  5063  1792  1
3521    1566  1570  1989  1
3522    1792  1550  2002  1
3523    1580  1395   965  1
3524    2001  1799  1794  1
3525    1797  1796  1213  1
3526    1793  2001  2002  1
3527    2003  2001  1793  1
3528     965  1583  5007  1
3529    1582  1575  2005  1
3530    1268  1797  1213  1
3531    1575  1797  1576  1
3532    2113  2189  2188  1
3533    2187  1586  1587  1
3534    2003  1793   961  1
3535    2302  2191  2190  1
3536    1863  1999  1798  1
3537    1589  1800  1588  1
3538    1420  1801  1412  1
3539    1327  1801  1421  1
3540    1804  1802  1319  1
3541    1802  1808  1322  1
3542    1804  1319  1805  1
3543    1812  1822  1810  1
3544    1319  1597  1805  1
3545    1804  1803  1809  1
3546    1823  1817  1596  1
3547    1803  1804  1805  1
3548    1809  1810  1806  1
3549    1806  1813  1816  1
3550    1818  1820  1807  1
3551    1811  1815  1805  1
3552    1804  1808  1802  1
3553    1329  1808  1806  1
3554    1810  1809  1803  1
3555    1808  1809  1806  1
3556    1810  1803  1812  1
3557    1606  1813  1598  1
3558    1823  1814  1817  1
3559    1815  1811  1807  1
3560    1825  1803  1815  1
3561    1807  1820  1825  1
3562    1816  1813  1602  1
3563    1806  1810  1813  1
3564    1820  1821  1825  1
3565    1811  1817  1807  1
3566    1805  1815  1803  1
3567    1605  1816  1602  1
3568    1806  1816  1329  1
3569    1596  1817  1811  1
3570    1818  1814  1315  1
3571    1819  2007  1828  1
3572    1807  1817  1818  1
3573    1828  2007  2009  1
3574    2015  2016  2520  1
3575    1315  1820  1818  1
3576    2008  1827  1824  1
3577    2011  2117  2012  1
3578    1825  1821  1812  1
3579    1822  1617  1829  1
3580    1810  1822  1598  1
3581    1595  1823  1596  1
3582    1814  1823  1318  1
3583    2676  2434  2675  1
3584    1829  1827  1609  1
3585    1803  1825  1812  1
3586    1807  1825  1815  1
3587    1832  1833  1828  1
3588    1612  1613  1830  1
3589    2010  2119  1315  1
3590    1609  1827  1830  1
3591    2021  2011  1824  1
3592    2011  2118  2117  1
3593    1616  1829  1609  1
3594    1617  1827  1829  1
3595    1833  1819  1828  1
3596    1819  1833  1834  1
3597    2009  1826  2015  1
3598    2011  1826  2008  1
3599    1832  2019  2020  1
3600    1857  1850  1855  1
3601    1830  1827  1819  1
3602    1678  1681  2023  1
3603    1819  1834  1830  1
3604    1851  1834  1833  1
3605    1618  1835  1299  1
3606    1327  1835  1423  1
3607    1837  1836  1312  1
3608    1625  1836  1623  1
3609    1837  1312  1838  1
3610    1623  1837  1639  1
3611    1841  1312  1320  1
3612    1839  1641  1840  1
3613    1838  1841  1839  1
3614    1425  1601  1843  1
3615    1643  1840  1641  1
3616    1644  1840  1646  1
3617    1841  1838  1312  1
3618    1841  1425  1843  1
3619    1839  1841  1843  1
3620    1667  1842  1311  1
3621    1311  1842  1843  1
3622    1843  1842  1839  1
3623    1304  1844  1305  1
3624    1448  1844  1626  1
3625    1488  1845  1486  1
3626    1629  1845  1474  1
3627    1838  1846  1639  1
3628    1646  1846  1644  1
3629    1654  1847  1652  1
3630    1657  1658  1847  1
3631    1661  1848  1630  1
3632    1784  1848  1659  1
3633    2025  2123  2124  1
3634    1961  1963  1785  1
3635    1854  1832  2020  1
3636    1850  1851  1853  1
3637    1854  1852  1853  1
3638    1851  1850  2024  1
3639    2019  1832  2017  1
3640    1853  1855  1850  1
3641    1854  1851  1833  1
3642    1855  1853  1852  1
3643    1851  1854  1853  1
3644    1833  1832  1854  1
3645    2719  2006  2520  1
3646    1856  1857  1675  1
3647    1676  1678  1856  1
3648    1857  1856  1678  1
3649    1857  1678  2023  1
3650    1675  1857  1855  1
3651    2028  1858  2234  1
3652    1543  1970  1542  1
3653    1861  1684  2039  1
3654    1497  1685  1859  1
3655    1497  1859  1860  1
3656    1859  1684  1861  1
3657    1252  1860  1861  1
3658    1861  1860  1859  1
3659    1999  1862  1689  1
3660    1252  1861  1862  1
3661    1905  1999  1689  1
3662    1584  1863  1587  1
3663    1683  1864  1508  1
3664    1684  1864  1686  1
3665    2114   194  2111  1
3666    1906  1768  1904  1
3667    1698  1866  1360  1
3668    1528  1866  1699  1
3669    2129  1926  1931  1
3670     942  1737  1867  1
3671     942  1869  1737  1
3672    1737  1869  1868  1
3673    1929  2130  1931  1
3674    1739  1872  2126  1
3675    1872  1873  1870  1
3676    2126  2030  2125  1
3677    2128   942  1928  1
3678    2058  2168  2166  1
3679    1873  1872  1868  1
3680    1872  1870  2126  1
3681    1869  1875  1873  1
3682    1875  1876  1873  1
3683    1869  2134  1875  1
3684    2031  1876  1874  1
3685    2134  1869   942  1
3686    1876  1875  1874  1
3687    2031  1874  2032  1
3688    1752  1753  2125  1
3689    2141  1752  2139  1
3690    2044  2047  1917  1
3691    2360  2369  2368  1
3692    1764  1878  1763  1
3693    2347  1877  2145  1
3694    1899  1893  1880  1
3695    1884  1882  1880  1
3696    1881  1882  1763  1
3697    1899  1878  1757  1
3698    1881  1880  1882  1
3699    1884  1885  1892  1
3700    1886  1889  1884  1
3701    1902  1895  1883  1
3702    1888  1743  1887  1
3703    1885  1884  1880  1
3704    1884  1883  1886  1
3705    2160  1757  2349  1
3706    1885  1880  1893  1
3707    1735  1891  1888  1
3708    1720  1890  1730  1
3709    1730  1887  1762  1
3710    1883  1895  1896  1
3711    1896  1887  1886  1
3712    1909  1910  1902  1
3713    1884  1889  1882  1
3714    1890  1889  1886  1
3715    1713  1890  1720  1
3716    1887  1890  1886  1
3717    1506  1688  1915  1
3718    1743  1888  1891  1
3719    1735  1894  1900  1
3720    1683  1512  1523  1
3721    1880  1881  1899  1
3722    1883  1884  1892  1
3723    1895  1894  1888  1
3724    2044  1908  1898  1
3725    1896  1895  1888  1
3726    1909  1892  1908  1
3727    1887  1896  1888  1
3728    1883  1896  1886  1
3729    1518  1686  1683  1
3730    2154  1895  1902  1
3731    1898  1893  1899  1
3732    1900  1894  2155  1
3733    1885  1893  1908  1
3734    2372  1922  2368  1
3735    1908  1892  1885  1
3736    2395  2240  2158  1
3737    1912  1922  2372  1
3738    1901  2153  1902  1
3739    1907  2044  1917  1
3740    2154  1902  2153  1
3741    2181  1906  1903  1
3742    2503  1521  1767  1
3743    2182  2112  2181  1
3744    1905  2111  1798  1
3745    1903  1906  1904  1
3746    1689  1906  1905  1
3747    1910  1912  1901  1
3748    1898  1908  1893  1
3749    1909  1908  1907  1
3750    1910  1909  1907  1
3751    1902  1883  1892  1
3752    1917  1920  1907  1
3753    1902  1910  1901  1
3754    1911  1912  1920  1
3755    1922  2361  2360  1
3756    1907  1912  1910  1
3757    1506  1915  2156  1
3758    1914  1519  1688  1
3759    1913  1519  1914  1
3760    1914  1506  1923  1
3761    1522  2041  1525  1
3762    1735  1915  1688  1
3763    2156  1915  1524  1
3764    1515  1523  1512  1
3765    2045  2245  2242  1
3766    2155  2487  1897  1
3767    2163  1917  2047  1
3768    2155  2154  2040  1
3769    2240  1923  2157  1
3770    2501  2502  2396  1
3771    1907  1920  1912  1
3772    2164  1917  2163  1
3773    1922  1912  1911  1
3774    2164  2165  2246  1
3775    2246  2361  1911  1
3776    1917  2164  1920  1
3777    2055  2057  2080  1
3778    2049  2041  2042  1
3779    1939  1942  1929  1
3780    1927  1925  1774  1
3781    1777  1925  1775  1
3782    1927  1931  1926  1
3783    1867  1928   942  1
3784    1939  1935  1937  1
3785    1927  1926  1930  1
3786    1867   948  1928  1
3787     950  1934   948  1
3788    1939  1931  1935  1
3789    1936  1945  1943  1
3790    1928  2054  1926  1
3791    1778  1932   937  1
3792    1774  1935  1927  1
3793    2131  2132  2130  1
3794    1775  1932  1778  1
3795    1933  1932  1930  1
3796    1934  1933  2054  1
3797    1933   934  1949  1
3798     934  1934   950  1
3799    1933  1930  2054  1
3800    1935  1774  1937  1
3801    1931  1927  1935  1
3802    1774  1940  1937  1
3803    1943  1948  1942  1
3804    1940  1776  1938  1
3805    1939  1937  1936  1
3806    2055  1776  1530  1
3807    1924  2062  1946  1
3808    1939  1943  1942  1
3809    1931  1939  1929  1
3810    1776  1940  1774  1
3811    1940  1938  2077  1
3812    1952  1951  1953  1
3813    2265  1951  2104  1
3814    1943  1939  1936  1
3815    1942  1941  2166  1
3816    2062  1945  1946  1
3817    1945  1947  1948  1
3818    1956  1955  1954  1
3819    1944  1952  1947  1
3820    1945  1936  1946  1
3821    1947  1945  1944  1
3822    1936  2077  1946  1
3823    1946  2077  2078  1
3824    1955  1950  1952  1
3825    1948  1941  1942  1
3826    1945  1948  1943  1
3827    1941  1948  1947  1
3828    1949   934   941  1
3829     937  1949   939  1
3830    1950  1955  1956  1
3831    1941  1947  1953  1
3832    1959  1950  1956  1
3833    2104  1960  2265  1
3834    2064  1955  1944  1
3835    1952  1950  2104  1
3836    1952  1953  1947  1
3837    2178  1953  1951  1
3838    1954  1955  2064  1
3839    2064  2063  1954  1
3840    1944  1955  1952  1
3841    1956  1954     5  1
3842    2076  2573  2071  1
3843    2544  2713  2700  1
3844    2450  2543  2842  1
3845    2141  2143  2236  1
3846    2273  2277  2106  1
3847    1960  2104  1959  1
3848    2700  1956     5  1
3849    1959  1958  1960  1
3850    2176  2282  2281  1
3851    2034  2035  2061  1
3852    1964  1961  1966  1
3853    1964  1963  1961  1
3854    1972  1964  1849  1
3855    1980  1984  1983  1
3856    1652  1966  1961  1
3857    1963  1962  1965  1
3858    1979  1972  1849  1
3859    1963  1964  1981  1
3860    1973  1965  1962  1
3861    1965  1973  1971  1
3862    1847  1966  1652  1
3863    1849  1964  1966  1
3864    1975  2179  2098  1
3865    1980  1981  1972  1
3866    1786  1968  1391  1
3867    1963  1968  1785  1
3868    1981  1980  1962  1
3869    1970  1975  1542  1
3870    1535  1970  1543  1
3871    2110  1983  2108  1
3872    1976  1977  1971  1
3873    1391  1965  1971  1
3874    1849  2022  1979  1
3875    1972  1967  1980  1
3876    1983  1973  1962  1
3877    1973  1969  1976  1
3878    1970  1969  2110  1
3879    2213  2217  2203  1
3880    1970  2110  2109  1
3881    2109  2107  2179  1
3882    1970  1976  1969  1
3883    1977  1976  1535  1
3884    1535  1536  1977  1
3885    1537  1977  1536  1
3886    1391  1971  1978  1
3887    1978  1971  1977  1
3888    2124  2123  2235  1
3889    1972  1979  2235  1
3890    1984  1980  1967  1
3891    1983  1962  1980  1
3892    1963  1981  1962  1
3893    1972  1981  1964  1
3894    2227  2123  2234  1
3895    2226  5023  2215  1
3896    2108  1983  1982  1
3897    1973  1983  1969  1
3898    2225  1984  1967  1
3899    1983  1984  1982  1
3900    1985  1391  1978  1
3901    1531  1985  1534  1
3902    1558  1987  1986  1
3903    1789  2000  1998  1
3904    1788  1987  1558  1
3905    1789  1986  1987  1
3906    1564  1569  1988  1
3907    1991  1993  1990  1
3908    2067  5021  2095  1
3909    1564  1561  1560  1
3910    1992  1997  1996  1
3911    1997  1988  1569  1
3912    1569  1986  1996  1
3913    1991  1790  1988  1
3914    1991  1988  1997  1
3915    1994  1992  1995  1
3916    1994  1993  1992  1
3917    1998  1992  1996  1
3918    1990  1994  1404  1
3919    1798  2185  1863  1
3920    1800  2187  2194  1
3921    1986  1789  1996  1
3922    1996  1789  1998  1
3923    1997  1569  1996  1
3924    1991  1997  1993  1
3925    1588  1995  1998  1
3926    1998  1995  1992  1
3927    1209  1794  1799  1
3928    1794  2002  2001  1
3929    5019  2000  1789  1
3930    2000  1405  1589  1
3931    1799  2001  2005  1
3932    1792  2002  1794  1
3933     961  2004  2003  1
3934    1793  2002  1550  1
3935    1796   965  1395  1
3936    1581  5009  5010  1
3937    1582  2005  2004  1
3938    2001  2003  2005  1
3939    2004  2005  2003  1
3940    1832  1828  2017  1
3941    1819  1827  2008  1
3942    2009  2007  1826  1
3943    1826  2007  2008  1
3944    2008  2007  1819  1
3945    1826  2012  2014  1
3946    2009  2006  2017  1
3947    1821  2021  1824  1
3948    1820  2118  2021  1
3949    1824  2011  2008  1
3950    2118  2011  2021  1
3951    1831  2013  2014  1
3952    1826  2011  2012  1
3953    2015  2014  2013  1
3954    1831  2014  2012  1
3955    2014  2015  1826  1
3956    2016  2015  2013  1
3957    2006  2009  2015  1
3958    2013  1331  2016  1
3959    2015  2520  2006  1
3960    2009  2017  1828  1
3961    1331  2520  2016  1
3962    2400  2522  5027  1
3963    2522  2400  2121  1
3964    2681  2017  2006  1
3965    2232  2218  2201  1
3966    2288  2387  2443  1
3967    1855  2198  2196  1
3968    1820  2021  1821  1
3969    1820  1315  2119  1
3970    1671  2022  1658  1
3971    1979  2022  1672  1
3972    2024  2023  1614  1
3973    1857  2023  1850  1
3974    1615  2024  1614  1
3975    2024  1612  1851  1
3976    1676  1856  2026  1
3977    2025  2234  2123  1
3978    1856  1675  2026  1
3979    2026  1675  2029  1
3980    1675  1855  2196  1
3981    2221  2325  2324  1
3982    2029  2028  2026  1
3983    5023  2028  2027  1
3984    2199  1675  2196  1
3985    2028  2029  2027  1
3986    2127  2030  2126  1
3987    2031  2137  2138  1
3988    2032  2036  2031  1
3989    2137  2031  2036  1
3990    2128  2134   942  1
3991    2036  2032  1871  1
3992    2133  2134  2033  1
3993    1931  2130  2129  1
3994    1960  1958  2264  1
3995    2165  2164  2162  1
3996    1929  2131  2130  1
3997    2139  2030  2138  1
3998    2131  2135  1871  1
3999    2035  2148  2137  1
4000    2038  2037  1759  1
4001    2349  2037  1877  1
4002    1761  2038  1759  1
4003    2038  1754  2146  1
4004    1861  2039  1689  1
4005    1686  2039  1684  1
4006    2374  2372  2373  1
4007    2040  2371  2487  1
4008    1913  2041  1522  1
4009    2042  2041  1914  1
4010    1914  1923  2042  1
4011    2050  2048  2049  1
4012    2346  2158  2043  1
4013    2156  2157  1506  1
4014    1908  2044  1907  1
4015    2159  2242  5022  1
4016    1877  2146  2145  1
4017    2344  2145  2150  1
4018    2044  5022  2047  1
4019    2245  2162  2163  1
4020    5022  2044  1898  1
4021    2046  2245  2163  1
4022    1525  2041  2049  1
4023    2050  2506  2048  1
4024    2050  2042  1923  1
4025    2049  2048  2052  1
4026    2042  2050  2049  1
4027    1923  1919  2050  1
4028    2052  1514  1525  1
4029    2048  2506  2507  1
4030    2048  2051  2052  1
4031    1514  2052  2051  1
4032    1925  2053  1775  1
4033    1927  1930  2053  1
4034    1934  2054  1928  1
4035    1930  1926  2054  1
4036    2057  1780  2056  1
4037    1530  2057  2055  1
4038    2088  2073  2082  1
4039    2078  1924  1946  1
4040    1780  2057  1530  1
4041    2080  2057  2056  1
4042    2169  2178  2167  1
4043    2036  2059  2035  1
4044    1871  2059  2036  1
4045    2058  2060  2061  1
4046    2166  1941  2169  1
4047    2379  2058  2380  1
4048    2058  2061  2059  1
4049    2034  2061  2060  1
4050    2062  1924  2063  1
4051    1945  2062  1944  1
4052    2072  2068  2083  1
4053    1954  2066     5  1
4054    1944  2062  2064  1
4055    2063  2064  2062  1
4056    2063  1924  2069  1
4057    2072  2076  2071  1
4058    2070  2066  2063  1
4059       5  2066  2065  1
4060    2088  2090  2073  1
4061    2098  2179  1541  1
4062    2078  2080  2079  1
4063    2071  2070  2068  1
4064    2079  2069  1924  1
4065    2070  2069  2068  1
4066    2071  2068  2072  1
4067    2070  2065  2066  1
4068    2097  2086  2092  1
4069    2578  2573  2577  1
4070    2083  2069  2079  1
4071    2076  2072  2067  1
4072    2056  2084  2081  1
4073    2073  2081  2082  1
4074    2074  2377  2263  1
4075    2594  2259  2549  1
4076    5021  2097  2094  1
4077    2567  2074  2414  1
4078    5021  2067  2090  1
4079    2577  2573  2076  1
4080    2077  1936  1937  1
4081    2078  2077  1938  1
4082    2055  2078  1938  1
4083    2081  2079  2080  1
4084    2083  2079  2073  1
4085    1924  2078  2079  1
4086    2055  2080  2078  1
4087    2081  2080  2056  1
4088    2056  1780  2084  1
4089    2079  2081  2073  1
4090    1386  1771  2085  1
4091    2082  2089  2088  1
4092    2073  2090  2083  1
4093    2069  2083  2068  1
4094    1386  2082  2084  1
4095    2081  2084  2082  1
4096    1529  2087  2085  1
4097    2088  2089  2086  1
4098    2093  2092  2089  1
4099    2089  2092  2086  1
4100    2087  1529  1538  1
4101    1544  2085  2087  1
4102    2089  2082  2085  1
4103    2090  2088  2086  1
4104    2085  1544  2089  1
4105    2096  2099  2093  1
4106    2086  2097  5021  1
4107    2067  2072  2090  1
4108    2097  2172  2094  1
4109    2075  2076  2095  1
4110    2093  2089  1544  1
4111    2091  2172  2097  1
4112    2096  2093  1544  1
4113    2091  2092  2093  1
4114    2091  2099  2101  1
4115    2095  2103  2075  1
4116    2067  2095  2076  1
4117    2094  2102  2103  1
4118    1545  2096  1544  1
4119    2098  2096  1542  1
4120    2091  2097  2092  1
4121    5021  2094  2095  1
4122    1975  2098  1542  1
4123    2099  2098  1541  1
4124    2260  1541  2171  1
4125    2093  2099  2091  1
4126    2100  2262  2260  1
4127    2175  2263  2102  1
4128    1541  2101  2099  1
4129    2102  2094  2173  1
4130    2094  2172  2173  1
4131    2102  2173  2175  1
4132    2094  2103  2095  1
4133    2103  2102  2377  1
4134    1952  2104  1951  1
4135    1959  2104  1950  1
4136    2281  2282  2752  1
4137    2383  2558  2465  1
4138    2265  2266  2177  1
4139    2106  2268  2270  1
4140    2404  2405  2407  1
4141    2179  2261  1541  1
4142    2404  2108  1982  1
4143    2109  2108  1974  1
4144    2109  1974  2337  1
4145    1970  2109  1975  1
4146    1983  2110  1969  1
4147    2108  2109  2110  1
4148    1906  2181  1905  1
4149    1407  2116  2115  1
4150    1863  2185  1587  1
4151    2114  1905  2181  1
4152     194  1407  2115  1
4153    1905  2114  2111  1
4154    2112   194  2114  1
4155    2116  2185  2115  1
4156    2189  1407  1585  1
4157    2116  2113  2185  1
4158    1831  2012  2117  1
4159    2010  1831  2117  1
4160    2010  2117  2118  1
4161    2010  2118  2119  1
4162    1820  2119  2118  1
4163    2307  2180  2305  1
4164    2029  1675  2199  1
4165    2683  2554  2551  1
4166    2197  2200  2202  1
4167    2026  2122  1676  1
4168    2124  2122  2025  1
4169    1858  2226  2227  1
4170    2235  2123  1967  1
4171    1672  1679  2124  1
4172    2124  1679  2122  1
4173    2126  2125  1749  1
4174    1752  2125  2030  1
4175    2126  1749  1739  1
4176    2127  2126  1870  1
4177    1873  2127  1870  1
4178    2138  2127  1876  1
4179    1926  2128  1928  1
4180    2134  2128  2033  1
4181    2033  2128  2129  1
4182    1926  2129  2128  1
4183    2168  1929  1942  1
4184    2033  2129  2130  1
4185    2059  2135  2058  1
4186    2130  2132  2033  1
4187    2131  1871  2132  1
4188    2133  1871  2032  1
4189    1874  2133  2032  1
4190    2033  2132  2133  1
4191    2133  1874  2134  1
4192    1875  2134  1874  1
4193    1871  2135  2059  1
4194    2135  2131  2168  1
4195    2144  2148  2034  1
4196    2038  2146  1877  1
4197    2035  2137  2036  1
4198    2137  2136  2138  1
4199    2139  2138  2136  1
4200    2127  2138  2030  1
4201    2142  2141  2136  1
4202    2030  2139  1752  1
4203    2142  2140  2141  1
4204    2345  2344  2151  1
4205    2136  2141  2139  1
4206    2143  2141  2140  1
4207    2136  2147  2142  1
4208    2238  2237  2343  1
4209    2143  2140  2150  1
4210    1754  1755  2236  1
4211    2148  2147  2136  1
4212    2034  2296  2144  1
4213    2142  2152  2140  1
4214    2349  1757  2037  1
4215    1754  2143  2146  1
4216    2146  2143  2150  1
4217    2148  2136  2137  1
4218    2238  2147  2144  1
4219    2034  2148  2035  1
4220    2147  2148  2144  1
4221    2293  2297  2275  1
4222    2494  2493  2359  1
4223    2344  2150  2140  1
4224    2146  2150  2145  1
4225    2151  2152  2238  1
4226    2343  2345  2151  1
4227    2238  2152  2142  1
4228    2344  2152  2151  1
4229    1901  2372  2374  1
4230    2154  2153  2040  1
4231    2040  2487  2155  1
4232    2154  1894  1895  1
4233    1900  2155  1897  1
4234    1894  2154  2155  1
4235    2491  2561  1524  1
4236    2157  2156  2043  1
4237    2157  2043  2158  1
4238    1506  2157  1923  1
4239    5024  2562  1916  1
4240    2503  1903  1904  1
4241    1899  2160  1898  1
4242    1877  2347  2349  1
4243    1757  2160  1899  1
4244    5022  2160  2159  1
4245    2251  2249  2250  1
4246    2364  2360  2361  1
4247    2045  2356  2245  1
4248    2256  2257  2255  1
4249    2046  2163  2047  1
4250    2164  2163  2162  1
4251    2247  2165  2162  1
4252    1920  2164  1911  1
4253    2256  2165  2247  1
4254    2247  2257  2256  1
4255    2178  1951  2265  1
4256    2058  2135  2168  1
4257    2298  2106  2381  1
4258    2169  2380  2166  1
4259    1929  2168  2131  1
4260    1942  2166  2168  1
4261    2178  2169  1941  1
4262    2169  2167  2380  1
4263    2412  2414  2263  1
4264    2510  2569  2568  1
4265    2333  2403  2406  1
4266    2197  2202  2204  1
4267    2091  2101  2172  1
4268    2260  2262  2101  1
4269    2262  2172  2101  1
4270    2262  2174  2175  1
4271    2320  2321  2329  1
4272    2100  2330  2338  1
4273    2175  2173  2262  1
4274    2263  2175  2174  1
4275    1957  2598  5026  1
4276    2176  2267  2266  1
4277    1960  2264  2266  1
4278    2177  2268  2298  1
4279    2178  1941  1953  1
4280    2178  2177  2298  1
4281    2109  2179  1975  1
4282    2261  2179  2107  1
4283    2206  2211  2207  1
4284    2325  2221  2220  1
4285    2182  2181  1903  1
4286    2114  2181  2112  1
4287    2505  1919  2395  1
4288    2112  2182  1865  1
4289    2501  2500  2183  1
4290    2240  2395  1919  1
4291    2184  2501  2300  1
4292    2185  1798  2115  1
4293    1587  2185  2113  1
4294    2113  2188  2186  1
4295    1995  1588  2193  1
4296    1587  2186  2187  1
4297    2187  2186  2194  1
4298    2189  2113  2116  1
4299    2190  1404  2302  1
4300    1407  2189  2116  1
4301    1585  2188  2189  1
4302    2188  2191  2194  1
4303    2188  1585  2192  1
4304    2191  2188  2192  1
4305    1585  2190  2192  1
4306    2191  2192  2190  1
4307    1800  2193  1588  1
4308    2302  2193  2191  1
4309    2188  2194  2186  1
4310    2193  2194  2191  1
4311    2447  2440  2391  1
4312    2355  2455  2442  1
4313    2198  1855  1852  1
4314    2029  2197  2027  1
4315    2196  2121  2200  1
4316    2689  2523  2688  1
4317    2509  1852  2020  1
4318    2196  2198  2401  1
4319    2200  2199  2196  1
4320    2029  2199  2197  1
4321    2522  2401  2686  1
4322    2199  2200  2197  1
4323    2399  2233  2230  1
4324    2027  2197  2204  1
4325    2121  2202  2200  1
4326    2205  2204  2202  1
4327    2203  2205  2207  1
4328    2213  2203  2207  1
4329    2205  2202  2201  1
4330    2203  2217  2228  1
4331    2201  2208  2207  1
4332    2203  2204  2205  1
4333    2206  2207  2208  1
4334    2220  2305  2180  1
4335    2201  2207  2205  1
4336    2212  2209  2211  1
4337    2202  2121  2400  1
4338    2208  2201  2218  1
4339    2223  2214  2224  1
4340    2211  2213  2207  1
4341    2718  2681  2717  1
4342    2230  2339  2229  1
4343    2211  2206  2402  1
4344    2211  2209  2213  1
4345    2231  2206  2208  1
4346    2319  2306  2318  1
4347    2213  2209  2216  1
4348    2204  2228  2027  1
4349    2220  2221  2222  1
4350    2222  2216  2220  1
4351    2217  2216  2223  1
4352    2215  2223  2226  1
4353    2220  2216  2209  1
4354    2223  2216  2214  1
4355    2216  2217  2213  1
4356    2215  5023  2228  1
4357    2438  2354  2524  1
4358    2688  2436  2210  1
4359    2419  2378  2417  1
4360    2402  2231  2311  1
4361    2305  2220  2209  1
4362    2180  2325  2220  1
4363    2326  2321  2323  1
4364    2324  2333  2221  1
4365    2406  2222  2221  1
4366    2214  2216  2222  1
4367    2214  2406  2407  1
4368    2217  2223  2215  1
4369    1982  1984  2225  1
4370    2226  1858  5023  1
4371    2123  2225  1967  1
4372    2225  2224  2405  1
4373    2223  2224  2226  1
4374    2227  2226  2224  1
4375    2224  2225  2227  1
4376    2123  2227  2225  1
4377    2203  2228  2204  1
4378    2215  2228  2217  1
4379    2018  2219  2339  1
4380    2311  2229  2433  1
4381    2218  2436  2399  1
4382    2218  2210  2436  1
4383    2233  2399  2436  1
4384    2311  2231  2229  1
4385    2688  2690  2233  1
4386    2208  2218  2399  1
4387    2693  2523  2722  1
4388    2230  2233  2018  1
4389    2028  2234  2025  1
4390    2227  2234  1858  1
4391    1972  2235  1967  1
4392    2124  2235  1979  1
4393    2141  2236  1752  1
4394    1754  2236  2143  1
4395    2106  2270  2273  1
4396    2343  2149  2345  1
4397    2147  2238  2142  1
4398    2237  2238  2144  1
4399    2290  2291  2285  1
4400    2351  2159  2349  1
4401    1923  2240  1919  1
4402    2157  2158  2240  1
4403    1520  5025  2241  1
4404    5025  2346  2241  1
4405    5022  2242  2046  1
4406    2341  2159  2351  1
4407    2348  2347  2145  1
4408    2352  2243  2348  1
4409    2250  2244  2356  1
4410    2162  2248  2247  1
4411    2245  2046  2242  1
4412    2245  2244  2248  1
4413    2256  2255  2365  1
4414    2164  2246  1911  1
4415    2162  2245  2248  1
4416    2359  2493  2257  1
4417    2250  2248  2244  1
4418    2161  2247  2248  1
4419    2287  2289  2280  1
4420    2254  2485  2252  1
4421    2244  2245  2356  1
4422    2252  2250  2249  1
4423    2243  2352  2354  1
4424    2239  2355  2353  1
4425    2357  2479  2480  1
4426    2248  2252  2161  1
4427    2556  2438  2398  1
4428    2253  2481  2479  1
4429    2480  2252  2249  1
4430    2254  2479  2481  1
4431    2257  2247  2161  1
4432    2367  1879  2360  1
4433    2366  1918  2362  1
4434    2481  2359  2485  1
4435    2375  2255  2493  1
4436    2161  2485  2257  1
4437    2258  1918  2375  1
4438    2573  2579  2595  1
4439    2571  2570  2580  1
4440    1541  2260  2101  1
4441    2336  2260  2171  1
4442    2261  2107  2332  1
4443    2171  1541  2261  1
4444    2262  2100  2174  1
4445    2172  2262  2173  1
4446    2335  2338  2330  1
4447    2263  2174  2408  1
4448    5026  2264  1958  1
4449    2266  2264  2176  1
4450    2266  2265  1960  1
4451    2178  2265  2177  1
4452    2267  2176  2281  1
4453    2177  2266  2268  1
4454    2281  2286  2267  1
4455    2268  2106  2298  1
4456    2267  2271  2266  1
4457    2392  2270  2271  1
4458    2279  2269  2394  1
4459    2382  2280  2284  1
4460    2271  2270  2268  1
4461    2274  2273  2270  1
4462    2266  2271  2268  1
4463    2286  2392  2267  1
4464    2273  2274  2272  1
4465    2275  2272  2293  1
4466    2274  2270  2269  1
4467    2277  2272  2275  1
4468    2284  2269  2279  1
4469    2280  2272  2274  1
4470    2280  2289  2272  1
4471    2275  2060  2379  1
4472    2564  2393  2394  1
4473    2456  2467  2445  1
4474    2272  2277  2273  1
4475    2275  2379  2381  1
4476    2385  2387  2278  1
4477    2296  2294  2237  1
4478    2392  2283  2394  1
4479    2382  2279  2276  1
4480    2284  2280  2274  1
4481    2287  2280  2278  1
4482    2176  5026  2282  1
4483    2286  2281  2105  1
4484    2628  2640  2518  1
4485    2594  2574  2602  1
4486    2527  2276  2532  1
4487    2392  2394  2269  1
4488    2269  2284  2274  1
4489    2284  2279  2382  1
4490    2287  2290  2285  1
4491    2296  2292  2294  1
4492    2563  2286  2105  1
4493    2286  2283  2392  1
4494    2390  2290  2287  1
4495    2287  2285  2289  1
4496    2382  2385  2278  1
4497    2438  2251  2356  1
4498    2292  2289  2285  1
4499    2272  2289  2293  1
4500    2390  2287  2278  1
4501    2291  2290  2288  1
4502    2469  2475  2441  1
4503    2343  2295  2149  1
4504    2292  2285  2294  1
4505    2297  2293  2292  1
4506    2289  2292  2293  1
4507    2292  2034  2297  1
4508    2285  2291  2294  1
4509    2295  2291  2149  1
4510    2237  2294  2295  1
4511    2291  2295  2294  1
4512    2144  2296  2237  1
4513    2034  2292  2296  1
4514    2034  2060  2297  1
4515    2275  2297  2060  1
4516    2381  2106  2277  1
4517    2178  2298  2167  1
4518    2219  2673  2340  1
4519    2315  2306  2312  1
4520    2183  1865  2300  1
4521    2182  2300  1865  1
4522    5025  2396  2397  1
4523    2503  2504  2502  1
4524    1994  2302  1404  1
4525    2302  1995  2193  1
4526    5029  2400  5027  1
4527    2242  2341  2045  1
4528    2195  2291  2439  1
4529    2686  2401  2509  1
4530    2209  2212  2305  1
4531    2308  2307  2305  1
4532    2435  2310  2311  1
4533    2307  2308  2312  1
4534    2308  2305  2212  1
4535    2306  2316  2318  1
4536    2310  2308  2212  1
4537    2308  2310  2312  1
4538    2309  2435  2672  1
4539    2776  2314  5031  1
4540    2311  2310  2212  1
4541    2312  2310  2309  1
4542    2402  2311  2212  1
4543    2340  2433  2339  1
4544    5032  2776  5031  1
4545    2307  2312  2306  1
4546    2756  2618  2514  1
4547    2414  2074  2263  1
4548    2314  2432  2316  1
4549    2306  2315  2316  1
4550    5031  2312  2309  1
4551    2316  2315  2314  1
4552    2514  2618  2619  1
4553    2317  2513  2328  1
4554    2327  2321  2317  1
4555    2306  2319  2307  1
4556    2316  2512  2513  1
4557    2318  2317  2319  1
4558    2319  2317  2321  1
4559    2307  2319  2326  1
4560    2329  2321  2327  1
4561    2332  2331  2171  1
4562    2322  2327  2328  1
4563    2323  2321  2320  1
4564    2408  2174  2335  1
4565    2330  2100  2336  1
4566    2323  2320  2324  1
4567    2180  2307  2326  1
4568    2320  2331  2334  1
4569    2334  2333  2324  1
4570    2180  2323  2325  1
4571    2324  2325  2323  1
4572    2321  2326  2319  1
4573    2180  2326  2323  1
4574    2328  2327  2317  1
4575    2327  2322  2329  1
4576    2513  2317  2318  1
4577    2328  2299  2421  1
4578    2330  2329  2322  1
4579    2329  2330  2336  1
4580    2330  2322  2335  1
4581    2100  2260  2336  1
4582    2261  2332  2171  1
4583    2320  2329  2331  1
4584    2333  2332  2107  1
4585    2320  2334  2324  1
4586    2107  2337  2333  1
4587    2337  2403  2333  1
4588    2331  2332  2334  1
4589    2333  2334  2332  1
4590    2420  2424  2411  1
4591    2335  2411  2408  1
4592    2171  2331  2336  1
4593    2329  2336  2331  1
4594    2109  2337  2107  1
4595    2403  2337  1974  1
4596    2335  2174  2338  1
4597    2174  2100  2338  1
4598    2339  2219  2340  1
4599    2231  2208  2399  1
4600    2519  2672  2673  1
4601    2435  2340  2672  1
4602    2677  2219  2807  1
4603    2355  2149  2195  1
4604    2120  2437  2445  1
4605    2288  2439  2291  1
4606    2238  2343  2151  1
4607    2295  2343  2237  1
4608    2344  2140  2152  1
4609    2348  2344  2239  1
4610    2355  2345  2149  1
4611    2344  2345  2239  1
4612    2562  2346  2043  1
4613    5024  2346  2562  1
4614    2145  2344  2348  1
4615    2347  2243  2349  1
4616    2353  2352  2348  1
4617    2243  2347  2348  1
4618    2351  2349  2243  1
4619    2160  2349  2159  1
4620    2352  2353  2350  1
4621    2391  2440  2443  1
4622    2341  2243  2354  1
4623    2341  2242  2159  1
4624    2353  2348  2239  1
4625    2354  2352  2350  1
4626    2355  2239  2345  1
4627    2195  2149  2291  1
4628    2354  2350  2524  1
4629    2438  2341  2354  1
4630    2120  2195  2439  1
4631    2462  2463  2467  1
4632    2438  2356  2045  1
4633    2250  2356  2251  1
4634    2251  2438  2556  1
4635    2195  2120  2355  1
4636    2253  2479  2472  1
4637    2579  2376  2065  1
4638    2485  2161  2252  1
4639    2495     8  2496  1
4640    2165  2256  2365  1
4641    2360  2368  1922  1
4642    1911  2361  1922  1
4643    2364  2361  2246  1
4644    2366  2365  2255  1
4645    2367  2360  2364  1
4646    2365  2246  2165  1
4647    2363  2368  2369  1
4648    2365  2364  2246  1
4649    2365  2366  2367  1
4650    2366  2255  2375  1
4651    1879  2367  2362  1
4652    2367  2366  2362  1
4653    2365  2367  2364  1
4654    1921  2370  2363  1
4655    2368  2363  2370  1
4656    2360  1879  2369  1
4657    2363  2369  1879  1
4658    2371  2370  1921  1
4659    2372  1901  1912  1
4660    1356  2490  2560  1
4661    2040  2153  2374  1
4662    2368  2370  2372  1
4663    2373  2372  2370  1
4664    2370  2371  2373  1
4665    2371  2040  2374  1
4666    2374  2153  1901  1
4667    2371  2374  2373  1
4668    2366  2375  1918  1
4669    2493  2255  2257  1
4670    2594  2376  2259  1
4671    2377  2074  2566  1
4672    2102  2263  2377  1
4673    2429  2431  2409  1
4674    2576  2549  2575  1
4675    2058  2379  2060  1
4676    2381  2379  2167  1
4677    2380  2058  2166  1
4678    2167  2379  2380  1
4679    2298  2381  2167  1
4680    2275  2381  2277  1
4681    2385  2386  2384  1
4682    2382  2278  2280  1
4683    2276  2279  2498  1
4684    2558  2546  2458  1
4685    2382  2386  2385  1
4686    2290  2390  2288  1
4687    2386  2382  2276  1
4688    2385  2384  2387  1
4689    2527  2477  2529  1
4690    2386  2529  2384  1
4691    2391  2384  2497  1
4692    2387  2384  2391  1
4693    2576  2594  2549  1
4694    2559  2660  2657  1
4695    2386  2276  2527  1
4696    2660  2766  2759  1
4697    2278  2387  2390  1
4698    2288  2390  2387  1
4699    2440  2449  2456  1
4700    2288  2443  2342  1
4701    2270  2392  2269  1
4702    2392  2271  2267  1
4703    2563  2283  2286  1
4704    2598  2753  2282  1
4705    2564  2394  2283  1
4706    2498  2394  2393  1
4707    2397  2395  2158  1
4708    2505  2301  2504  1
4709    2396  2500  2501  1
4710    2301  2395  2397  1
4711    2346  5025  2158  1
4712    2301  2397  2396  1
4713    2353  2442  2350  1
4714    2232  5029  2218  1
4715    2232  2201  2202  1
4716    2232  2202  2400  1
4717    2399  2230  2229  1
4718    2399  2229  2231  1
4719    2196  2401  2121  1
4720    2198  1852  2509  1
4721    2211  2402  2212  1
4722    2231  2402  2206  1
4723    2404  2403  1974  1
4724    2403  2407  2406  1
4725    2108  2404  1974  1
4726    2405  2404  1982  1
4727    2225  2405  1982  1
4728    2224  2214  2407  1
4729    2222  2406  2214  1
4730    2333  2406  2221  1
4731    2404  2407  2403  1
4732    2224  2407  2405  1
4733    2411  2335  2420  1
4734    2412  2408  2413  1
4735    2424  2422  2409  1
4736    2423  2417  2410  1
4737    2416  2414  2410  1
4738    2263  2408  2412  1
4739    2420  2335  2322  1
4740    2412  2413  2410  1
4741    2413  2408  2411  1
4742    2412  2410  2414  1
4743    2411  2409  2413  1
4744    2431  2419  2516  1
4745    2417  2415  2416  1
4746    2416  2418  2414  1
4747    2638  2415  2417  1
4748    2418  2567  2414  1
4749    2417  2416  2410  1
4750    2418  2416  2415  1
4751    2423  2410  2413  1
4752    2417  2378  2638  1
4753    2565  2418  2415  1
4754    2511  2577  2566  1
4755    2430  2429  2422  1
4756    2429  2409  2422  1
4757    2421  2322  2328  1
4758    2422  2424  2421  1
4759    2421  2299  2422  1
4760    2322  2421  2420  1
4761    2515  2512  2428  1
4762    2299  2427  2422  1
4763    2516  2423  2413  1
4764    2417  2423  2419  1
4765    2411  2424  2409  1
4766    2421  2424  2420  1
4767    2750  2657  2695  1
4768    2423  2516  2419  1
4769    2754  2762  2653  1
4770    2419  2622  2378  1
4771    2512  2427  2299  1
4772    2425  2755  2430  1
4773    2314  2619  2432  1
4774    2427  2515  2425  1
4775    2430  2422  2427  1
4776    2429  2426  2431  1
4777    2425  2430  2427  1
4778    2426  2429  2430  1
4779    2628  2518  2623  1
4780    2623  2622  2419  1
4781    2314  2776  2619  1
4782    2512  2432  2428  1
4783    2339  2433  2229  1
4784    2435  2433  2340  1
4785    2018  2339  2230  1
4786    3070  2908  2916  1
4787    2310  2435  2309  1
4788    2433  2435  2311  1
4789    2243  2341  2351  1
4790    2556  2555  2249  1
4791    2288  2342  2439  1
4792    2437  2120  2342  1
4793    2436  2688  2233  1
4794    2341  2438  2045  1
4795    2465  2458  2497  1
4796    2120  2439  2342  1
4797    2437  2342  2440  1
4798    2449  2440  2447  1
4799    2442  2475  2350  1
4800    2353  2355  2442  1
4801    2455  2120  2445  1
4802    2391  2443  2387  1
4803    2342  2443  2440  1
4804    2465  2497  2389  1
4805    2449  2457  2446  1
4806    2445  2437  2456  1
4807    2455  2441  2442  1
4808    2452  2461  2483  1
4809    2441  2467  2463  1
4810    2451  2477  2698  1
4811    2391  2497  2458  1
4812    2526  2459  2851  1
4813    2535  2711  2536  1
4814    2546  2528  2447  1
4815    2456  2449  2446  1
4816    2547  2698  2728  1
4817    2483  2358  2471  1
4818    2453  2849  2739  1
4819    2391  2458  2447  1
4820    2478  2495  2483  1
4821    2531  2546  2558  1
4822    2731  2460  2730  1
4823    2529  2477  2389  1
4824    2769  2702  2470  1
4825    2446  2457  2462  1
4826    2120  2455  2355  1
4827    2441  2455  2445  1
4828    2456  2446  2467  1
4829    2440  2456  2437  1
4830    2845  2738  2846  1
4831    2451  2383  2465  1
4832    2483  2495  2358  1
4833    2739  2454  2452  1
4834    2815  2537  2728  1
4835    2458  2465  2558  1
4836    2449  2528  2457  1
4837    2460  2473  2463  1
4838    2665  2870  2802  1
4839    2451  2535  2383  1
4840    2478  2483  2461  1
4841    2462  2460  2463  1
4842    2473  2460  2474  1
4843    2463  2473  2469  1
4844    2544     5  2594  1
4845    2258  2496     8  1
4846       8  2495  2478  1
4847    2837  2838  2833  1
4848    2388     8  2478  1
4849    2472  2474  2466  1
4850    2445  2467  2441  1
4851    2462  2467  2446  1
4852    2555  2357  2480  1
4853    2469  2468  2398  1
4854    2398  2524  2475  1
4855    2441  2463  2469  1
4856    2536  2711  2450  1
4857    2482  2650  2647  1
4858    2850  2525  2454  1
4859    2528  2546  2531  1
4860    2474  2472  2357  1
4861    2546  2447  2458  1
4862    2474  2460  2466  1
4863    2469  2473  2468  1
4864    2555  2474  2357  1
4865    2473  2474  2468  1
4866    2441  2475  2442  1
4867    2398  2475  2469  1
4868    2838  2531  2839  1
4869    2535  2536  2836  1
4870    2542  2537  5030  1
4871    2539  2253  2845  1
4872    2838  2528  2531  1
4873    2732  2448  2733  1
4874    2480  2479  2254  1
4875    2472  2479  2357  1
4876    2252  2480  2254  1
4877    2555  2480  2249  1
4878    2461  2452  2454  1
4879    2359  2481  2358  1
4880    5030  2537  2815  1
4881    2554  2685  2550  1
4882    2733  2472  2466  1
4883    2510  2712  2571  1
4884    2667  2663  2636  1
4885    2715  2707  2484  1
4886    2481  2485  2254  1
4887    2257  2485  2359  1
4888    2371  2488  2487  1
4889    1921  2486  2488  1
4890    2489  2486  1356  1
4891    1921  2488  2371  1
4892    2489  2488  2486  1
4893    1897  2487  2489  1
4894    2489  2487  2488  1
4895    2490  1916  2533  1
4896    2533  2562  2492  1
4897    2491  1897  2560  1
4898    1524  1900  2491  1
4899    1524  2492  2156  1
4900    2492  1524  2561  1
4901    2494  2359  2358  1
4902    2375  2493  2496  1
4903    2494  2358  2495  1
4904    2375  2496  2258  1
4905    2448  2253  2472  1
4906    2846  2483  2471  1
4907    2493  2494  2496  1
4908    2495  2496  2494  1
4909    2880  2775  2877  1
4910    2384  2389  2497  1
4911    2394  2498  2279  1
4912    2530  2498  2393  1
4913    2587  2596  1957  1
4914    2530  2393  2723  1
4915    2300  2501  2183  1
4916    2396  1520  2500  1
4917    2502  2501  2184  1
4918    2502  2184  2503  1
4919    2301  2396  2502  1
4920    1903  2503  2184  1
4921    1521  2503  1904  1
4922    1687  2507  2508  1
4923    2502  2504  2301  1
4924    2508  2504  1767  1
4925    2048  2507  2051  1
4926    1919  2506  2050  1
4927    2507  2506  2505  1
4928    2505  2504  2508  1
4929    2051  2507  1687  1
4930    1687  2508  1767  1
4931    2505  2508  2507  1
4932    2686  2509  2020  1
4933    2198  2509  2401  1
4934    2588  2603  2604  1
4935    2569  2571  2170  1
4936    2568  2511  2567  1
4937    2568  2170  2572  1
4938    2513  2512  2299  1
4939    2512  2316  2432  1
4940    2328  2513  2299  1
4941    2316  2513  2318  1
4942    2434  2676  2679  1
4943    2754  2514  2619  1
4944    2512  2515  2427  1
4945    2618  2515  2428  1
4946    2413  2409  2516  1
4947    2409  2431  2516  1
4948    2425  2618  2756  1
4949    2753  2598  2597  1
4950    2756  2651  2755  1
4951    2604  2610  2588  1
4952    3124  3111  3123  1
4953    2771  5032  2519  1
4954    2722  2716  2709  1
4955    5028  2303  5027  1
4956    2020  2718  2687  1
4957    5027  2303  2689  1
4958    2401  2522  2121  1
4959    5027  2522  2521  1
4960    3317  3461  3320  1
4961    3461  3224  2691  1
4962    2475  2524  2350  1
4963    2438  2524  2398  1
4964    2461  2388  2478  1
4965    2711  2451  2698  1
4966    2384  2529  2389  1
4967    2835  2836  2841  1
4968    2498  2530  2532  1
4969    2849  2850  2739  1
4970    2253  2539  2481  1
4971    2477  2465  2389  1
4972    2386  2527  2529  1
4973    2726  2527  2532  1
4974    2750  2723  2724  1
4975    2532  2530  2812  1
4976    2547  2711  2698  1
4977    2547  2537  2542  1
4978    2498  2532  2276  1
4979    2726  2532  2812  1
4980    2450  2470  2543  1
4981    2542  2450  2711  1
4982    2558  2383  2834  1
4983    2610  2615  2557  1
4984    2926  2925  2876  1
4985    2711  2547  2542  1
4986    2477  2451  2465  1
4987    2728  2668  2815  1
4988    2664  2797  2741  1
4989    2659  3060  2897  1
4990    2671  2748  2749  1
4991    2796  2800  2870  1
4992    2471  2476  2846  1
4993    2728  2698  2727  1
4994    2388  2461  2454  1
4995    2943  2939  2946  1
4996    2575  2549  2259  1
4997    2663  2803  2646  1
4998    2542  2470  2450  1
4999    2700  1958  1959  1
5000    2821  2735  2819  1
5001    2447  2528  2449  1
5002    2860  2774  2790  1
5003    2741  2804  2646  1
5004    2732  2736  2448  1
5005    2655  2548  2518  1
5006    2733  2731  2732  1
5007    2471  2539  2476  1
5008    2545  2470  2542  1
5009    2499  2751  2745  1
5010    2985  2973  2981  1
5011    2799  2703  2890  1
5012    2570  2712  2603  1
5013    2562  2533  1916  1
5014    2671  2749  3017  1
5015    2550  2708  2707  1
5016    2554  2710  2551  1
5017    2727  2527  2726  1
5018    2895  2898  2725  1
5019    2550  2680  2708  1
5020    2652  2762  2777  1
5021    2683  2717  2554  1
5022    2550  2707  2710  1
5023    2653  2553  2754  1
5024    2556  2249  2251  1
5025    2474  2555  2468  1
5026    2398  2468  2556  1
5027    2555  2556  2468  1
5028    3026  3072  2910  1
5029    2612  2918  2919  1
5030    2736  2738  2845  1
5031    2470  2702  2543  1
5032    2801  2869  2631  1
5033    2660  2559  2856  1
5034    2490  2533  2561  1
5035    2491  2560  2561  1
5036    2490  2561  2560  1
5037    1916  2241  5024  1
5038    2043  2492  2562  1
5039    2743  2563  2105  1
5040    2499  2724  2564  1
5041    2283  2563  2564  1
5042    2499  2564  2563  1
5043    2639  2565  2415  1
5044    2568  2565  2510  1
5045    2103  2566  2075  1
5046    2567  2566  2074  1
5047    2568  2567  2418  1
5048    2566  2567  2511  1
5049    2568  2418  2565  1
5050    2572  2170  2575  1
5051    2712  2510  2644  1
5052    2170  2568  2569  1
5053    2585  2581  2582  1
5054    2584  2574  2580  1
5055    2510  2571  2569  1
5056    2580  2576  2571  1
5057    2573  2578  2579  1
5058    2568  2572  2578  1
5059    2577  2076  2075  1
5060    2572  2259  2579  1
5061    2584  2580  2582  1
5062    1957  2713  2602  1
5063    2576  2575  2170  1
5064    2259  2572  2575  1
5065    2571  2576  2170  1
5066    2576  2574  2594  1
5067    2566  2577  2075  1
5068    2578  2577  2511  1
5069    2568  2578  2511  1
5070    2579  2578  2572  1
5071    2376  2579  2259  1
5072    2065  2070  2595  1
5073    2582  2580  2570  1
5074    2574  2576  2580  1
5075    2585  2588  2583  1
5076    2601  2593  2590  1
5077    2570  2588  2585  1
5078    2582  2581  2584  1
5079    2557  2919  3038  1
5080    2451  2711  2535  1
5081    2590  2584  2581  1
5082    2574  2584  2587  1
5083    2570  2585  2582  1
5084    2583  2600  2591  1
5085    2581  2585  2591  1
5086    2590  2593  2586  1
5087    2590  2587  2584  1
5088    2587  2590  2596  1
5089    2644  2599  2712  1
5090    2588  2570  2603  1
5091    2600  2589  2591  1
5092    2607  2589  2600  1
5093    2581  2591  2601  1
5094    2590  2586  2596  1
5095    2583  2591  2585  1
5096    2592  2601  2589  1
5097    2481  2539  2471  1
5098    2746  2748  2744  1
5099    2601  2590  2581  1
5100    2593  2592  2867  1
5101    2574  2587  2602  1
5102    2376  2594     5  1
5103    2573  2595  2071  1
5104    2065  2595  2579  1
5105    2597  2596  2586  1
5106    5026  2598  2282  1
5107    2854  2747  2853  1
5108    2743  2752  2541  1
5109    1957  2596  2598  1
5110    2597  2598  2596  1
5111    2415  2638  2639  1
5112    2622  2626  2378  1
5113    2600  2611  2607  1
5114    2609  2583  2610  1
5115    2589  2601  2591  1
5116    2593  2601  2592  1
5117    2587  1957  2602  1
5118    1957  5026  2713  1
5119    2712  2570  2571  1
5120    2604  2603  2599  1
5121    2626  2627  2378  1
5122    2606  2607  2611  1
5123    2481  2471  2358  1
5124    2713  2544  2602  1
5125    2609  2600  2583  1
5126    2654  2897  5035  1
5127    2611  2600  2609  1
5128    2765  2607  2606  1
5129    2609  2557  2608  1
5130    3962  2614  2616  1
5131    2583  2588  2610  1
5132    2609  2608  2611  1
5133    2615  2610  2604  1
5134    2609  2610  2557  1
5135    2616  2611  2608  1
5136    2654  2614  2605  1
5137    2599  2642  2643  1
5138    2905  2902  2868  1
5139    2613  2616  2617  1
5140    2482  2795  2650  1
5141    2606  2611  2614  1
5142    2614  2611  2616  1
5143    2639  2627  2642  1
5144    2557  2615  2919  1
5145    2617  2616  2608  1
5146    2616  2613  3962  1
5147    2637  2641  2648  1
5148    2464  2652  2777  1
5149    2515  2618  2425  1
5150    2619  2618  2428  1
5151    2432  2619  2428  1
5152    2754  2619  2313  1
5153    2794  3014  2779  1
5154    2464  3074  3026  1
5155    2881  2799  2871  1
5156    3066  3868  2901  1
5157    2623  2419  2431  1
5158    2518  2548  2626  1
5159    2629  2857  2632  1
5160    2518  2622  2623  1
5161    3074  2464  2517  1
5162    2649  2615  2637  1
5163    2431  2426  2629  1
5164    2625  2629  2632  1
5165    2518  2626  2622  1
5166    2627  2626  2624  1
5167    2627  2624  2641  1
5168    2639  2638  2627  1
5169    2629  2623  2431  1
5170    2754  2761  2514  1
5171    2625  2628  2629  1
5172    2629  2628  2623  1
5173    2761  2651  2756  1
5174    2640  2628  2625  1
5175    2430  2755  2857  1
5176    2538  2761  2553  1
5177    2857  2629  2426  1
5178    2902  2905  2645  1
5179    2589  2607  2765  1
5180    2803  2816  2646  1
5181    2640  2861  2869  1
5182    2913  2905  3025  1
5183    2660  2759  2695  1
5184    2679  2517  2434  1
5185    2526  2740  2704  1
5186    2903  2861  2625  1
5187    2641  2624  2648  1
5188    2643  2615  2604  1
5189    2378  2627  2638  1
5190    2627  2641  2642  1
5191    2599  2644  2639  1
5192    2639  2510  2565  1
5193    2725  3015  2895  1
5194    2651  2699  2904  1
5195    2648  2624  2647  1
5196    2641  2637  2642  1
5197    2643  2642  2637  1
5198    2599  2639  2642  1
5199    2615  2643  2637  1
5200    2599  2643  2604  1
5201    2599  2603  2712  1
5202    2510  2639  2644  1
5203    2553  2653  2661  1
5204    2518  2640  2655  1
5205    2663  2540  2621  1
5206    2795  2482  2631  1
5207    2650    10  2649  1
5208    2548  2647  2624  1
5209    2868  2632  2904  1
5210    2615  2649  2612  1
5211    2637  2648  2649  1
5212    2650  2649  2648  1
5213    2647  2650  2648  1
5214    2801  2482  2647  1
5215    2633  2662  2811  1
5216    2651  2761  2907  1
5217    2635  3032  2645  1
5218    2863  2784  2792  1
5219    3868  4089  2901  1
5220    2654  2606  2614  1
5221    2517  2464  2434  1
5222    2705  2654  2605  1
5223    2902  2903  2868  1
5224    2655  2647  2548  1
5225    2646  2636  2663  1
5226      10  2782  2920  1
5227    2667  3309  2540  1
5228    2797  2856  2760  1
5229    2817  2803  2534  1
5230    2741  2816  2770  1
5231    2766  2741  2814  1
5232    3070  2635  2913  1
5233    3869  2705  2605  1
5234    2559  2657  2744  1
5235    2801  2647  2655  1
5236    2652  2661  2653  1
5237    2804  2636  2646  1
5238    2765  2606  2654  1
5239    2993  2979  2988  1
5240    2621  2785  2663  1
5241    2660  2856  2664  1
5242    2748  2671  2744  1
5243    2774  2669  2656  1
5244    2453  2714  2740  1
5245    2900  3015  3062  1
5246    2526  2704  5033  1
5247    2820  2658  2768  1
5248    2668  2814  2770  1
5249    2890  2742  2783  1
5250    3309  2636  2666  1
5251    2703  2852  2706  1
5252    2736  2552  2738  1
5253    2702  2703  2796  1
5254    2778  2786  2885  1
5255    2898  2899  2725  1
5256    2671  2559  2744  1
5257    2673  2672  2340  1
5258    2672  2519  5032  1
5259    2808  2677  2807  1
5260    2772  2675  2434  1
5261    2693  2809  2690  1
5262    2759  2766  2814  1
5263    2519  2673  2675  1
5264    2676  2675  2673  1
5265    2219  2677  2673  1
5266    2676  2674  2679  1
5267    2018  2806  2807  1
5268    2676  2673  2677  1
5269    2652  3068  2661  1
5270    2780  2658  2874  1
5271    3109  2679  2674  1
5272    2679  2678  2517  1
5273    1331  2682  2684  1
5274    2717  2719  2720  1
5275    2017  2681  2019  1
5276    2685  2554  2717  1
5277    2721  2720  2682  1
5278    2520  2684  2719  1
5279    2520  1331  2684  1
5280    2521  2686  2687  1
5281    2710  2554  2550  1
5282    2721  2685  2720  1
5283    2687  2686  2020  1
5284    2522  2686  2521  1
5285    2718  2020  2019  1
5286    2521  2687  2683  1
5287    2689  2688  2210  1
5288    2690  2688  2523  1
5289    5027  2689  2210  1
5290    2303  2709  2716  1
5291    3318  3319  3225  1
5292    2233  2690  2018  1
5293    3125  3127  3323  1
5294    2809  2806  2018  1
5295    2693  2690  2523  1
5296    2691  2693  2722  1
5297    2716  2722  2523  1
5298    3324  3317  2694  1
5299    2523  2689  2716  1
5300    3111  3236  3235  1
5301    2499  2563  2743  1
5302    2811  2662  2765  1
5303    2812  2723  2697  1
5304    2730  2460  2462  1
5305    2724  2499  2745  1
5306    2845  2253  2448  1
5307    2592  2589  2662  1
5308    2742  2892  2783  1
5309    2941  2965  2960  1
5310    2719  2717  2681  1
5311    3117  3110  3116  1
5312    2544  2594  2602  1
5313    2626  2548  2624  1
5314    2521  2683  2551  1
5315    2470  2545  2769  1
5316    2660  2664  2766  1
5317    2550  2685  2721  1
5318    2704  2740  2714  1
5319    2928  2875  2927  1
5320    2786  2802  2870  1
5321    2772  2777  2771  1
5322    2814  2697  2759  1
5323    2708  2484  2707  1
5324    2805  2707  2715  1
5325    2806  2809  3224  1
5326    2454  2525  2388  1
5327    2710  2707  2709  1
5328    2303  2716  2689  1
5329    2718  2717  2683  1
5330    2551  2710  2303  1
5331    2709  2805  2722  1
5332    2484  2304  2715  1
5333       5  2544  2700  1
5334    2561  2533  2492  1
5335    2790  2774  2742  1
5336    2700  2713  1958  1
5337    2636  2760  3021  1
5338    2881  2883  2786  1
5339    2303  2710  2709  1
5340    2680  2484  2708  1
5341    2681  2718  2019  1
5342    2687  2718  2683  1
5343    2719  2681  2006  1
5344    2720  2719  2684  1
5345    2682  2720  2684  1
5346    2685  2717  2720  1
5347    2682  2680  2721  1
5348    2550  2721  2680  1
5349    2722  3321  3318  1
5350    2674  2692  3222  1
5351    2724  2723  2393  1
5352    2697  2723  2695  1
5353    2564  2724  2393  1
5354    2751  2743  2746  1
5355    3115  3117  3116  1
5356    2815  2534  5030  1
5357    2728  2537  2547  1
5358    2477  2727  2698  1
5359    2527  2727  2477  1
5360    2727  2726  2728  1
5361    2813  2726  2812  1
5362    2726  2813  2728  1
5363    2833  2834  2835  1
5364    2831  2880  2773  1
5365    2457  2730  2462  1
5366    2731  2730  2729  1
5367    2731  2729  2732  1
5368    2460  2731  2466  1
5369    2737  2735  2736  1
5370    2737  2734  2819  1
5371    2472  2733  2448  1
5372    2466  2731  2733  1
5373    2830  2832  2828  1
5374    2543  2665  2843  1
5375    2822  2819  2734  1
5376    2849  2453  2740  1
5377    2737  2732  2729  1
5378    2735  2552  2736  1
5379    2732  2737  2736  1
5380    2832  2826  2828  1
5381    2453  2848  2825  1
5382    2846  2452  2483  1
5383    2847  2452  2846  1
5384    2848  2821  2825  1
5385    2658  2827  2874  1
5386    2714  2453  2768  1
5387    3214  2899  3059  1
5388    2817  2534  2815  1
5389    5036  5035  2897  1
5390    2752  2743  2105  1
5391    2743  2541  2746  1
5392    2746  2853  2748  1
5393    2664  2741  2766  1
5394    2695  2657  2660  1
5395    2750  2745  2657  1
5396    2541  2753  2853  1
5397    2745  2746  2744  1
5398    2854  2597  2586  1
5399    2867  2855  2854  1
5400    2853  2746  2541  1
5401    2749  2748  2747  1
5402    2749  2747  2779  1
5403    3017  3018  2856  1
5404    2723  2750  2695  1
5405    2724  2745  2750  1
5406    2743  2751  2499  1
5407    2746  2745  2751  1
5408    2281  2752  2105  1
5409    2753  2752  2282  1
5410    2853  2753  2597  1
5411    2752  2753  2541  1
5412    2762  2754  2313  1
5413    3026  2652  2464  1
5414    2857  2755  2904  1
5415    2756  2755  2425  1
5416    3113  2909  2910  1
5417    2911  2914  2538  1
5418    2663  2667  2540  1
5419    2908  2798  2916  1
5420    2706  2852  2790  1
5421    2804  2760  2636  1
5422    2894  2633  2811  1
5423    2927  2875  2780  1
5424    2645  2905  2913  1
5425    2780  2768  2658  1
5426    2464  2777  2434  1
5427    2868  2903  2632  1
5428    2771  2762  2313  1
5429    2907  2761  2538  1
5430    5030  2860  2545  1
5431    2789  2861  2634  1
5432    2652  2653  2762  1
5433    2761  2754  2553  1
5434    2774  2860  2669  1
5435    2633  2855  2867  1
5436    3028  3146  3145  1
5437    2820  2768  2825  1
5438    3032  2789  2634  1
5439    2760  2804  2797  1
5440    2785  2781  2774  1
5441    2702  2769  2703  1
5442    2929  2873  5034  1
5443    2859  2763  2784  1
5444    2670  2778  2775  1
5445    3309  2667  2636  1
5446    2776  2771  2313  1
5447    2519  2675  2772  1
5448    2757  3069  3108  1
5449    2519  2772  2771  1
5450    2793  2799  2890  1
5451    2670  2831  2844  1
5452    3009  2781  2621  1
5453    2670  2775  2880  1
5454    2860  2769  2545  1
5455    2802  2843  2665  1
5456    2619  2776  2313  1
5457    2314  2315  5031  1
5458    2771  2777  2762  1
5459    2434  2777  2772  1
5460    2540  3010  3009  1
5461    2856  2797  2664  1
5462    2640  2869  2655  1
5463    2867  2592  2662  1
5464    2785  2621  2781  1
5465    2714  2768  2780  1
5466    3198  3624  3191  1
5467    2706  2790  2742  1
5468    2650  2795    10  1
5469    3142  3034  3031  1
5470    2774  2781  2742  1
5471    2796  2665  2702  1
5472    3014  3015  2900  1
5473    2634  2902  3032  1
5474    2860  2790  2852  1
5475    2767  2889  3008  1
5476    2881  2786  2870  1
5477    2881  2870  2800  1
5478    2779  2855  2894  1
5479    2631  2863  2795  1
5480    2632  2857  2904  1
5481    2784  2763  2792  1
5482    2782  2795  2865  1
5483    2920  2872  2918  1
5484    2890  3008  2793  1
5485    2663  2785  2656  1
5486    3251  2788  3034  1
5487    3023  3063  2901  1
5488    2792  2862  2863  1
5489    3031  2763  2859  1
5490    2669  2860  2534  1
5491    2824  2773  2823  1
5492    2867  2854  2586  1
5493    2747  2855  2779  1
5494    3028  2792  3071  1
5495    3073  2862  2792  1
5496    2534  2656  2669  1
5497    2892  2987  2783  1
5498    2745  2744  2657  1
5499    2814  2741  2770  1
5500    2784  2863  2631  1
5501    2869  2789  2784  1
5502    2821  2552  2735  1
5503    2796  2870  2665  1
5504    2843  2802  2670  1
5505    2818  2775  2778  1
5506    2703  2769  2852  1
5507    3064  3023  2872  1
5508    2786  2778  2802  1
5509    2828  2831  2773  1
5510    3010  2893  3009  1
5511    2613  2617  3022  1
5512    2803  2656  2534  1
5513    2663  2656  2803  1
5514    2707  2805  2709  1
5515    3321  2715  2304  1
5516    2692  2808  2806  1
5517    2677  2808  2676  1
5518    2018  2807  2219  1
5519    2808  2807  2806  1
5520    2692  2806  2810  1
5521    2676  2808  2674  1
5522    2690  2809  2018  1
5523    2694  3315  3324  1
5524    2722  2805  3321  1
5525    3224  2693  2691  1
5526    2589  2765  2662  1
5527    2855  2633  2894  1
5528    2723  2812  2530  1
5529    2813  2812  2697  1
5530    2697  2814  2813  1
5531    2813  2814  2668  1
5532    2695  2759  2697  1
5533    2817  2668  2770  1
5534    2668  2728  2813  1
5535    2770  2816  2817  1
5536    2741  2797  2804  1
5537    2741  2646  2816  1
5538    2668  2817  2815  1
5539    2817  2816  2803  1
5540    2800  2796  2703  1
5541    2875  2704  2714  1
5542    2822  2821  2819  1
5543    2735  2737  2819  1
5544    2824  2829  2822  1
5545    2820  2822  2829  1
5546    2820  2825  2821  1
5547    2847  2848  2739  1
5548    2824  2822  2734  1
5549    2820  2821  2822  1
5550    2824  2828  2773  1
5551    2877  2823  2880  1
5552    2828  2824  2734  1
5553    2824  2823  2829  1
5554    2827  2658  2820  1
5555    2848  2453  2739  1
5556    2828  2734  2830  1
5557    2840  2844  2841  1
5558    2875  2714  2780  1
5559    2453  2825  2768  1
5560    2830  2734  2737  1
5561    2828  2826  2831  1
5562    2922  2823  2877  1
5563    2820  2829  2827  1
5564    2729  2837  2737  1
5565    2838  2729  2730  1
5566    2826  2841  2844  1
5567    2826  2844  2831  1
5568    2830  2833  2832  1
5569    2834  2833  2839  1
5570    2837  2830  2737  1
5571    2531  2558  2834  1
5572    2383  2535  2836  1
5573    2832  2835  2826  1
5574    2833  2835  2832  1
5575    2834  2383  2836  1
5576    2836  2536  2840  1
5577    2835  2834  2836  1
5578    2838  2837  2729  1
5579    2833  2830  2837  1
5580    2730  2457  2838  1
5581    2838  2457  2528  1
5582    2838  2839  2833  1
5583    2531  2834  2839  1
5584    2536  2842  2840  1
5585    2842  2843  2840  1
5586    2835  2841  2826  1
5587    2836  2840  2841  1
5588    2450  2842  2536  1
5589    2843  2842  2543  1
5590    2665  2543  2702  1
5591    2775  2818  2877  1
5592    2840  2843  2844  1
5593    2670  2844  2843  1
5594    2539  2845  2476  1
5595    2736  2845  2448  1
5596    2845  2846  2476  1
5597    2847  2846  2738  1
5598    2552  2848  2847  1
5599    2452  2847  2739  1
5600    2552  2847  2738  1
5601    2848  2552  2821  1
5602    2740  2851  2849  1
5603    2459  2525  2850  1
5604    2739  2850  2454  1
5605    2850  2849  2851  1
5606    2526  2851  2740  1
5607    2850  2851  2459  1
5608    2852  2769  2860  1
5609    2799  2800  2703  1
5610    2854  2853  2597  1
5611    2748  2853  2747  1
5612    2867  2586  2593  1
5613    2633  2867  2662  1
5614    2794  2894  2895  1
5615    2747  2854  2855  1
5616    2559  2671  3017  1
5617    3017  3014  2900  1
5618    2430  2857  2426  1
5619    2514  2761  2756  1
5620    3046  3079  3081  1
5621    2791  2872  2782  1
5622    2791  3027  2864  1
5623    2625  2861  2640  1
5624    2868  2904  2905  1
5625    2890  2703  2706  1
5626    3025  2905  2906  1
5627    2869  2784  2631  1
5628    2918  2872  2617  1
5629    2866  2791  2782  1
5630    2763  2788  3071  1
5631    2791  2864  3064  1
5632    3027  2791  2866  1
5633    2782    10  2795  1
5634    2865  2866  2782  1
5635    2865  2863  2862  1
5636    2649    10  2612  1
5637    2869  2861  2789  1
5638    3838  3840  3847  1
5639    2785  2774  2656  1
5640    2784  2789  2859  1
5641    2655  2869  2801  1
5642    4111  3066  3067  1
5643    2482  2801  2631  1
5644    2871  2799  2793  1
5645    2742  2781  2892  1
5646    2927  2874  2926  1
5647    2802  2778  2670  1
5648    2910  2909  3068  1
5649    2866  2865  2862  1
5650    2829  2922  2827  1
5651    2875  5033  2704  1
5652    2923  2874  2921  1
5653    2875  2928  5033  1
5654    2921  2874  2827  1
5655    2876  2930  2929  1
5656    2877  2818  2879  1
5657    2921  2827  2922  1
5658    2887  2885  2884  1
5659    2969  2879  2887  1
5660    2883  2884  2885  1
5661    2923  2921  2924  1
5662    2773  2880  2823  1
5663    2670  2880  2831  1
5664    2799  2881  2800  1
5665    2883  2871  2882  1
5666    2793  2970  2871  1
5667    2878  2879  2969  1
5668    2871  2883  2881  1
5669    2883  2882  2884  1
5670    2884  2882  2888  1
5671    2879  2818  2887  1
5672    2778  2885  2818  1
5673    2883  2885  2786  1
5674    2972  2962  2971  1
5675    2935  2930  2949  1
5676    2885  2887  2818  1
5677    2888  2969  2884  1
5678    2882  2966  2942  1
5679    2938  2969  2886  1
5680    2968  3041  2957  1
5681    2944  2939  2940  1
5682    2742  2890  2706  1
5683    3008  2890  2783  1
5684    3011  3009  2893  1
5685    3042  2956  3152  1
5686    3012  2781  3011  1
5687    2987  2891  2984  1
5688    3186  3188  3004  1
5689    3050  3048  2959  1
5690    2895  2894  2811  1
5691    2779  2894  2794  1
5692    5035  2811  2765  1
5693    2654  2705  2897  1
5694    2701  3013  3060  1
5695    3020  3019  3021  1
5696    2659  2897  2705  1
5697    2896  2898  5036  1
5698    2895  5035  5036  1
5699    2898  2896  3059  1
5700    3059  3060  3013  1
5701    3059  3013  3214  1
5702    2899  3016  3062  1
5703    3017  2856  2559  1
5704    3022  2617  3023  1
5705    3873  3847  3878  1
5706    2902  2645  3032  1
5707    2903  2902  2634  1
5708    2861  2903  2634  1
5709    2632  2903  2625  1
5710    2651  2904  2755  1
5711    2905  2904  2699  1
5712    2907  2906  2699  1
5713    2905  2699  2906  1
5714    2907  2538  2906  1
5715    3232  3229  3230  1
5716    2651  2907  2699  1
5717    2914  2911  3033  1
5718    3074  3072  3026  1
5719    2679  3109  3221  1
5720    3031  2788  2763  1
5721    3025  3036  2908  1
5722    2661  2911  2553  1
5723    2798  3036  3226  1
5724    2661  2909  2911  1
5725    2908  3036  2798  1
5726    3036  3025  2906  1
5727    3228  3227  3223  1
5728    3108  2517  2678  1
5729    3026  3068  2652  1
5730    3033  2911  2909  1
5731    3068  2909  2661  1
5732    3119  2757  3221  1
5733    3071  2792  2763  1
5734    3071  3035  3028  1
5735    2553  2911  2538  1
5736    2788  3031  3034  1
5737    3351  3269  3347  1
5738    2617  2608  3038  1
5739    2920  2918  2612  1
5740    2612  2919  2615  1
5741    3038  2918  2617  1
5742      10  2920  2612  1
5743    2872  2920  2782  1
5744    2879  2924  2877  1
5745    2924  2878  2923  1
5746    2823  2922  2829  1
5747    2877  2921  2922  1
5748    2931  2923  2878  1
5749    2876  2928  2927  1
5750    2877  2924  2921  1
5751    2878  2924  2879  1
5752    2943  2938  2940  1
5753    3039  2937  2949  1
5754    2874  2923  2926  1
5755    2926  2923  2931  1
5756    2874  2927  2780  1
5757    2876  2927  2926  1
5758    2929  2928  2876  1
5759    2929  5034  5033  1
5760    2930  2876  2925  1
5761    2929  5033  2928  1
5762    2930  2925  2933  1
5763    2932  3039  2949  1
5764    2936  2931  2878  1
5765    2926  2931  2925  1
5766    2931  2936  2925  1
5767    2932  2933  2934  1
5768    2934  2933  2925  1
5769    2932  2949  2933  1
5770    2936  2938  2943  1
5771    2954  2952  2947  1
5772    2937  2935  2949  1
5773    2935  2873  2929  1
5774    2938  2936  2878  1
5775    2925  2936  2934  1
5776    2933  2949  2930  1
5777    2935  2937  2873  1
5778    2969  2938  2878  1
5779    2938  2886  2940  1
5780    2886  2942  2944  1
5781    2946  2939  3042  1
5782    2886  2888  2942  1
5783    2943  2940  2939  1
5784    2952  2941  2960  1
5785    2950  3076  3077  1
5786    2882  2942  2888  1
5787    2942  2941  2944  1
5788    3040  3047  2945  1
5789    2936  2943  2934  1
5790    2944  2940  2886  1
5791    2948  2952  2964  1
5792    2954  2956  2944  1
5793    2946  3076  2943  1
5794    2956  2954  2947  1
5795    2948  2947  2952  1
5796    2932  3077  3039  1
5797    2932  2934  2950  1
5798    2954  2944  2941  1
5799    3093  2958  3079  1
5800    2930  2935  2929  1
5801    2943  2950  2934  1
5802    2943  3076  2950  1
5803    3042  3154  3076  1
5804    3046  3082  2945  1
5805    2955  2960  2965  1
5806    2975  2976  2767  1
5807    5067  2696  3077  1
5808    3082  3046  3081  1
5809    2948  3029  2947  1
5810    2941  2952  2954  1
5811    2992  3041  2967  1
5812    2956  2939  2944  1
5813    2945  2953  3040  1
5814    2947  3029  3045  1
5815    2959  2992  3050  1
5816    3047  3040  2959  1
5817    3044  3075  3029  1
5818    3160  2953  2963  1
5819    2977  2980  2974  1
5820    2973  2975  2981  1
5821    2941  2966  2965  1
5822    3047  3051  3046  1
5823    2964  2968  2948  1
5824    3055  3095  3053  1
5825    2871  2962  2966  1
5826    2970  2971  2871  1
5827    2964  2952  2960  1
5828    3160  3075  3044  1
5829    2960  2955  2964  1
5830    2980  2955  2974  1
5831    2966  2941  2942  1
5832    2955  2965  2962  1
5833    2871  2966  2882  1
5834    2965  2966  2962  1
5835    2974  2955  2972  1
5836    2982  2978  2981  1
5837    2980  2968  2964  1
5838    3041  2968  2967  1
5839    2884  2969  2887  1
5840    2886  2969  2888  1
5841    3008  2970  2793  1
5842    2971  2970  2889  1
5843    2972  2971  2889  1
5844    2871  2971  2962  1
5845    2975  2982  2981  1
5846    2962  2972  2955  1
5847    3007  3001  2891  1
5848    2986  2989  2977  1
5849    2976  2972  2889  1
5850    2977  2974  2973  1
5851    2973  2974  2975  1
5852    2974  2972  2976  1
5853    2767  2976  2889  1
5854    2974  2976  2975  1
5855    2986  2973  2985  1
5856    2977  2967  2980  1
5857    3005  2996  3006  1
5858    2967  2977  2989  1
5859    2978  3000  2996  1
5860    3092  3052  3003  1
5861    2968  2980  2967  1
5862    2955  2980  2964  1
5863    2982  2975  2767  1
5864    2978  2996  2985  1
5865    2767  2984  2982  1
5866    2982  2984  3001  1
5867    2993  2994  2990  1
5868    2986  2977  2973  1
5869    2987  2767  2783  1
5870    2984  2891  3001  1
5871    2978  2985  2981  1
5872    2985  2983  2986  1
5873    2983  2988  2986  1
5874    3003  2988  2979  1
5875    2987  2892  3012  1
5876    2767  2987  2984  1
5877    2994  2993  2988  1
5878    2986  3002  2989  1
5879    3002  2991  3050  1
5880    3041  2992  2959  1
5881    3196  3197  3300  1
5882    3189  3404  3406  1
5883    2997  2998  3092  1
5884    3154  3042  3152  1
5885    2967  2989  2992  1
5886    2989  3002  3050  1
5887    2994  2988  2983  1
5888    2990  3196  2997  1
5889    2996  2983  2985  1
5890    2996  2994  2983  1
5891    2994  3005  2990  1
5892    3085  3392  3395  1
5893    3000  3001  3058  1
5894    3004  3188  3005  1
5895    2990  2997  2993  1
5896    2997  2995  3299  1
5897    3285  3085  3288  1
5898    3054  3056  3287  1
5899    2893  3010  3103  1
5900    3103  3057  2893  1
5901    2982  3001  2978  1
5902    3184  3006  2999  1
5903    3011  2781  3009  1
5904    2978  3001  3000  1
5905    2986  2988  3002  1
5906    3003  3002  2988  1
5907    3003  2979  3092  1
5908    3002  3003  2991  1
5909    3058  3101  2999  1
5910    3178  3180  3184  1
5911    2994  2996  3005  1
5912    3006  2996  3000  1
5913    2999  3006  3000  1
5914    3004  3005  3006  1
5915    3101  2893  3057  1
5916    3058  3007  3101  1
5917    2767  3008  2783  1
5918    2970  3008  2889  1
5919    2540  3009  2621  1
5920    3011  2893  3007  1
5921    2540  2758  3010  1
5922    3103  2758  3102  1
5923    3007  2891  3011  1
5924    3011  2891  3012  1
5925    2987  3012  2891  1
5926    2781  3012  2892  1
5927    3217  3105  3214  1
5928    3016  3107  3019  1
5929    2779  3014  2749  1
5930    3015  3014  2794  1
5931    2895  3015  2794  1
5932    3062  3015  2725  1
5933    3016  3215  3107  1
5934    2900  3018  3017  1
5935    3014  3017  2749  1
5936    3062  3018  2900  1
5937    3019  3018  3016  1
5938    3018  3020  2856  1
5939    3215  3106  3107  1
5940    3021  3019  5037  1
5941    2856  3020  2760  1
5942    3018  3019  3020  1
5943    2636  3021  2666  1
5944    3020  3021  2760  1
5945    3023  2617  2872  1
5946    2901  4089  3959  1
5947    3023  3064  3063  1
5948    2901  3022  3023  1
5949    3374  3493  3491  1
5950    3115  2910  3072  1
5951    2913  3025  2908  1
5952    2917  3495  4113  1
5953    3108  3069  3074  1
5954    3248  3070  2916  1
5955    3156  3078  3153  1
5956    3030  3027  3037  1
5957    3121  3123  3114  1
5958    3030  3065  3067  1
5959    3160  2963  3089  1
5960    3249  3034  3142  1
5961    3037  3073  3028  1
5962    3155  5068  5069  1
5963    3032  3031  2859  1
5964    3069  3072  3074  1
5965    2859  2789  3032  1
5966    2645  2913  2635  1
5967    2914  2906  2538  1
5968    3139  3125  3325  1
5969    3032  2635  3031  1
5970    2635  3142  3031  1
5971    3141  3142  3248  1
5972    3073  3037  3027  1
5973    3033  3226  3036  1
5974    3033  2858  3114  1
5975    3073  2792  3028  1
5976    3492  3495  2917  1
5977    2557  3038  2608  1
5978    2918  3038  2919  1
5979    2950  3077  2932  1
5980    2696  2937  3039  1
5981    2956  2947  3045  1
5982    3089  3082  3094  1
5983    3078  3152  3153  1
5984    3040  3041  2959  1
5985    3047  2959  3048  1
5986    3041  3040  2957  1
5987    2953  2957  3040  1
5988    3042  2939  2956  1
5989    3044  2948  2957  1
5990    3152  2956  3045  1
5991    2953  2945  2963  1
5992    3047  3046  2945  1
5993    2968  2957  2948  1
5994    2957  2953  3044  1
5995    3049  3093  3079  1
5996    3003  3052  2991  1
5997    3047  3048  3051  1
5998    2991  3052  3053  1
5999    2989  3050  2992  1
6000    2991  3048  3050  1
6001    3053  3051  3048  1
6002    3046  3051  3049  1
6003    3052  3099  3055  1
6004    2991  3053  3048  1
6005    3055  3053  3052  1
6006    3053  3095  3051  1
6007    3056  3054  3055  1
6008    3286  3093  3054  1
6009    3052  3092  3099  1
6010    3054  3093  3095  1
6011    3297  3176  3296  1
6012    3095  3093  3049  1
6013    3177  3307  3219  1
6014    3101  3178  2999  1
6015    3000  3058  2999  1
6016    3001  3007  3058  1
6017    2898  3059  2899  1
6018    3060  3059  2896  1
6019    2897  3060  2896  1
6020    3857  3060  2659  1
6021    3205  3199  3402  1
6022    3181  3178  3182  1
6023    2899  3062  2725  1
6024    3018  3062  3016  1
6025    2864  3030  3067  1
6026    3887  3867  3889  1
6027    2791  3064  2872  1
6028    2864  3063  3064  1
6029    3030  2864  3027  1
6030    3037  3144  4113  1
6031    2901  3063  3066  1
6032    3067  3066  3063  1
6033    2864  3067  3063  1
6034    3067  3065  4111  1
6035    3115  3072  3117  1
6036    3073  3027  2866  1
6037    3033  3036  2914  1
6038    2908  3070  2913  1
6039    3221  2757  3108  1
6040    2963  3082  3089  1
6041    2910  3068  3026  1
6042    3251  3071  2788  1
6043    3110  3069  2757  1
6044    3073  2866  2862  1
6045    3030  3037  4113  1
6046    2948  3044  3029  1
6047    3033  2909  2858  1
6048    2906  2914  3036  1
6049    3042  3076  2946  1
6050    3029  3075  3153  1
6051    3154  5068  3076  1
6052    3043  5069  5068  1
6053    2696  3039  3077  1
6054    3156  3075  3024  1
6055    3043  3078  3157  1
6056    3083  3088  2958  1
6057    3046  3049  3079  1
6058    3084  3088  3080  1
6059    3160  3044  2953  1
6060    2958  3081  3079  1
6061    2945  3082  2963  1
6062    3084  3081  3088  1
6063    3082  3081  3084  1
6064    2958  3093  3098  1
6065    3175  2958  3098  1
6066    3164  3378  3162  1
6067    2997  3092  2979  1
6068    3393  3545  3496  1
6069    3284  3087  3168  1
6070    3099  3092  2998  1
6071    3160  3089  3090  1
6072    3090  3086  3091  1
6073    3285  3286  3173  1
6074    2958  3088  3081  1
6075    3097  3088  3083  1
6076    3094  3082  3084  1
6077    3090  3089  3086  1
6078    3086  3170  3169  1
6079    3024  3075  3160  1
6080    3169  3091  3086  1
6081    3159  3090  3091  1
6082    3161  3167  3087  1
6083    3084  3161  3094  1
6084    3054  3095  3055  1
6085    3169  3284  3172  1
6086    3089  3094  3086  1
6087    3161  3084  3080  1
6088    3080  3162  3161  1
6089    3099  3296  3056  1
6090    3080  3088  3097  1
6091    3095  3049  3051  1
6092    2958  3175  3083  1
6093    3172  3284  3171  1
6094    3296  3099  2998  1
6095    3285  3288  3098  1
6096    3055  3099  3056  1
6097    3180  3187  3186  1
6098    3303  3380  3622  1
6099    2893  3101  3007  1
6100    3178  3101  3057  1
6101    3207  2758  3307  1
6102    3207  3202  3206  1
6103    2758  3103  3010  1
6104    3057  3103  3102  1
6105    3198  3203  3189  1
6106    3004  3180  3186  1
6107    3314  3013  2701  1
6108    3177  3219  3210  1
6109    3312  3313  3105  1
6110    5037  3107  3106  1
6111    3215  3016  2899  1
6112    5037  3106  3220  1
6113    2517  3108  3074  1
6114    3221  3108  2678  1
6115    2808  2692  2674  1
6116    3137  3247  3134  1
6117    3118  3113  3115  1
6118    3119  3137  3134  1
6119    2798  3227  3228  1
6120    3112  3116  3128  1
6121    3122  3123  3121  1
6122    3112  3128  3135  1
6123    3131  3129  3331  1
6124    2858  3113  3118  1
6125    3234  3111  3235  1
6126    3072  3069  3117  1
6127    3115  3112  3118  1
6128    3131  3126  3136  1
6129    3115  3116  3112  1
6130    3119  3110  2757  1
6131    3115  3113  2910  1
6132    3135  3122  3112  1
6133    3114  2858  3121  1
6134    2909  3113  2858  1
6135    3110  3117  3069  1
6136    2858  3118  3121  1
6137    3333  3337  3245  1
6138    3122  3121  3118  1
6139    3112  3122  3118  1
6140    3122  3120  3123  1
6141    3123  3120  3339  1
6142    3114  3123  3111  1
6143    3120  3122  3135  1
6144    3145  2917  3144  1
6145    3119  3109  3127  1
6146    3222  3109  2674  1
6147    3246  2915  3133  1
6148    3136  3326  3130  1
6149    3323  3109  3222  1
6150    3137  3127  3125  1
6151    3119  3134  3110  1
6152    3131  3136  3128  1
6153    3116  3110  3132  1
6154    3132  3110  3134  1
6155    3327  3687  3336  1
6156    3135  3340  3120  1
6157    3132  3128  3116  1
6158    3129  3246  3331  1
6159    3129  3131  3132  1
6160    3132  3131  3128  1
6161    3331  3332  3327  1
6162    3332  3331  3133  1
6163    3119  3127  3137  1
6164    3129  3132  3134  1
6165    3136  3135  3128  1
6166    3135  3130  3340  1
6167    3326  3136  3126  1
6168    3135  3136  3130  1
6169       7  3138  3139  1
6170    3247  3138  3341  1
6171    3341  3246  3247  1
6172    3125  3139  3137  1
6173    3138  3137  3139  1
6174    3229  3232  3233  1
6175    3258  3261  3150  1
6176    3230  3262  3228  1
6177    3147  3249  3250  1
6178    3248  3142  2635  1
6179    3142  3141  3249  1
6180    3149  3146  3035  1
6181    3256  3491  3148  1
6182    3037  3028  3144  1
6183    3145  3144  3028  1
6184    3146  3028  3035  1
6185    3145  3143  3493  1
6186    3146  3149  3148  1
6187    3143  3145  3146  1
6188    3149  3035  3251  1
6189    3146  3148  3143  1
6190    3147  3252  3256  1
6191    3258  3256  3253  1
6192    3071  3251  3035  1
6193    3147  3148  3149  1
6194    3140  3255  3233  1
6195    3272  3150  3261  1
6196    3252  3253  3256  1
6197    3351  3375  3150  1
6198    3153  3152  3045  1
6199    3154  3152  3078  1
6200    3029  3153  3045  1
6201    3153  3075  3156  1
6202    3283  3159  3282  1
6203    3043  3154  3078  1
6204    5067  3077  5068  1
6205    3155  5067  5068  1
6206    3024  3159  3283  1
6207    3043  3157  2951  1
6208    3157  3156  3283  1
6209    3157  3158  2951  1
6210    3157  3078  3156  1
6211    3159  2961  3282  1
6212    3090  3159  3024  1
6213    2961  3159  3091  1
6214    3024  3160  3090  1
6215    3162  3080  3097  1
6216    3170  3161  3087  1
6217    3164  3162  3097  1
6218    3378  3163  3377  1
6219    3290  3083  3175  1
6220    3165  3580  3164  1
6221    3164  3097  3292  1
6222    3532  3496  3394  1
6223    3292  3289  3294  1
6224    3570  3573  3569  1
6225    3096  3171  3284  1
6226    3284  3169  3087  1
6227    3162  3167  3161  1
6228    3168  3167  3378  1
6229    3087  3167  3168  1
6230    3164  3163  3378  1
6231    3170  3086  3094  1
6232    3096  3284  3168  1
6233    3161  3170  3094  1
6234    3087  3169  3170  1
6235    3091  3172  2961  1
6236    3172  3091  3169  1
6237    2961  3172  3171  1
6238    3056  3296  3298  1
6239    3305  3306  3304  1
6240    3395  3396  3085  1
6241    3083  3289  3097  1
6242    3288  3175  3098  1
6243    3290  3175  3174  1
6244    3299  3296  2998  1
6245    3173  3287  3298  1
6246    3308  3211  3307  1
6247    3181  3104  3178  1
6248    3102  3206  3182  1
6249    3180  3178  3104  1
6250    3200  3209  3199  1
6251    3200  3199  3205  1
6252    3187  3185  3186  1
6253    3184  3180  3004  1
6254    3182  3178  3057  1
6255    3181  3179  3194  1
6256    3102  3182  3057  1
6257    3179  3181  3182  1
6258    3191  3193  3198  1
6259    3192  5038  3190  1
6260    3006  3184  3004  1
6261    3178  3184  2999  1
6262    3183  3701  3700  1
6263    2990  3005  3188  1
6264    3187  3180  3104  1
6265    3186  3185  3188  1
6266    3193  3191  3192  1
6267    3700  3190  3183  1
6268    3901  3197  3188  1
6269    2997  3196  2995  1
6270    3354  3352  3353  1
6271    3352  3348  3267  1
6272    3185  3187  3190  1
6273    3192  3190  3187  1
6274    3187  3193  3192  1
6275    3406  3411  3189  1
6276    3193  3187  3104  1
6277    3191  3439  5038  1
6278    3194  3104  3181  1
6279    3104  3194  3193  1
6280    3202  3208  3209  1
6281    3198  3189  3624  1
6282    3381  3382  3380  1
6283    3297  3302  3381  1
6284    2990  3188  3196  1
6285    3197  3196  3188  1
6286    3901  3188  3185  1
6287    3197  3195  3300  1
6288    3194  3204  3193  1
6289    3194  3179  3200  1
6290    3312  3105  3217  1
6291    3198  3204  3203  1
6292    3202  3200  3179  1
6293    3402  3199  3401  1
6294    3199  3209  3213  1
6295    3832  3311  3216  1
6296    3206  3202  3179  1
6297    3202  3177  3208  1
6298    3198  3193  3204  1
6299    3404  3201  3403  1
6300    3200  3204  3194  1
6301    3201  3203  3204  1
6302    3201  3204  3205  1
6303    3200  3205  3204  1
6304    3182  3206  3179  1
6305    3207  3206  3102  1
6306    2758  3207  3102  1
6307    3202  3207  3177  1
6308    3177  3210  3208  1
6309    3061  3459  3213  1
6310    3202  3209  3200  1
6311    3213  3209  3208  1
6312    3211  3219  3307  1
6313    3061  3208  3210  1
6314    2666  3021  5037  1
6315    3218  3106  3105  1
6316    3311  3831  3459  1
6317    3213  3401  3199  1
6318    3061  3213  3208  1
6319    3401  3213  3212  1
6320    3013  3314  3217  1
6321    3215  3105  3106  1
6322    2899  3214  3215  1
6323    3105  3215  3214  1
6324    3879  3853  3873  1
6325    3201  3402  3403  1
6326    3013  3217  3214  1
6327    3312  3216  3311  1
6328    3219  3061  3210  1
6329    3220  3218  3219  1
6330    3220  3219  3211  1
6331    3061  3219  3218  1
6332    5037  3211  2666  1
6333    3106  3218  3220  1
6334    2679  3221  2678  1
6335    3119  3221  3109  1
6336    2806  3224  2810  1
6337    3322  3125  3323  1
6338    2693  3224  2809  1
6339    3033  3114  3226  1
6340    2805  2715  3321  1
6341    3320  3461  3318  1
6342    3229  3255  3254  1
6343    2722  3318  2691  1
6344    3111  3234  3114  1
6345    2798  3226  3227  1
6346    3226  3114  3234  1
6347    3228  3223  3230  1
6348    2798  3228  2916  1
6349    3235  3223  3234  1
6350    3252  3250  3255  1
6351    3239  3232  3230  1
6352    3229  3254  3262  1
6353    3333  3334  3337  1
6354    3257  3260  3265  1
6355    3239  3230  3223  1
6356    3232  3231  3233  1
6357    3235  3240  3231  1
6358    3265  3342  3263  1
6359    3223  3227  3234  1
6360    3234  3227  3226  1
6361    3236  3111  3124  1
6362    3231  3232  3239  1
6363    3238  3236  3124  1
6364    3236  3238  3240  1
6365    3260  3259  3140  1
6366    3241  3343  3240  1
6367    3339  3245  3337  1
6368    3241  3240  3238  1
6369    3223  3235  3239  1
6370    3231  3239  3235  1
6371    3236  3240  3235  1
6372    3238  3463  3241  1
6373    3243  3241  3237  1
6374    3342  3343  3344  1
6375    3484  3488  3482  1
6376    3278  3280  3271  1
6377    3373  3479  3482  1
6378    3344  3478  3270  1
6379    3480  3463  3462  1
6380    3335  3333  3328  1
6381    3328  3130  3326  1
6382    3329  3335  3336  1
6383    3246  3129  3247  1
6384    3070  3248  2635  1
6385    3134  3247  3129  1
6386    3138  3247  3137  1
6387    3248  2916  3262  1
6388    3249  3141  3250  1
6389    3149  3249  3147  1
6390    3254  3250  3141  1
6391    3255  3250  3254  1
6392    3034  3249  3251  1
6393    3149  3251  3249  1
6394    3252  3140  3253  1
6395    3147  3250  3252  1
6396    3259  3260  3257  1
6397    3150  3151  3258  1
6398    3248  3254  3141  1
6399    3262  2916  3228  1
6400    3233  3255  3229  1
6401    3252  3255  3140  1
6402    3256  3151  3491  1
6403    3147  3256  3148  1
6404    3264  3266  3268  1
6405    3261  3258  3259  1
6406    3256  3258  3151  1
6407    3259  3258  3253  1
6408    3140  3259  3253  1
6409    3259  3257  3261  1
6410    3140  3233  3260  1
6411    3265  3260  3233  1
6412    3266  3261  3257  1
6413    3272  3273  3269  1
6414    3229  3262  3230  1
6415    3248  3262  3254  1
6416    3233  3231  3342  1
6417    3268  3266  3257  1
6418    3264  3268  3271  1
6419    3275  3367  3345  1
6420    3342  3265  3233  1
6421    3257  3265  3263  1
6422    3257  3263  3268  1
6423    3277  3269  3273  1
6424    3592  3613  3733  1
6425    3492  3493  3374  1
6426    3263  3270  3268  1
6427    3268  3242  3271  1
6428    3261  3273  3272  1
6429    3347  3269  3345  1
6430    3270  3263  3344  1
6431    3242  3268  3270  1
6432    3278  3373  3488  1
6433    3271  3242  3278  1
6434    3273  3261  3266  1
6435    3351  3347  3349  1
6436    3264  3357  3266  1
6437    3357  3356  3273  1
6438    4381  4213  4220  1
6439    3356  3358  3364  1
6440    3280  3359  3271  1
6441    3356  3275  3277  1
6442    3278  3478  3373  1
6443    3276  3488  3695  1
6444    3356  3277  3273  1
6445    3345  3277  3275  1
6446    3278  3242  3478  1
6447    3695  3696  3276  1
6448    4117  3895  4118  1
6449    3362  3358  3279  1
6450    3276  3280  3278  1
6451    3279  3358  3359  1
6452    3349  3347  3346  1
6453    3469  3472  3281  1
6454    2961  3158  3282  1
6455    3158  3157  3283  1
6456    3283  3156  3024  1
6457    3158  3283  3282  1
6458    3286  3285  3098  1
6459    3096  3168  3166  1
6460    3392  3285  3173  1
6461    3093  3286  3098  1
6462    3286  3054  3287  1
6463    3298  3287  3056  1
6464    3286  3287  3173  1
6465    3396  3288  3085  1
6466    3175  3288  3174  1
6467    3293  3289  3174  1
6468    3164  3292  3165  1
6469    3174  3289  3290  1
6470    3083  3290  3289  1
6471    3285  3392  3085  1
6472    5040  3496  3545  1
6473    3097  3289  3292  1
6474    3289  3293  3294  1
6475    3397  3174  3396  1
6476    3295  3293  3397  1
6477    3498  3543  5040  1
6478    3292  3294  3165  1
6479    3392  3533  3395  1
6480    3502  3558  3499  1
6481    3296  3299  3297  1
6482    3296  3176  3298  1
6483    3300  3297  3299  1
6484    3300  3302  3297  1
6485    3303  3304  3380  1
6486    3298  3176  3304  1
6487    2997  3299  2998  1
6488    3300  3299  2995  1
6489    3300  2995  3196  1
6490    3302  3300  3699  1
6491    3183  3630  3701  1
6492    3384  3385  3383  1
6493    3699  3300  3195  1
6494    3382  3381  3301  1
6495    3391  3388  3384  1
6496    3306  3173  3298  1
6497    3380  3304  3176  1
6498    3305  3304  3303  1
6499    3100  3384  3388  1
6500    3533  3529  3526  1
6501    3304  3306  3298  1
6502    3392  3306  3305  1
6503    3207  3307  3177  1
6504    3308  3307  2758  1
6505    2758  2540  3309  1
6506    3211  3308  2666  1
6507    2666  3308  3309  1
6508    3309  3308  2758  1
6509    3403  3828  3407  1
6510    3346  3354  3355  1
6511    3061  3218  3313  1
6512    3648  3831  3832  1
6513    3216  3312  3217  1
6514    3311  3459  3313  1
6515    3105  3313  3218  1
6516    3311  3313  3312  1
6517    2701  3856  3834  1
6518    3217  3314  3216  1
6519    3316  3322  3222  1
6520    3222  2692  3316  1
6521    2692  2810  3316  1
6522    3317  3316  2810  1
6523    3320  3318  3225  1
6524    3316  3324  3322  1
6525    2694  3320  3225  1
6526    3317  3320  2694  1
6527    3461  3317  2810  1
6528    3321  3319  3318  1
6529    3125  3322  3325  1
6530    3319  3321  2304  1
6531    3325     7  3139  1
6532    3109  3323  3127  1
6533    3222  3322  3323  1
6534    3317  3324  3316  1
6535    3325  3324  3315  1
6536    3324  3325  3322  1
6537    3315     7  3325  1
6538    3327  3326  3126  1
6539    3327  3336  3326  1
6540    3327  3126  3331  1
6541    3244  3685  3688  1
6542    3328  3336  3335  1
6543    3328  3245  3340  1
6544    3697  3681  3682  1
6545    3328  3333  3245  1
6546    3237  3241  3463  1
6547    3334  3333  3330  1
6548    3131  3331  3126  1
6549    3246  3133  3331  1
6550    3133  2912  3332  1
6551    3687  3332  2912  1
6552    3334  3330  3652  1
6553    3689  3685  3244  1
6554    3338  3238  3124  1
6555    3336  3328  3326  1
6556    3687  3686  3329  1
6557    3327  3332  3687  1
6558    3687  3329  3336  1
6559    3334  3463  3338  1
6560    3339  3337  3124  1
6561    3124  3337  3338  1
6562    3334  3338  3337  1
6563    3123  3339  3124  1
6564    3340  3339  3120  1
6565    3328  3340  3130  1
6566    3339  3340  3245  1
6567    3138  2915  3341  1
6568    3246  3341  2915  1
6569    3343  3231  3240  1
6570    3343  3243  3344  1
6571    3243  3343  3241  1
6572    3231  3343  3342  1
6573    3243  3478  3344  1
6574    3263  3342  3344  1
6575    3347  3345  3348  1
6576    3277  3345  3269  1
6577    3346  3347  3348  1
6578    3348  3354  3346  1
6579    3348  3345  3267  1
6580    3346  3469  3349  1
6581    3356  3365  3275  1
6582    3468  3464  3467  1
6583    3375  3376  3374  1
6584    3272  3351  3150  1
6585    3382  3384  3100  1
6586    3189  3203  3404  1
6587    3269  3351  3272  1
6588    3376  3349  3281  1
6589    3366  3369  3367  1
6590    3464  3352  3473  1
6591    3460  3841  3843  1
6592    3469  3281  3349  1
6593    3352  3354  3348  1
6594    3355  3354  3353  1
6595    3353  3352  3464  1
6596    2917  3493  3492  1
6597    3358  3264  3359  1
6598    3358  3356  3264  1
6599    3266  3357  3273  1
6600    3264  3356  3357  1
6601    3699  3698  3301  1
6602    3364  3358  3362  1
6603    3271  3359  3264  1
6604    3279  3359  3280  1
6605    3369  3371  3372  1
6606    3369  3352  3267  1
6607    3694  3481  3487  1
6608    3280  3696  3279  1
6609    4366  4365  4367  1
6610    3361  4363  3364  1
6611    4361  4364  4363  1
6612    3366  3367  3365  1
6613    3361  3364  3362  1
6614    3364  3363  3365  1
6615    3364  3365  3356  1
6616    3365  3363  3366  1
6617    4361  4363  3361  1
6618    3367  3369  3267  1
6619    3345  3367  3267  1
6620    3365  3367  3275  1
6621    4116  4199  4462  1
6622    4310  4173  4308  1
6623    3371  3369  3366  1
6624    3369  3372  3473  1
6625    3366  5051  3371  1
6626    3473  3372  4446  1
6627    5051  3366  3363  1
6628    3371  3370  3372  1
6629    3474  3370  4473  1
6630    3474  3372  3370  1
6631    3237  3479  3243  1
6632    3373  3478  3479  1
6633    3151  3150  3375  1
6634    3374  3281  3492  1
6635    3351  3349  3376  1
6636    3375  3374  3491  1
6637    3374  3376  3281  1
6638    3351  3376  3375  1
6639    2444  3166  3377  1
6640    3166  3168  3378  1
6641    3378  3167  3162  1
6642    3166  3378  3377  1
6643    3499  3398  3399  1
6644    3570  3576  3165  1
6645    3380  3176  3381  1
6646    3622  3380  3100  1
6647    3297  3381  3176  1
6648    3301  3381  3302  1
6649    3503  3385  3384  1
6650    3380  3382  3100  1
6651    3430  3427  3445  1
6652    3396  3398  3379  1
6653    3503  3382  3301  1
6654    3389  3387  3388  1
6655    3302  3699  3301  1
6656    3417  3437  3419  1
6657    3625  3191  3624  1
6658    3451  3584  3435  1
6659    3529  3390  3528  1
6660    3390  3622  3388  1
6661    3391  3384  3383  1
6662    3387  3521  3388  1
6663    3383  3385  3628  1
6664    3536  3563  3505  1
6665    3590  3608  3585  1
6666    3575  3614  3508  1
6667    3626  3391  3383  1
6668    3388  3391  3389  1
6669    3306  3392  3173  1
6670    3527  3528  3519  1
6671    3548  3539  3549  1
6672    3394  3496  3291  1
6673    3294  3293  3295  1
6674    3396  3174  3288  1
6675    3533  3392  3305  1
6676    3396  3395  3394  1
6677    3291  3396  3394  1
6678    3569  3558  3557  1
6679    3174  3397  3293  1
6680    3379  3499  3295  1
6681    3735  3607  3578  1
6682    3558  3502  3501  1
6683    3291  3398  3396  1
6684    3499  3379  3398  1
6685    3291  5040  3398  1
6686    3393  3523  3530  1
6687    3212  3831  3649  1
6688    3402  3401  3310  1
6689    3403  3402  3310  1
6690    3205  3402  3201  1
6691    3406  3409  3405  1
6692    3408  3414  3415  1
6693    3201  3404  3203  1
6694    3407  3409  3403  1
6695    3650  3829  3310  1
6696    3441  3433  3454  1
6697    3403  3406  3404  1
6698    3410  3411  3412  1
6699    3831  3212  3459  1
6700    3468  3353  3464  1
6701    3414  3408  3410  1
6702    3419  3434  3408  1
6703    3403  3409  3406  1
6704    3955  3409  3407  1
6705    3412  3406  3405  1
6706    3444  3625  3408  1
6707    3412  3411  3406  1
6708    3624  3411  3410  1
6709    3413  4121  4120  1
6710    3410  3412  3414  1
6711    3955  3405  3409  1
6712    3417  3427  3430  1
6713    3405  3975  4222  1
6714    3414  4121  3415  1
6715    3413  3420  3415  1
6716    3408  3415  3419  1
6717    3955  3976  3405  1
6718    3518  3563  3507  1
6719    3419  3422  3421  1
6720    3418  3433  3421  1
6721    3544  3586  3542  1
6722    3612  3441  3440  1
6723    3415  3420  3422  1
6724    3627  3417  3430  1
6725    3906  3420  3413  1
6726    3418  3421  3422  1
6727    3607  3584  3578  1
6728    3417  3419  3421  1
6729    3415  3422  3419  1
6730    3418  3422  3420  1
6731    3774  3730  3748  1
6732    4134  4132  3985  1
6733    3432  3536  3506  1
6734    3585  3536  3513  1
6735    3440  3905  3904  1
6736    3423  3593  3386  1
6737    3632  3746  3458  1
6738    3397  3379  3295  1
6739    3514  3442  3534  1
6740    3421  3427  3417  1
6741    3735  3513  3428  1
6742    3426  3744  3587  1
6743    3723  3639  3741  1
6744    3391  3626  3389  1
6745    3627  3429  3626  1
6746    3417  3627  3431  1
6747    3701  3630  3438  1
6748    3443  3437  3431  1
6749    3448  3563  3536  1
6750    4184  4179  4187  1
6751    3620  3646  3721  1
6752    3578  3513  3735  1
6753    3434  3437  3443  1
6754    3190  5038  3183  1
6755    3418  3420  3906  1
6756    3626  3511  3506  1
6757    3904  3905  3735  1
6758    3448  3737  3575  1
6759    3431  3437  3417  1
6760    3434  3419  3437  1
6761    3702  3431  3628  1
6762    3385  3503  3698  1
6763    3408  3434  3444  1
6764    3630  3444  3434  1
6765    3441  3599  4124  1
6766    3631  3446  3616  1
6767    3736  3589  3600  1
6768    3599  3454  3906  1
6769    3720  3616  3447  1
6770    3612  3421  3433  1
6771    3702  3443  3431  1
6772    3630  3443  3438  1
6773    3434  3443  3630  1
6774    3444  3439  3625  1
6775    3445  3429  3430  1
6776    3426  3509  3595  1
6777    3756  3727  3777  1
6778    3609  3613  3577  1
6779    3454  3433  3418  1
6780    3723  3741  3453  1
6781    3536  3585  3448  1
6782    3424  3425  3620  1
6783    3513  3536  3432  1
6784    3715  3535  3604  1
6785    3511  3432  3506  1
6786    3595  3740  3621  1
6787    3435  3509  3451  1
6788    3592  3733  3426  1
6789    3510  3455  3577  1
6790    3598  3743  3716  1
6791    3455  3597  3452  1
6792    3718  3615  3452  1
6793    3608  3590  3587  1
6794    3609  3577  3455  1
6795    3606  3771  3759  1
6796    3643  3779  3632  1
6797    3617  3456  3738  1
6798    3595  3592  3426  1
6799    3749  3453  3633  1
6800    3794  3727  3449  1
6801    3924  3705  4250  1
6802    3642  3918  3641  1
6803    3213  3459  3212  1
6804    3313  3459  3061  1
6805    3835  3216  3834  1
6806    3892  3969  3890  1
6807    3224  3461  2810  1
6808    3318  3461  2691  1
6809    3462  3489  3483  1
6810    3484  3482  3481  1
6811    3338  3463  3238  1
6812    3463  3334  3652  1
6813    3467  3464  3350  1
6814    3661  3655  3663  1
6815    4183  4337  4339  1
6816    3433  3441  3612  1
6817    4446  4337  3350  1
6818    3653  3353  3468  1
6819    4337  3467  3350  1
6820    3468  3467  3466  1
6821    3676  3466  4336  1
6822    3471  3659  3661  1
6823    3346  3355  3469  1
6824    3655  3659  3657  1
6825    3353  3653  3355  1
6826    3468  3671  3653  1
6827    3355  3657  3659  1
6828    3471  5039  3495  1
6829    3659  3469  3355  1
6830    3492  3472  3471  1
6831    3464  3473  3350  1
6832    3369  3473  3352  1
6833    3368  3477  3474  1
6834    4338  4446  3474  1
6835    4211  4196  4205  1
6836    3977  4226  4122  1
6837    4477  4472  4473  1
6838    3475  4484  4340  1
6839    4480  3368  4467  1
6840    4338  3477  3476  1
6841    3478  3242  3270  1
6842    3479  3478  3243  1
6843    3480  3237  3463  1
6844    3479  3237  3480  1
6845    3481  3482  3485  1
6846    3482  3479  3485  1
6847    3483  3480  3462  1
6848    3481  3485  3490  1
6849    3485  3479  3480  1
6850    3691  3894  3896  1
6851    3685  3683  3684  1
6852    3681  3483  3489  1
6853    3694  3691  3898  1
6854    3484  3695  3488  1
6855    3480  3483  3485  1
6856    3485  3483  3490  1
6857    3490  3681  3697  1
6858    3682  3486  2764  1
6859    3693  3274  3894  1
6860    3490  3697  3487  1
6861    3278  3488  3276  1
6862    3482  3488  3373  1
6863    3462  3652  3684  1
6864    3486  3681  3683  1
6865    3681  3490  3483  1
6866    3487  3697  3900  1
6867    3491  3143  3148  1
6868    3375  3491  3151  1
6869    3472  3492  3281  1
6870    3471  3661  5039  1
6871    3145  3493  2917  1
6872    3491  3493  3143  1
6873    3494  3971  3969  1
6874    4112  3494  3969  1
6875    3471  3495  3492  1
6876    4112  3495  3494  1
6877    3586  3593  3542  1
6878    3541  3543  3498  1
6879    3396  3379  3397  1
6880    3295  3570  3294  1
6881    3502  3499  3399  1
6882    3377  3163  3581  1
6883    3530  3538  3498  1
6884    3703  3826  3560  1
6885    3541  3498  3538  1
6886    3555  3557  3501  1
6887    3399  3543  3540  1
6888    3558  3501  3557  1
6889    3382  3503  3384  1
6890    3698  3503  3301  1
6891    3504  3195  3700  1
6892    3702  3504  3701  1
6893    3387  3389  3505  1
6894    3506  3505  3389  1
6895    3506  3389  3626  1
6896    3429  3445  3428  1
6897    3589  3736  3416  1
6898    3386  3600  3537  1
6899    3590  3451  3587  1
6900    3440  3441  3743  1
6901    3637  3450  3592  1
6902    4145  4022  4144  1
6903    3631  3617  3609  1
6904    3513  3432  3428  1
6905    3617  3631  3456  1
6906    3522  3527  3519  1
6907    3509  3740  3595  1
6908    3445  3427  3612  1
6909    3916  3593  3636  1
6910    3521  3518  3519  1
6911    3902  3442  3514  1
6912    3523  3514  3534  1
6913    3528  3521  3519  1
6914    3505  3518  3387  1
6915    3740  3509  3435  1
6916    3916  3645  3646  1
6917    3458  3724  3730  1
6918    3505  3563  3518  1
6919    3536  3505  3506  1
6920    3518  3515  3519  1
6921    3507  3515  3518  1
6922    3519  3515  3522  1
6923    3752  3924  3732  1
6924    3621  3458  3746  1
6925    3388  3521  3390  1
6926    3518  3521  3387  1
6927    3514  3523  3522  1
6928    3531  3527  3523  1
6929    3516  3537  3589  1
6930    3393  3531  3523  1
6931    3782  3640  3766  1
6932    3741  3718  3453  1
6933    3429  3428  3511  1
6934    3508  3416  3736  1
6935    3531  3393  3532  1
6936    3303  3622  3529  1
6937    3523  3527  3522  1
6938    3528  3527  3526  1
6939    3528  3526  3529  1
6940    3528  3390  3521  1
6941    3533  3526  3532  1
6942    3305  3303  3529  1
6943    3538  3530  3525  1
6944    3498  3545  3530  1
6945    3393  3496  3532  1
6946    3527  3531  3526  1
6947    3394  3395  3533  1
6948    3526  3531  3532  1
6949    3529  3533  3305  1
6950    3533  3532  3394  1
6951    3525  3530  3534  1
6952    3523  3534  3530  1
6953    3614  3608  3744  1
6954    3906  3454  3418  1
6955    3428  3432  3511  1
6956    3737  3448  3585  1
6957    3424  3535  3711  1
6958    3502  3540  3501  1
6959    3386  3442  3600  1
6960    3548  3540  3539  1
6961    3544  3538  3525  1
6962    3541  3542  3539  1
6963    3399  3540  3502  1
6964    3548  3547  3540  1
6965    3541  3538  3544  1
6966    3543  3541  3539  1
6967    3712  3601  3425  1
6968    3501  3540  3547  1
6969    3540  3543  3539  1
6970    3543  3399  5040  1
6971    3608  3614  3575  1
6972    3541  3544  3542  1
6973    3545  3498  5040  1
6974    3393  3530  3545  1
6975    3548  3549  3713  1
6976    3555  3550  3500  1
6977    3550  3547  3546  1
6978    3555  3547  3550  1
6979    3549  3539  3542  1
6980    3546  3547  3548  1
6981    3525  3386  3544  1
6982    3775  3816  3551  1
6983    3560  3546  3553  1
6984    3554  3500  3550  1
6985    3549  3542  3574  1
6986    3546  3711  3553  1
6987    3815  3610  3552  1
6988    3554  3560  3826  1
6989    3903  3736  3902  1
6990    3703  3553  3551  1
6991    3560  3554  3550  1
6992    3618  3827  3786  1
6993    3573  3295  3499  1
6994    3501  3547  3555  1
6995    3561  3568  3566  1
6996    3580  3576  3582  1
6997    3565  3555  3500  1
6998    3557  3572  3569  1
6999    3706  3565  3566  1
7000    3499  3558  3573  1
7001    3446  3631  3609  1
7002    3424  3712  3425  1
7003    3546  3560  3550  1
7004    3560  3553  3703  1
7005    3572  3707  3708  1
7006    3564  3566  3554  1
7007    3825  3823  3561  1
7008    3568  3706  3566  1
7009    3456  3416  3738  1
7010    3423  3386  3537  1
7011    3734  3597  3510  1
7012    3564  3561  3566  1
7013    3555  3565  3557  1
7014    3566  3565  3500  1
7015    3566  3500  3554  1
7016    3294  3570  3165  1
7017    3497  3556  3571  1
7018    3163  3580  3581  1
7019    3561  3571  3568  1
7020    3706  3557  3565  1
7021    3569  3567  3570  1
7022    3562  3708  3707  1
7023    3576  3570  3567  1
7024    3707  3571  3556  1
7025    3706  3707  3572  1
7026    3567  3569  3572  1
7027    3569  3573  3558  1
7028    3295  3573  3570  1
7029    3525  3442  3386  1
7030    3711  3546  3713  1
7031    3735  3905  3607  1
7032    3386  3593  3586  1
7033    3708  3562  3579  1
7034    3164  3580  3163  1
7035    3733  3594  3744  1
7036    3594  3614  3744  1
7037    3559  3584  3590  1
7038    3637  3746  3739  1
7039    3709  3579  3562  1
7040    2444  3581  3710  1
7041    3165  3576  3580  1
7042    3580  3582  3581  1
7043    3710  3581  3582  1
7044    3377  3581  2444  1
7045    3567  3582  3576  1
7046    3579  3710  3567  1
7047    3646  3645  3721  1
7048    3559  3513  3578  1
7049    3729  3436  3756  1
7050    3426  3587  3509  1
7051    3722  3756  3436  1
7052    3601  3574  3542  1
7053    3513  3559  3585  1
7054    3601  3542  3593  1
7055    3583  3783  3512  1
7056    3554  3826  3564  1
7057    3743  3598  3583  1
7058    3424  3620  3535  1
7059    3455  3510  3597  1
7060    3645  3750  3721  1
7061    3783  3598  3771  1
7062    3726  3724  3740  1
7063    3592  3595  3621  1
7064    3769  3760  3457  1
7065    3456  3616  3720  1
7066    3747  3447  3524  1
7067    3762  3770  3729  1
7068    3715  3711  3535  1
7069    3441  3454  3599  1
7070    3789  3755  3777  1
7071    3740  3724  3458  1
7072    3584  3559  3578  1
7073    4025  4024  4030  1
7074    3452  3597  3640  1
7075    3787  3912  3752  1
7076    3520  3447  3616  1
7077    3609  3617  3613  1
7078    3637  3592  3621  1
7079    3738  3614  3594  1
7080    3724  3726  3748  1
7081    3584  3607  3512  1
7082    3588  3745  3620  1
7083    3428  3445  3904  1
7084    3535  3620  3745  1
7085    3902  3736  3600  1
7086    3602  3551  3604  1
7087    3564  3825  3561  1
7088    3605  3775  3602  1
7089    3553  3715  3551  1
7090    3424  3711  3712  1
7091    3605  3751  3719  1
7092    3619  3824  3610  1
7093    3509  3587  3451  1
7094    4174  5042  4088  1
7095    3512  3435  3584  1
7096    3516  3456  3720  1
7097    3712  3574  3601  1
7098    3514  3522  3515  1
7099    3416  3516  3589  1
7100    3510  3577  3450  1
7101    3552  3610  3812  1
7102    3571  3823  3497  1
7103    3721  3436  3588  1
7104    3510  3911  3908  1
7105    3617  3733  3613  1
7106    3743  3441  3716  1
7107    4128  3977  4123  1
7108    3615  3741  3520  1
7109    3589  3537  3600  1
7110    3447  3636  3720  1
7111    3450  3577  3613  1
7112    3746  3591  3739  1
7113    3421  3612  3427  1
7114    3455  3452  3615  1
7115    3738  3594  3617  1
7116    3583  3512  3607  1
7117    3812  3400  3552  1
7118    3619  3610  3603  1
7119    3903  3902  3514  1
7120    3795  4088  3611  1
7121    3602  3604  3745  1
7122    3451  3590  3584  1
7123    3733  3744  3426  1
7124    3613  3592  3450  1
7125    3388  3622  3100  1
7126    3529  3622  3390  1
7127    3310  3649  3650  1
7128    3673  3893  3665  1
7129    3411  3624  3189  1
7130    3625  3624  3410  1
7131    3625  3410  3408  1
7132    3191  3625  3439  1
7133    3627  3626  3383  1
7134    3626  3429  3511  1
7135    3429  3627  3430  1
7136    3628  3627  3383  1
7137    3628  3385  3702  1
7138    3627  3628  3431  1
7139    3957  3842  3872  1
7140    3801  3793  3932  1
7141    5038  3630  3183  1
7142    3444  3630  3439  1
7143    3612  3440  3904  1
7144    3455  3446  3609  1
7145    4077  4070  4072  1
7146    3989  3996  3998  1
7147    3720  3636  3423  1
7148    4385  3774  3764  1
7149    3436  3721  3750  1
7150    3742  3767  3719  1
7151    3761  3742  3755  1
7152    3779  3910  3591  1
7153    3762  3729  3757  1
7154    4047  3788  3922  1
7155    3746  3637  3621  1
7156    3726  3740  3435  1
7157    4227  4386  4384  1
7158    3741  3639  3524  1
7159    3452  3640  3718  1
7160    3884  3882  3886  1
7161    3926  3809  3793  1
7162    3757  3729  3756  1
7163    3724  3748  3730  1
7164    3640  3782  3633  1
7165    3596  4254  3732  1
7166    3979  3980  3781  1
7167    3912  3517  3705  1
7168    3741  3615  3718  1
7169    3730  3643  3632  1
7170    3753  3634  3772  1
7171    3776  3449  3723  1
7172    3729  3588  3436  1
7173    3620  3425  3646  1
7174    3449  3776  3794  1
7175    3769  3763  3643  1
7176    3777  3755  3756  1
7177    3650  3651  3953  1
7178    3401  3649  3310  1
7179    3212  3649  3401  1
7180    3650  3649  3648  1
7181    3651  3650  3648  1
7182    3650  3623  3829  1
7183    3837  3648  3832  1
7184    3843  3953  3460  1
7185    3652  3330  3684  1
7186    3463  3652  3462  1
7187    3676  3678  3679  1
7188    3355  3653  3657  1
7189    3656  3679  3654  1
7190    3664  3670  3675  1
7191    3657  3653  3658  1
7192    3658  3662  3655  1
7193    3676  3468  3466  1
7194    3658  3656  3662  1
7195    3653  3671  3658  1
7196    3655  3661  3659  1
7197    3662  3660  3655  1
7198    3655  3657  3658  1
7199    3471  3472  3659  1
7200    3659  3472  3469  1
7201    3673  3666  3670  1
7202    3663  3665  3470  1
7203    3663  3655  3660  1
7204    3661  3470  5039  1
7205    3656  3654  3662  1
7206    3669  3662  3654  1
7207    3666  3665  3663  1
7208    3470  3661  3663  1
7209    3660  3668  3666  1
7210    3846  3672  3848  1
7211    3666  3663  3660  1
7212    3891  3664  3888  1
7213    3669  3667  3668  1
7214    3666  3668  3670  1
7215    4095  4101  3968  1
7216    3835  3836  3837  1
7217    3669  3668  3660  1
7218    3670  3668  3667  1
7219    3662  3669  3660  1
7220    3654  4096  4098  1
7221    3858  3870  3967  1
7222    3673  3670  3664  1
7223    3680  3468  3676  1
7224    3658  3671  3656  1
7225    4095  4096  4101  1
7226    3842  3850  3852  1
7227    3664  3891  3893  1
7228    3666  3673  3665  1
7229    3670  3966  3675  1
7230    3837  3836  3460  1
7231    3966  3670  3667  1
7232    3888  3674  3853  1
7233    3676  3465  3678  1
7234    3680  3671  3468  1
7235    3883  3880  3858  1
7236    3851  3874  3849  1
7237    3678  3465  4191  1
7238    3679  3678  3677  1
7239    3679  3677  4099  1
7240    3656  3671  3680  1
7241    3676  3679  3680  1
7242    3656  3680  3679  1
7243    3683  3681  3489  1
7244    3694  3484  3481  1
7245    3684  3683  3489  1
7246    3486  3682  3681  1
7247    3244  3486  3689  1
7248    3684  3489  3462  1
7249    3684  3330  3685  1
7250    3335  3690  3333  1
7251    3690  3329  3688  1
7252    3688  3329  3686  1
7253    3690  3330  3333  1
7254    3244  3688  3686  1
7255    3686  3687  2912  1
7256    3688  3685  3690  1
7257    3486  3683  3689  1
7258    3685  3689  3683  1
7259    3690  3335  3329  1
7260    3685  3330  3690  1
7261    3487  3691  3694  1
7262    3487  3481  3490  1
7263    3696  3695  4463  1
7264    3900  3691  3487  1
7265    3691  3896  3898  1
7266    3695  3694  3692  1
7267    3694  3695  3484  1
7268    4366  4463  4365  1
7269    3276  3696  3280  1
7270    4463  3695  3692  1
7271    3900  3682  2764  1
7272    3900  2764  3693  1
7273    3702  3698  3504  1
7274    3195  3504  3699  1
7275    3699  3504  3698  1
7276    3901  3195  3197  1
7277    3700  3901  3190  1
7278    3702  3701  3438  1
7279    3700  3701  3504  1
7280    3438  3443  3702  1
7281    3698  3702  3385  1
7282    3603  3816  3775  1
7283    3551  3816  3703  1
7284    3603  3605  3619  1
7285    3816  3786  3827  1
7286    3633  3782  3749  1
7287    3571  3561  3823  1
7288    3707  3706  3568  1
7289    3557  3706  3572  1
7290    3571  3707  3568  1
7291    3562  3707  3556  1
7292    3710  3579  3709  1
7293    3567  3572  3708  1
7294    3710  3709  2444  1
7295    3567  3708  3579  1
7296    3567  3710  3582  1
7297    3712  3711  3713  1
7298    3549  3574  3712  1
7299    3903  3507  3575  1
7300    3608  3575  3737  1
7301    3548  3713  3546  1
7302    3549  3712  3713  1
7303    3586  3544  3386  1
7304    3525  3534  3442  1
7305    3551  3715  3604  1
7306    3553  3711  3715  1
7307    3416  3508  3614  1
7308    3614  3738  3416  1
7309    3730  3731  3643  1
7310    3450  3637  3739  1
7311    3770  3602  3745  1
7312    3930  3644  3788  1
7313    3646  3425  3916  1
7314    3520  3524  3447  1
7315    3930  3634  3644  1
7316    3800  3634  3728  1
7317    3722  3639  3449  1
7318    3633  3453  3718  1
7319    4011  3647  3993  1
7320    3605  3719  3619  1
7321    3747  3916  3447  1
7322    3435  3606  3726  1
7323    3640  3633  3718  1
7324    3520  3741  3524  1
7325    3705  3794  3776  1
7326    3764  3774  3748  1
7327    3912  3787  3517  1
7328    3446  3455  3615  1
7329    3780  3792  3457  1
7330    3766  3597  3734  1
7331    3722  3750  3639  1
7332    3416  3456  3516  1
7333    3919  3773  4036  1
7334    3762  3742  3751  1
7335    3755  3789  3728  1
7336    3930  3773  3754  1
7337    4122  3598  3716  1
7338    3449  3727  3722  1
7339    3593  3916  3601  1
7340    3604  3535  3745  1
7341    3615  3520  3616  1
7342    3448  3507  3563  1
7343    3617  3594  3733  1
7344    3759  3726  3606  1
7345    3591  3746  3632  1
7346    3950  3772  3806  1
7347    3977  4122  4123  1
7348    3743  3583  3905  1
7349    3621  3740  3458  1
7350    3448  3575  3507  1
7351    3817  3813  3799  1
7352    3456  3631  3616  1
7353    3510  3450  3911  1
7354    3585  3608  3737  1
7355    3779  3643  3763  1
7356    3516  3720  3423  1
7357    3747  3645  3916  1
7358    3608  3587  3744  1
7359    3725  4384  4385  1
7360    3636  3593  3423  1
7361    3909  3910  3979  1
7362    3435  3512  3606  1
7363    3446  3615  3616  1
7364    3903  3508  3736  1
7365    3588  3729  3745  1
7366    3585  3559  3590  1
7367    3734  3510  3908  1
7368    3537  3516  3423  1
7369    3794  3517  3777  1
7370    3620  3721  3588  1
7371    3758  3922  3732  1
7372    3790  3753  3772  1
7373    3639  3750  3524  1
7374    3766  3734  3918  1
7375    3449  3639  3723  1
7376    3774  3731  3730  1
7377    3755  3742  3757  1
7378    3756  3722  3727  1
7379    3436  3750  3722  1
7380    3751  3605  3602  1
7381    3917  3705  3776  1
7382    3730  3632  3458  1
7383    3808  3638  3754  1
7384    3645  3747  3750  1
7385    3742  3761  3767  1
7386    3596  3732  3924  1
7387    3770  3762  3751  1
7388    3756  3755  3757  1
7389    4226  3598  4122  1
7390    3764  3759  3725  1
7391    3750  3747  3524  1
7392    4393  3765  4388  1
7393    3917  3749  4250  1
7394    3810  3811  3923  1
7395    3982  3984  3986  1
7396    3725  3759  3771  1
7397    3787  3644  3800  1
7398    3794  3705  3517  1
7399    3729  3770  3745  1
7400    3761  3790  3767  1
7401    3726  3759  3748  1
7402    3512  3783  3606  1
7403    3800  3789  3787  1
7404    3783  3771  3606  1
7405    3704  3815  3552  1
7406    3789  3800  3728  1
7407    3760  3635  3796  1
7408    3453  3749  3917  1
7409    3760  3799  3457  1
7410    3759  3764  3748  1
7411    3634  3754  3638  1
7412    4242  3985  3988  1
7413    5043  4061  5042  1
7414    3742  3719  3751  1
7415    3762  3757  3742  1
7416    3635  3731  3774  1
7417    3908  3909  3984  1
7418    3917  3723  3453  1
7419    4145  4138  4140  1
7420    3924  3752  3912  1
7421    3643  3731  3769  1
7422    3751  3602  3770  1
7423    3457  3763  3769  1
7424    3760  3731  3635  1
7425    3799  3821  3457  1
7426    3769  3731  3760  1
7427    3950  4174  3795  1
7428    4318  4313  4299  1
7429    3619  3719  3611  1
7430    3789  3777  3517  1
7431    5044  3798  4023  1
7432    3753  3790  3761  1
7433    3781  3980  3792  1
7434    3598  3783  3583  1
7435    3790  3772  3950  1
7436    3767  3611  3719  1
7437    3632  3779  3591  1
7438    3787  3717  3644  1
7439    3824  3812  3610  1
7440    3979  3984  3909  1
7441    4228  4394  3771  1
7442    3790  3950  3795  1
7443    3761  3755  3728  1
7444    3825  3618  3954  1
7445    3795  3611  3767  1
7446    3789  3517  3787  1
7447    3827  3618  3785  1
7448    3641  3734  3908  1
7449    3634  3800  3644  1
7450    4146  4147  4256  1
7451    3603  3775  3605  1
7452    3933  3793  3803  1
7453    3766  4144  3782  1
7454    3761  3728  3753  1
7455    3611  3824  3619  1
7456    3725  4394  4384  1
7457    3797  3799  3813  1
7458    3457  3792  3763  1
7459    3792  3780  4242  1
7460    3919  3808  3754  1
7461    3766  3640  3597  1
7462    3923  3819  3926  1
7463    3815  3786  3603  1
7464    4145  3918  3642  1
7465    3802  4023  3798  1
7466    4390  3635  4384  1
7467    3791  3813  3817  1
7468    3818  3820  3813  1
7469    3821  3780  3457  1
7470    3982  3994  3995  1
7471    3812  3824  3952  1
7472    3760  3796  3817  1
7473    3799  3797  3822  1
7474    4265  4269  4259  1
7475    4039  4045  4041  1
7476    3773  3919  3754  1
7477    3826  3825  3564  1
7478    3808  3951  3806  1
7479    4510  4431  4433  1
7480    4144  4146  3782  1
7481    4171  4087  4325  1
7482    3638  3806  3772  1
7483    4061  3400  5041  1
7484    3778  4024  4025  1
7485    3933  3913  4510  1
7486    3913  3933  4062  1
7487    3930  3754  3634  1
7488    3765  3805  3818  1
7489    3638  3808  3806  1
7490    3933  4510  3793  1
7491    3786  3816  3603  1
7492    3793  3927  3926  1
7493    3936  3928  3935  1
7494    3941  3940  3936  1
7495    4169  3937  3923  1
7496    4085  4169  3940  1
7497    3951  3808  3798  1
7498    3808  3914  3798  1
7499    3602  3775  3551  1
7500    3791  3818  3813  1
7501    3805  3765  3932  1
7502    3819  3923  3937  1
7503    3990  3985  3989  1
7504    3786  3704  3618  1
7505    3703  3785  3826  1
7506    3407  3861  3956  1
7507    3610  3815  3603  1
7508    3760  3817  3799  1
7509    3791  3817  3796  1
7510    4391  3818  3791  1
7511    3820  3805  3932  1
7512    3932  3819  3820  1
7513    3811  3936  3940  1
7514    3819  3937  3939  1
7515    3813  3820  3946  1
7516    3822  3821  3799  1
7517    3821  3814  4243  1
7518    3949  3822  3797  1
7519    3821  3822  3814  1
7520    3704  3786  3815  1
7521    3825  3954  3823  1
7522    3790  3795  3767  1
7523    3827  3703  3816  1
7524    3954  3618  3704  1
7525    3826  3785  3825  1
7526    3703  3827  3785  1
7527    3829  3403  3310  1
7528    3861  3623  3860  1
7529    3623  3828  3829  1
7530    3403  3829  3828  1
7531    3957  3860  3623  1
7532    4119  3906  3413  1
7533    3832  3831  3311  1
7534    3649  3831  3648  1
7535    3216  3314  3834  1
7536    3837  3651  3648  1
7537    2701  3857  3856  1
7538    3460  3836  3841  1
7539    2701  3834  3314  1
7540    3835  3834  3833  1
7541    3835  3833  3836  1
7542    3216  3835  3832  1
7543    3836  3833  3840  1
7544    3841  3840  3845  1
7545    3651  3837  3460  1
7546    3835  3837  3832  1
7547    3847  3840  3855  1
7548    3854  3853  3674  1
7549    3845  3846  3848  1
7550    3850  3842  3843  1
7551    3856  3855  3833  1
7552    3845  3840  3838  1
7553    3840  3841  3836  1
7554    3839  3850  3843  1
7555    3839  3845  3848  1
7556    3842  3852  3872  1
7557    3839  3843  3841  1
7558    3842  3957  3953  1
7559    3869  3857  2659  1
7560    3959  2613  3022  1
7561    3845  3838  3846  1
7562    3841  3845  3839  1
7563    3866  3846  3838  1
7564    3876  3854  3674  1
7565    3855  3840  3833  1
7566    3866  3873  3853  1
7567    3851  3848  3672  1
7568    3839  3848  3850  1
7569    3875  3672  3876  1
7570    3863  3864  4398  1
7571    3851  3850  3848  1
7572    3850  3851  3852  1
7573    3876  3967  3875  1
7574    3851  3849  3852  1
7575    3849  3871  3852  1
7576    3861  3407  3828  1
7577    3873  3838  3847  1
7578    3888  3675  3674  1
7579    3672  3846  3854  1
7580    3854  3846  3866  1
7581    3833  3834  3856  1
7582    3844  3847  3855  1
7583    2701  3060  3857  1
7584    3844  3855  3856  1
7585    2659  2705  3869  1
7586    3844  3856  3857  1
7587    3968  4102  4094  1
7588    3865  3886  3864  1
7589    3865  3864  3859  1
7590    3861  3862  3956  1
7591    3860  3872  3871  1
7592    3862  3861  3860  1
7593    3623  3861  3828  1
7594    3860  3859  3862  1
7595    3859  3863  3862  1
7596    3830  3955  3956  1
7597    3864  3863  3859  1
7598    3956  3863  3830  1
7599    3859  3871  3865  1
7600    3629  4396  4398  1
7601    3849  3874  3877  1
7602    3884  3886  3877  1
7603    3873  3866  3838  1
7604    3854  3866  3853  1
7605    3965  3878  3961  1
7606    3891  3879  3887  1
7607    3889  3066  2787  1
7608    3961  3878  3844  1
7609    2613  3959  3960  1
7610    3857  3869  3963  1
7611    3870  3874  3875  1
7612    3849  3877  3865  1
7613    3865  3871  3849  1
7614    3860  3871  3859  1
7615    3871  3872  3852  1
7616    3957  3872  3860  1
7617    3878  3847  3844  1
7618    3873  3867  3879  1
7619    3875  3874  3851  1
7620    3877  3874  3870  1
7621    3672  3854  3876  1
7622    3851  3672  3875  1
7623    3674  3966  3876  1
7624    3966  4093  3876  1
7625    3858  3880  3870  1
7626    3877  3870  3880  1
7627    3869  3960  3964  1
7628    3867  3873  3878  1
7629    3887  3879  3867  1
7630    3888  3879  3891  1
7631    4090  4097  3883  1
7632    3877  3880  3884  1
7633    4068  4076  4083  1
7634    4283  4277  4279  1
7635    3884  3880  3885  1
7636    4066  3804  4064  1
7637    4090  3883  3858  1
7638    4286  4282  3885  1
7639    3885  3880  3883  1
7640    4241  4240  4395  1
7641    3883  4097  4286  1
7642    3882  3884  3885  1
7643    3864  3886  3629  1
7644    3877  3886  3865  1
7645    3889  3867  3868  1
7646    3892  3887  3889  1
7647    3675  3888  3664  1
7648    3853  3879  3888  1
7649    3066  3889  3868  1
7650    3892  3889  2787  1
7651    2787  4111  3969  1
7652    3470  3665  3970  1
7653    3892  3891  3887  1
7654    3893  3891  3890  1
7655    3969  3892  2787  1
7656    3891  3892  3890  1
7657    3893  3890  3970  1
7658    3664  3893  3673  1
7659    3274  3899  3894  1
7660    3900  3894  3691  1
7661    3894  3899  3896  1
7662    3899  3973  3895  1
7663    3274  3897  3899  1
7664    3896  3895  3898  1
7665    3972  3973  4114  1
7666    3896  3899  3895  1
7667    4118  3895  3973  1
7668    3694  3898  3692  1
7669    3897  4114  3973  1
7670    3900  3697  3682  1
7671    3894  3900  3693  1
7672    3190  3901  3185  1
7673    3195  3901  3700  1
7674    3442  3902  3600  1
7675    3903  3514  3515  1
7676    3507  3903  3515  1
7677    3508  3903  3575  1
7678    3428  3904  3735  1
7679    3612  3904  3445  1
7680    3743  3905  3440  1
7681    3607  3905  3583  1
7682    4121  4222  4120  1
7683    4225  3977  4223  1
7684    4126  3907  4223  1
7685    4281  3882  4282  1
7686    3591  3910  3978  1
7687    3978  3909  3908  1
7688    3980  3779  3763  1
7689    3638  3772  3634  1
7690    3979  3910  3779  1
7691    3910  3909  3978  1
7692    3450  3739  3911  1
7693    3911  3739  3978  1
7694    3952  5041  3812  1
7695    4047  4057  4043  1
7696    3749  4256  4250  1
7697    3944  3923  3926  1
7698    3934  4033  4041  1
7699    3793  3809  3932  1
7700    3732  3922  3752  1
7701    3922  3788  3717  1
7702    3601  3916  3425  1
7703    3916  3636  3447  1
7704    3752  3922  3717  1
7705    3794  3777  3727  1
7706    3634  3753  3728  1
7707    3641  3918  3734  1
7708    3717  3787  3752  1
7709    4015  4141  3997  1
7710    3705  3924  3912  1
7711    4276  3913  4417  1
7712    3930  3788  3915  1
7713    3804  4066  4071  1
7714    4021  4020  4010  1
7715    4032  3931  4025  1
7716    3936  3810  3928  1
7717    3923  3944  3810  1
7718    3723  3917  3776  1
7719    3758  4047  3922  1
7720    3758  3732  3925  1
7721    3644  3717  3788  1
7722    3939  3947  3949  1
7723    3913  4511  4510  1
7724    3915  3773  3930  1
7725    3944  3926  3927  1
7726    3822  3949  3814  1
7727    3939  3820  3819  1
7728    4040  4269  4037  1
7729    4062  3933  3803  1
7730    4036  4034  3919  1
7731    3765  3801  3932  1
7732    3803  3793  3801  1
7733    3914  3802  3798  1
7734    4033  3934  4034  1
7735    3820  3818  3805  1
7736    3809  3926  3819  1
7737    3819  3932  3809  1
7738    4023  4026  4024  1
7739    3914  3808  3919  1
7740    4064  3804  4062  1
7741    3941  3936  3935  1
7742    4169  3923  3811  1
7743    3811  3810  3936  1
7744    3937  3807  3939  1
7745    4171  3943  4172  1
7746    4252  4249  4248  1
7747    3939  3807  3947  1
7748    3946  3939  3949  1
7749    4166  3940  4171  1
7750    4168  4085  4084  1
7751    3943  3941  3935  1
7752    3940  3941  4171  1
7753    4296  4293  3935  1
7754    4788  4716  4715  1
7755    4292  4293  4170  1
7756    4172  4087  4171  1
7757    4433  3944  3927  1
7758    3810  3944  3928  1
7759    3948  3947  3807  1
7760    3921  4132  4134  1
7761    3813  3946  3797  1
7762    3820  3939  3946  1
7763    4085  3948  3807  1
7764    3949  3947  3945  1
7765    4133  4245  4135  1
7766    3945  3947  3948  1
7767    3949  3945  4244  1
7768    3949  3797  3946  1
7769    3951  3798  5045  1
7770    4247  5048  4017  1
7771    3842  3953  3843  1
7772    4175  3951  3920  1
7773    5047  3784  5046  1
7774    3650  3953  3957  1
7775    3965  4089  3868  1
7776    4174  4175  5043  1
7777    3618  3825  3785  1
7778    3954  3497  3823  1
7779    3976  3830  4498  1
7780    3956  3862  3863  1
7781    3407  3956  3955  1
7782    3650  3957  3623  1
7783    3953  3651  3460  1
7784    3965  3867  3878  1
7785    3960  3869  2605  1
7786    2901  3959  3022  1
7787    3960  3959  3958  1
7788    3958  3961  3964  1
7789    2605  2614  3962  1
7790    3963  3961  3844  1
7791    3961  3958  3965  1
7792    2613  3960  3962  1
7793    2605  3962  3960  1
7794    3857  3963  3844  1
7795    3964  3963  3869  1
7796    3958  3964  3960  1
7797    3963  3964  3961  1
7798    4089  3965  3958  1
7799    3868  3867  3965  1
7800    3675  3966  3674  1
7801    3667  4098  4093  1
7802    3875  3967  3870  1
7803    3876  4093  4092  1
7804    4095  3968  4090  1
7805    4102  3968  4100  1
7806    4112  3969  3065  1
7807    3494  5039  3971  1
7808    3893  3970  3665  1
7809    3969  3970  3890  1
7810    3470  3970  3971  1
7811    3969  3971  3970  1
7812    4218  4206  4208  1
7813    3692  3898  4117  1
7814    3897  3973  3899  1
7815    4118  3973  3972  1
7816    4395  4396  3629  1
7817    4234  4075  4231  1
7818    3830  3976  3955  1
7819    3974  4119  4120  1
7820    4398  4498  3830  1
7821    3405  3976  3975  1
7822    4124  4122  3716  1
7823    4164  4161  3907  1
7824    3911  3978  3908  1
7825    3978  3739  3591  1
7826    3983  3979  3781  1
7827    3982  3641  3908  1
7828    3980  3763  3792  1
7829    3979  3779  3980  1
7830    3981  3983  3987  1
7831    3981  3987  3990  1
7832    3986  3984  3979  1
7833    3995  3642  3641  1
7834    3988  3987  3983  1
7835    3983  3981  3986  1
7836    3986  3979  3983  1
7837    3908  3984  3982  1
7838    3781  4242  3988  1
7839    3780  3821  4243  1
7840    3993  3986  3981  1
7841    3994  3986  3993  1
7842    3988  3983  3781  1
7843    3989  3985  4132  1
7844    3781  3792  4242  1
7845    3985  3987  3988  1
7846    4003  4004  4006  1
7847    3992  3981  3990  1
7848    3985  3990  3987  1
7849    3992  3998  3996  1
7850    3992  3996  3991  1
7851    4256  4147  3596  1
7852    4005  4012  4015  1
7853    3993  3647  3994  1
7854    3981  3992  3993  1
7855    4012  3992  3991  1
7856    3647  4138  3995  1
7857    3982  3986  3994  1
7858    3982  3995  3641  1
7859    3647  3995  3994  1
7860    3921  3999  3989  1
7861    3996  3989  3999  1
7862    3991  3996  4013  1
7863    4142  5049  4141  1
7864    3992  3990  3998  1
7865    3989  3998  3990  1
7866    4004  3999  3921  1
7867    3996  3999  4003  1
7868    4402  4004  3921  1
7869    4500  4168  4316  1
7870    4020  4247  4003  1
7871    4015  3997  4255  1
7872    4399  4401  4133  1
7873    4704  4007  4000  1
7874    4003  3999  4004  1
7875    4007  4010  4006  1
7876    3921  4401  4402  1
7877    4004  4002  4006  1
7878    3993  3992  4012  1
7879    4140  4018  4145  1
7880    4002  4007  4006  1
7881    4252  4001  4249  1
7882    4403  4007  4002  1
7883    4803  4718  4790  1
7884    4846  4733  4571  1
7885    4409  4018  4143  1
7886    4010  4007  4704  1
7887    4014  4019  4001  1
7888    4249  4139  4009  1
7889    4016  3991  4017  1
7890    4012  4011  3993  1
7891    4011  4005  4251  1
7892    4012  3991  4016  1
7893    4012  4005  4011  1
7894    4003  4013  3996  1
7895    4003  4247  4013  1
7896    4017  4014  4016  1
7897    4017  4013  4247  1
7898    4016  4015  4012  1
7899    4141  4015  4014  1
7900    3991  4013  4017  1
7901    4015  4016  4014  1
7902    4019  4017  5048  1
7903    4247  4253  5048  1
7904    3647  4011  4251  1
7905    4148  4257  4052  1
7906    4142  4141  4252  1
7907    4010  4020  4006  1
7908    4721  4139  4008  1
7909    4139  4249  4001  1
7910    4255  4251  4005  1
7911    4846  4812  4815  1
7912    4145  4144  3766  1
7913    4255  4143  4140  1
7914    4032  4025  4030  1
7915    3824  3611  4088  1
7916    4026  4023  3802  1
7917    3778  4023  4024  1
7918    4030  4024  4026  1
7919    4031  4034  3934  1
7920    4032  4030  4027  1
7921    4037  4033  4036  1
7922    4051  4038  4050  1
7923    4040  4036  3773  1
7924    3934  4027  4031  1
7925    4060  4049  4029  1
7926    4030  4031  4027  1
7927    4031  3802  4034  1
7928    4031  4030  4026  1
7929    3914  4034  3802  1
7930    3914  3919  4034  1
7931    4036  4033  4034  1
7932    3812  5041  3400  1
7933    4037  4271  4041  1
7934    3931  4032  4051  1
7935    3934  4041  4045  1
7936    4040  3773  3915  1
7937    4038  4044  4046  1
7938    4035  4050  4056  1
7939    3802  4031  4026  1
7940    4027  4038  4032  1
7941    3915  4043  4040  1
7942    4269  4040  4043  1
7943    4043  3915  4047  1
7944    4044  4038  4027  1
7945    4037  4041  4033  1
7946    4037  4036  4040  1
7947    4153  4045  4039  1
7948    4042  4053  4049  1
7949    4042  4049  4046  1
7950    4150  4257  4148  1
7951    4057  4259  4043  1
7952    4045  4027  3934  1
7953    4046  4044  4042  1
7954    4042  4044  4045  1
7955    4045  4044  4027  1
7956    4056     2  4035  1
7957    4051  4035  3931  1
7958    4047  3915  3788  1
7959    4057  4047  3758  1
7960    4151  4149  4150  1
7961    4159  4156  4154  1
7962    4053  4042  4153  1
7963    4058  4029  4049  1
7964    4038  4046  4050  1
7965    4059  4056  4050  1
7966    4038  4051  4032  1
7967    4035  4051  4050  1
7968    4052  4057  4148  1
7969    4260  4259  4052  1
7970    4264  4261  4267  1
7971    4054  4058  4155  1
7972    4059  4050  4046  1
7973    4049  4155  4058  1
7974    4055  4059  4060  1
7975    4055     2  4056  1
7976    4148  4057  3758  1
7977    4259  4057  4052  1
7978    4155  4049  4053  1
7979    4054  4029  4058  1
7980    4060  4059  4046  1
7981    4055  4056  4059  1
7982    4049  4060  4046  1
7983    4055  4060  4029  1
7984    4088  3795  4174  1
7985    5041  3952  5042  1
7986    4392  4388  4382  1
7987    4417  4062  3804  1
7988    4390  4391  3791  1
7989    4069  4065  4072  1
7990    3803  4064  4062  1
7991    4067  4069  4160  1
7992    4081  4164  4232  1
7993    4279  4289  4283  1
7994    4160  4064  4063  1
7995    4072  4070  4071  1
7996    4164  4275  4161  1
7997    4081  4080  4065  1
7998    4349  4079  4347  1
7999    4420  4418  4419  1
8000    4160  4069  4066  1
8001    4081  4069  4067  1
8002    4066  4069  4072  1
8003    4418  4276  4419  1
8004    4072  4071  4066  1
8005    4071  4070  4419  1
8006    4074  4072  4065  1
8007    4074  4076  4077  1
8008    4078  4283  4074  1
8009    4286  4097  3881  1
8010    4165  4080  4081  1
8011    4076  4074  4073  1
8012    4164  4081  4067  1
8013    4075  4278  4277  1
8014    4289  4073  4283  1
8015    4068  4420  4077  1
8016    4074  4077  4072  1
8017    4068  4077  4076  1
8018    4065  4080  4074  1
8019    4277  4078  4075  1
8020    4192  4176  4335  1
8021    4344  4176  4334  1
8022    4069  4081  4065  1
8023    4078  4074  4080  1
8024    3907  4126  4238  1
8025    4078  4165  4075  1
8026    4289  4290  4073  1
8027    4352  4360  4357  1
8028    4290  4076  4073  1
8029    4083  4082  4360  1
8030    4310  4305  4303  1
8031    3929  3948  4085  1
8032    4169  4085  3807  1
8033    4166  4085  3940  1
8034    4376  4375  4215  1
8035    4331  4315  4328  1
8036    4329  4321  4308  1
8037    4321  4314  4324  1
8038    3951  4175  3806  1
8039    3824  4088  3952  1
8040    3959  4089  3958  1
8041    4090  3858  4092  1
8042    4090  3968  4094  1
8043    4092  3858  3967  1
8044    4098  3669  3654  1
8045    3876  4092  3967  1
8046    4092  4091  4095  1
8047    3667  4093  3966  1
8048    4092  4093  4091  1
8049    4100  3968  4101  1
8050    4359  4110  4454  1
8051    4092  4095  4090  1
8052    4096  4095  4091  1
8053    4098  4096  4091  1
8054    4096  3654  4099  1
8055    4090  4094  4097  1
8056    4097  4094  4359  1
8057    4093  4098  4091  1
8058    3669  4098  3667  1
8059    3679  4099  3654  1
8060    4099  3677  4100  1
8061    4109  3678  4103  1
8062    4105  4100  4109  1
8063    4096  4099  4101  1
8064    4100  4101  4099  1
8065    4100  3677  4109  1
8066    4102  4100  4105  1
8067    4178  4108  4190  1
8068    4178  4190  4177  1
8069    4083  4290  4082  1
8070    4107  4110  4102  1
8071    4105  4103  4190  1
8072    4102  4110  4094  1
8073    4106  4178  4182  1
8074    4346  4176  4344  1
8075    4102  4105  4107  1
8076    4107  4105  4192  1
8077    4190  4191  4177  1
8078    4178  4334  4108  1
8079    3678  4109  3677  1
8080    4105  4109  4103  1
8081    4454  4107  4335  1
8082    4356  4454  4355  1
8083    4111  2787  3066  1
8084    3065  3969  4111  1
8085    4112  3065  3030  1
8086    4112  4113  3495  1
8087    2917  4113  3144  1
8088    3030  4113  4112  1
8089    3897  3360  4114  1
8090    4196  4201  4205  1
8091    4370  4115  4200  1
8092    4199  4200  4462  1
8093    4118  3972  4194  1
8094    4194  4197  4199  1
8095    3895  4117  3898  1
8096    4116  4462  4368  1
8097    4193  4213  4203  1
8098    4116  4117  4118  1
8099    4120  4119  3413  1
8100    4119  3974  4130  1
8101    3415  4121  3413  1
8102    3974  4120  3975  1
8103    3414  3412  4121  1
8104    4222  3412  3405  1
8105    4122  4124  4123  1
8106    3977  4225  4226  1
8107    3906  4125  3599  1
8108    4123  3599  4125  1
8109    3441  4124  3716  1
8110    3599  4123  4124  1
8111    4130  4129  4119  1
8112    4239  4128  4125  1
8113    4129  4125  3906  1
8114    4075  4165  4231  1
8115    4398  4396  4498  1
8116    4239  4127  4236  1
8117    4125  4128  4123  1
8118    4223  4128  4126  1
8119    4119  4129  3906  1
8120    4239  4129  4127  1
8121    4237  4130  3974  1
8122    4129  4130  4127  1
8123    4244  4131  4243  1
8124    4133  4134  4245  1
8125    4134  4133  3921  1
8126    3921  3989  4132  1
8127    4136  3945  3948  1
8128    4135  4399  4133  1
8129    3985  4131  4134  1
8130    4245  4134  4131  1
8131    4499  4136  3929  1
8132    4399  4135  4499  1
8133    3929  4136  3948  1
8134    4244  4136  4135  1
8135    4002  4402  4403  1
8136    4324  4306  4308  1
8137    4019  4014  4017  1
8138    4507  4252  4248  1
8139    4723  4736  4738  1
8140    4141  5049  3997  1
8141    4255  4140  4251  1
8142    4409  4022  4018  1
8143    4008  4139  4019  1
8144    5048  4008  4019  1
8145    4837  4021  4835  1
8146    4052  4257  4048  1
8147    4250  4256  3596  1
8148    4819  5052  4508  1
8149    3766  3918  4145  1
8150    4146  4144  4022  1
8151    3642  4138  4145  1
8152    4138  4251  4140  1
8153    4146  4022  4147  1
8154    3782  4146  3749  1
8155    4145  4018  4022  1
8156    4411  4254  4147  1
8157    3758  3925  4148  1
8158    4148  3925  4150  1
8159    3925  4254  4151  1
8160    4001  4141  4014  1
8161    4151  4150  3925  1
8162    4149  4819  4257  1
8163    4254  4411  4151  1
8164    4409  4143  4410  1
8165    4262  5050  4264  1
8166    4154  4028  4054  1
8167    4045  4153  4042  1
8168    4039  4053  4153  1
8169    4039  4158  4159  1
8170    4154  4155  4159  1
8171    4159  4155  4053  1
8172    4054  4155  4154  1
8173    4262  4264  4260  1
8174    4274  4267  4272  1
8175    4159  4158  4156  1
8176    4274  4156  4266  1
8177    4039  4271  4270  1
8178    4158  4270  4266  1
8179    4039  4159  4053  1
8180    4266  4156  4158  1
8181    4064  4160  4066  1
8182    4275  4160  4063  1
8183    4382  4386  4387  1
8184    4225  4383  4224  1
8185    4357  4360  4082  1
8186    4295  4298  4297  1
8187    4233  4280  4234  1
8188    4284  4356  4355  1
8189    4164  4067  4275  1
8190    3907  4238  4232  1
8191    4080  4165  4078  1
8192    4081  4232  4231  1
8193    4434  4166  3938  1
8194    4085  4166  4084  1
8195    4324  3938  4325  1
8196    4020  4003  4006  1
8197    4168  4084  4316  1
8198    3929  4085  4168  1
8199    3937  4169  3807  1
8200    3940  4169  3811  1
8201    3943  4293  4292  1
8202    4298  4300  4302  1
8203    4171  3938  4166  1
8204    3943  4171  3941  1
8205    4292  4172  3943  1
8206    4304  4314  4321  1
8207    4170  4302  4292  1
8208    4317  4326  4330  1
8209    4175  4174  3950  1
8210    4061  5043  3784  1
8211    3806  4175  3950  1
8212    3952  4088  5042  1
8213    4189  4344  4188  1
8214    4454  4335  4104  1
8215    4186  4181  4177  1
8216    4334  4178  4106  1
8217    4181  4178  4177  1
8218    4182  4181  4184  1
8219    4336  4183  4186  1
8220    4337  4183  4336  1
8221    4520  4437  4439  1
8222    4182  4188  4106  1
8223    3465  4336  4186  1
8224    4184  4181  4179  1
8225    4181  4182  4178  1
8226    4180  4594  4188  1
8227    3466  3467  4337  1
8228    4181  4186  4179  1
8229    4179  4340  4187  1
8230    4182  4184  4180  1
8231    4187  4180  4184  1
8232    4455  4589  4591  1
8233    4186  4177  4191  1
8234    4179  4186  4183  1
8235    4423  4575  4576  1
8236    4486  4595  4187  1
8237    4180  4188  4182  1
8238    4188  4185  4189  1
8239    4348  4345  4349  1
8240    4346  4104  4335  1
8241    4190  4108  4192  1
8242    4191  4190  4103  1
8243    3678  4191  4103  1
8244    4186  4191  3465  1
8245    4190  4192  4105  1
8246    4192  4108  4334  1
8247    4197  4201  4196  1
8248    4194  3972  4206  1
8249    4473  4472  3368  1
8250    4116  4118  4194  1
8251    4206  4114  3360  1
8252    4115  4361  4200  1
8253    4201  4202  4217  1
8254    4196  4211  4370  1
8255    4217  4219  4195  1
8256    4199  4197  4196  1
8257    4469  4203  4216  1
8258    4202  4194  4206  1
8259    4196  4370  4199  1
8260    4194  4199  4116  1
8261    4202  4201  4197  1
8262    4368  3692  4117  1
8263    4209  4203  4205  1
8264    4194  4202  4197  1
8265    4213  4216  4203  1
8266    4207  4212  4464  1
8267    4195  4220  4217  1
8268    4204  4205  4203  1
8269    4467  3368  4472  1
8270    4209  4201  4193  1
8271    4205  4204  4212  1
8272    4206  3972  4114  1
8273    3360  4208  4206  1
8274    4477  4362  4631  1
8275    3360  4198  4208  1
8276    4219  4218  4198  1
8277    4201  4209  4205  1
8278    4193  4203  4209  1
8279    4217  4220  4193  1
8280    4375  4378  4215  1
8281    4212  4211  4205  1
8282    4207  4543  4370  1
8283    4464  4212  4204  1
8284    4211  4212  4207  1
8285    4217  4193  4201  1
8286    4210  4376  4216  1
8287    2630  4371  4214  1
8288    4213  4193  4220  1
8289    4373  4210  4371  1
8290    4310  4087  4305  1
8291    4210  4216  4213  1
8292    4216  4215  4469  1
8293    4217  4202  4218  1
8294    4206  4218  4202  1
8295    4198  4218  4208  1
8296    4214  4381  4221  1
8297    4218  4219  4217  1
8298    4220  4221  4381  1
8299    4120  4222  3975  1
8300    4220  4195  4221  1
8301    3412  4222  4121  1
8302    4383  3907  4161  1
8303    4128  4223  3977  1
8304    4063  4392  4161  1
8305    4384  4394  4227  1
8306    4223  3907  4383  1
8307    4226  4225  4224  1
8308    4226  4224  4229  1
8309    3771  3598  4228  1
8310    4382  4387  4497  1
8311    4384  3635  4385  1
8312    3598  4226  4228  1
8313    4226  4229  4394  1
8314    4387  4229  4224  1
8315    4229  4227  4394  1
8316    4236  4127  4237  1
8317    4233  4240  4280  1
8318    4081  4231  4165  1
8319    4235  4234  4231  1
8320    3907  4232  4164  1
8321    4231  4232  4230  1
8322    4235  4236  4237  1
8323    4235  4237  4233  1
8324    4235  4231  4230  1
8325    4233  4395  4240  1
8326    4235  4230  4236  1
8327    4233  4234  4235  1
8328    4230  4238  4236  1
8329    4236  4238  4239  1
8330    4130  4237  4127  1
8331    4498  4397  3974  1
8332    4238  4230  4232  1
8333    4239  4238  4126  1
8334    4128  4239  4126  1
8335    4129  4239  4125  1
8336    4241  3629  3886  1
8337    4432  4281  4282  1
8338    3886  3882  4241  1
8339    4281  4241  3882  1
8340    4243  4242  3780  1
8341    3985  4242  4131  1
8342    4244  4243  3814  1
8343    4242  4243  4131  1
8344    3949  4244  3814  1
8345    3945  4136  4244  1
8346    4131  4244  4245  1
8347    4135  4245  4244  1
8348    4400  4499  4500  1
8349    4000  4007  4403  1
8350    4167  4319  4501  1
8351    3924  4250  3596  1
8352    4270  4265  4152  1
8353    4019  4139  4001  1
8354    4725  4735  4721  1
8355    4251  4138  3647  1
8356    4141  4001  4252  1
8357    4255  3997  5049  1
8358    3995  4138  3642  1
8359    3732  4254  3925  1
8360    4742  4808  4812  1
8361    4009  4737  4408  1
8362    4253  4247  4020  1
8363    4835  4021  4730  1
8364    4415  4507  4414  1
8365    4146  4256  3749  1
8366    4412  4410  4143  1
8367    4250  3705  3917  1
8368    4015  4255  4005  1
8369    4149  4257  4150  1
8370    4147  4254  3596  1
8371    4140  4143  4018  1
8372    4260  4052  4048  1
8373    4151  4413  4149  1
8374    4259  4152  4265  1
8375    4262  4260  4048  1
8376    4259  4260  4264  1
8377    4809  4813  4814  1
8378    4028  4154  4156  1
8379    5050  4048  4263  1
8380    4261  4264  5050  1
8381    4818  4819  4508  1
8382    4258  4412  4415  1
8383    4271  4265  4270  1
8384    4264  4152  4259  1
8385    4266  4264  4267  1
8386    4261  4816  4814  1
8387    4814  4816  4820  1
8388    4264  4266  4152  1
8389    4273  4272  4157  1
8390    4266  4267  4274  1
8391    4156  4416  4028  1
8392    4259  4269  4043  1
8393    4037  4269  4265  1
8394    4266  4270  4152  1
8395    4039  4270  4158  1
8396    4041  4271  4039  1
8397    4037  4265  4271  1
8398    4267  4261  4272  1
8399    4157  4268  4273  1
8400    4274  4273  4268  1
8401    4273  4274  4272  1
8402    4416  4274  4268  1
8403    4160  4275  4067  1
8404    4063  4161  4275  1
8405    3804  4071  4419  1
8406    4276  4162  4511  1
8407    4234  4280  4075  1
8408    4277  4163  4279  1
8409    4278  4280  4281  1
8410    4277  4278  4432  1
8411    4163  4288  4279  1
8412    4357  4285  4079  1
8413    4281  4280  4240  1
8414    4075  4280  4278  1
8415    4241  4281  4240  1
8416    3885  4282  3882  1
8417    4287  4282  3881  1
8418    4432  4163  4277  1
8419    4074  4283  4073  1
8420    4277  4283  4078  1
8421    4163  4432  4287  1
8422    4346  4353  4350  1
8423    4289  4288  4354  1
8424    4355  4350  4354  1
8425    3883  4286  3885  1
8426    3881  4282  4286  1
8427    4356  4287  3881  1
8428    4288  4287  4284  1
8429    4287  4288  4163  1
8430    4288  4284  4354  1
8431    4288  4289  4279  1
8432    4290  4289  4285  1
8433    4082  4290  4285  1
8434    4290  4083  4076  1
8435    4324  4314  4434  1
8436    4403  4246  4404  1
8437    4293  3943  3935  1
8438    4330  4584  4524  1
8439    4514  4296  3935  1
8440    4170  4293  4297  1
8441    3928  3944  4433  1
8442    4162  4418  4424  1
8443    4295  4297  4296  1
8444    4424  4430  4162  1
8445    4514  3935  3928  1
8446    4295  4296  4294  1
8447    4296  4297  4293  1
8448    4295  4573  4298  1
8449    4347  4079  4353  1
8450    4170  4297  4298  1
8451    4595  4591  4594  1
8452    4304  4167  4406  1
8453    4713  4298  4086  1
8454    4300  4299  4302  1
8455    4333  4444  4309  1
8456    4299  4320  4301  1
8457    4298  4302  4170  1
8458    4515  4516  4435  1
8459    4301  4328  4318  1
8460    4311  4172  4292  1
8461    4447  4312  4445  1
8462    4516  4299  4300  1
8463    4087  4310  4306  1
8464    4291  4316  4314  1
8465    4327  4436  4323  1
8466    4173  4317  4333  1
8467    4086  4709  4713  1
8468    4310  4308  4306  1
8469    4434  4316  4084  1
8470    4318  4311  4313  1
8471    4303  4318  4328  1
8472    4333  4308  4173  1
8473    4313  4292  4302  1
8474    4745  4441  4582  1
8475    4291  4500  4316  1
8476    4305  4172  4311  1
8477    4310  4326  4173  1
8478    4405  4502  4501  1
8479    4436  4312  4503  1
8480    4299  4313  4302  1
8481    3475  4476  4482  1
8482    4326  4317  4173  1
8483    4303  4315  4326  1
8484    4324  4308  4321  1
8485    4323  4319  4304  1
8486    4320  4307  4439  1
8487    4329  4323  4321  1
8488    4314  4304  4291  1
8489    4314  4316  4434  1
8490    4292  4313  4311  1
8491    4309  4444  4750  1
8492    4305  4311  4318  1
8493    4521  4317  4330  1
8494    4306  4324  4325  1
8495    4167  4304  4319  1
8496    4171  4325  3938  1
8497    4303  4305  4318  1
8498    4299  4516  4320  1
8499    4326  4310  4303  1
8500    4309  4327  4333  1
8501    4301  4318  4299  1
8502    4440  4439  4307  1
8503    4087  4306  4325  1
8504    4087  4172  4305  1
8505    4320  4439  4301  1
8506    4323  4329  4327  1
8507    4405  4504  4788  1
8508    4327  4445  4436  1
8509    4344  4334  4106  1
8510    4407  4000  4403  1
8511    4315  4330  4326  1
8512    4438  4331  4328  1
8513    4333  4329  4308  1
8514    4445  4309  4332  1
8515    4527  4525  4526  1
8516    4333  4327  4329  1
8517    4328  4315  4303  1
8518    4315  4331  4584  1
8519    4439  4438  4301  1
8520    4304  4321  4323  1
8521    4192  4335  4107  1
8522    4192  4334  4176  1
8523    4346  4335  4176  1
8524    3676  4336  3465  1
8525    4337  4336  3466  1
8526    3473  4446  3350  1
8527    4339  4179  4183  1
8528    3477  4338  3474  1
8529    4341  4342  4340  1
8530    4337  4338  4339  1
8531    4341  4340  4339  1
8532    4179  4339  4340  1
8533    4339  4338  4341  1
8534    4338  3476  4341  1
8535    4342  4341  3476  1
8536    4480  3476  3477  1
8537    4340  4342  3475  1
8538    4470  4471  4479  1
8539    4215  4216  4376  1
8540    4188  4344  4106  1
8541    4346  4344  4189  1
8542    4322  4440  4515  1
8543    4421  4418  4068  1
8544    4347  4346  4189  1
8545    4353  4285  4350  1
8546    4348  4347  4189  1
8547    4347  4348  4349  1
8548    4189  4185  4348  1
8549    4539  4538  4540  1
8550    4352  4457  4456  1
8551    4079  4349  4352  1
8552    4354  4350  4285  1
8553    4104  4346  4350  1
8554    4541  4587  4540  1
8555    4425  4630  4429  1
8556    4349  4345  4457  1
8557    4358  4068  4083  1
8558    4347  4353  4346  1
8559    4285  4353  4079  1
8560    4354  4285  4289  1
8561    4355  4354  4284  1
8562    4287  4356  4284  1
8563    4104  4350  4355  1
8564    4359  4356  3881  1
8565    4356  4359  4454  1
8566    4285  4357  4082  1
8567    4079  4352  4357  1
8568    4456  4358  4360  1
8569    4358  4422  4421  1
8570    4097  4359  3881  1
8571    4110  4359  4094  1
8572    4456  4360  4352  1
8573    4083  4360  4358  1
8574    4361  4115  4364  1
8575    3361  4366  4367  1
8576    4370  4543  4115  1
8577    5051  4362  4473  1
8578    5051  4363  4362  1
8579    3364  4363  3363  1
8580    4115  4543  4631  1
8581    4363  4364  4362  1
8582    4367  4200  4361  1
8583    3361  3362  4366  1
8584    3362  3279  4366  1
8585    4463  3279  3696  1
8586    4367  4365  4462  1
8587    3361  4367  4361  1
8588    4116  4368  4117  1
8589    4463  4368  4365  1
8590    4465  4469  4474  1
8591    4480  4476  3476  1
8592    4199  4370  4200  1
8593    4207  4370  4211  1
8594    2630  4492  4371  1
8595    4381  4371  4210  1
8596    4379  4375  4373  1
8597    4565  4554  4555  1
8598    4492  4373  4371  1
8599    4378  4552  4551  1
8600    4761  4883  4910  1
8601    4484  4483  4486  1
8602    4659  4660  4666  1
8603    4204  4468  4464  1
8604    4210  4373  4376  1
8605    4375  4376  4373  1
8606    4493  4379  4492  1
8607    4465  4471  4470  1
8608    4562  4561  4380  1
8609    4552  4375  4491  1
8610    4488  4491  4379  1
8611    4379  4491  4375  1
8612    4371  4381  4214  1
8613    4213  4381  4210  1
8614    4064  4389  4063  1
8615    3765  3818  4391  1
8616    4383  4161  4497  1
8617    4223  4383  4225  1
8618    4227  4387  4386  1
8619    4390  3796  3635  1
8620    3774  4385  3635  1
8621    3725  4385  3764  1
8622    4386  4382  4388  1
8623    3796  4390  3791  1
8624    4229  4387  4227  1
8625    4497  4387  4224  1
8626    4497  4392  4382  1
8627    4389  3803  4393  1
8628    4064  3803  4389  1
8629    4393  3803  3801  1
8630    4384  4386  4390  1
8631    4391  4386  4388  1
8632    4386  4391  4390  1
8633    4388  3765  4391  1
8634    4063  4389  4392  1
8635    4388  4392  4389  1
8636    3765  4393  3801  1
8637    4388  4389  4393  1
8638    3771  4394  3725  1
8639    4394  4228  4226  1
8640    4233  4237  4397  1
8641    4241  4395  3629  1
8642    4395  4233  4397  1
8643    4498  3974  3975  1
8644    3974  4397  4237  1
8645    4395  4397  4396  1
8646    3863  4398  3830  1
8647    3629  4398  3864  1
8648    4135  4136  4499  1
8649    4401  4399  4246  1
8650    4167  4502  4568  1
8651    4246  4399  4400  1
8652    4401  4246  4402  1
8653    4133  4401  3921  1
8654    4402  4246  4403  1
8655    4004  4402  4002  1
8656    4404  4246  4400  1
8657    4405  4568  4502  1
8658    4406  4404  4400  1
8659    4568  4406  4167  1
8660    4319  4503  4501  1
8661    4447  4452  4312  1
8662    4400  4291  4406  1
8663    4304  4406  4291  1
8664    4568  4403  4404  1
8665    4407  4405  4788  1
8666    4137  4723  4720  1
8667    4740  4744  4741  1
8668    4143  5049  4412  1
8669    4022  4409  4147  1
8670    4258  4413  4410  1
8671    4410  4413  4411  1
8672    4147  4409  4411  1
8673    4410  4411  4409  1
8674    4142  4507  4415  1
8675    4258  4410  4412  1
8676    4413  4258  5052  1
8677    4411  4413  4151  1
8678    4408  4733  4248  1
8679    4733  4414  4507  1
8680    4142  4415  4412  1
8681    4572  4415  4414  1
8682    4274  4416  4156  1
8683    4268  4028  4416  1
8684    4062  4417  3913  1
8685    4419  4417  3804  1
8686    4421  4068  4358  1
8687    4162  4276  4418  1
8688    4276  4417  4419  1
8689    4420  4419  4070  1
8690    4077  4420  4070  1
8691    4068  4418  4420  1
8692    4358  4456  4422  1
8693    4418  4421  4424  1
8694    4425  4429  4423  1
8695    4421  4422  4424  1
8696    4086  4573  4509  1
8697    4577  4294  4514  1
8698    4422  4425  4424  1
8699    4424  4425  4430  1
8700    4351  4426  4422  1
8701    4423  4428  4430  1
8702    4629  4630  4351  1
8703    4425  4422  4426  1
8704    4627  4459  4628  1
8705    4689  4690  4691  1
8706    4579  4513  4428  1
8707    4514  4433  4577  1
8708    4630  4425  4426  1
8709    4618  4427  4619  1
8710    4423  4430  4425  1
8711    4162  4430  4428  1
8712    4162  4428  4512  1
8713    4577  4578  4513  1
8714    4281  4432  4278  1
8715    4287  4432  4282  1
8716    4510  4433  3927  1
8717    4431  4512  4578  1
8718    4166  4434  4084  1
8719    4324  4434  3938  1
8720    4710  4509  4576  1
8721    4629  4627  4542  1
8722    4323  4436  4319  1
8723    4445  4327  4309  1
8724    4695  4696  4712  1
8725    4444  4317  4521  1
8726    4301  4438  4328  1
8727    4526  4525  4584  1
8728    4307  4515  4440  1
8729    4437  4438  4439  1
8730    4440  4322  4747  1
8731    4439  4440  4520  1
8732    4441  4824  4536  1
8733    4529  4517  4527  1
8734    4693  4683  4672  1
8735    4745  4582  4442  1
8736    4444  4333  4317  1
8737    4521  4524  4523  1
8738    4890  4843  4844  1
8739    4521  4523  4444  1
8740    4436  4445  4312  1
8741    4337  4446  4338  1
8742    4802  4801  4792  1
8743    4537  4445  4332  1
8744    4451  4452  4453  1
8745    4750  4523  4583  1
8746    4482  4483  4484  1
8747    4798  4799  4796  1
8748    4715  4787  4704  1
8749    4537  4332  4583  1
8750    3474  4446  3372  1
8751    4448  4799  4800  1
8752    4503  4505  4501  1
8753    4453  4452  4447  1
8754    4503  4452  4451  1
8755    4588  4589  4343  1
8756    4453  4791  4797  1
8757    4352  4349  4457  1
8758    4791  4790  4449  1
8759    4107  4454  4110  1
8760    4355  4454  4104  1
8761    4457  4345  4460  1
8762    4422  4456  4351  1
8763    4456  4457  4627  1
8764    4558  4546  4556  1
8765    4609  4600  4615  1
8766    4540  4460  4345  1
8767    4587  4628  4459  1
8768    4540  4345  4539  1
8769    4627  4460  4459  1
8770    4466  4207  4464  1
8771    4467  4472  4466  1
8772    4367  4462  4200  1
8773    4368  4462  4365  1
8774    4463  3692  4368  1
8775    3279  4463  4366  1
8776    4465  4468  4469  1
8777    4466  4464  4369  1
8778    4374  4544  4378  1
8779    4468  4470  4464  1
8780    4466  4369  4467  1
8781    4466  4461  4543  1
8782    4549  4471  4548  1
8783    4480  3477  3368  1
8784    4469  4468  4204  1
8785    4470  4468  4465  1
8786    4469  4204  4203  1
8787    4469  4215  4474  1
8788    4544  4545  4465  1
8789    4464  4470  4369  1
8790    4589  4592  4343  1
8791    4369  4478  4467  1
8792    3474  4473  3368  1
8793    4466  4472  4461  1
8794    5051  4473  3370  1
8795    4477  4473  4362  1
8796    4215  4378  4474  1
8797    4474  4378  4544  1
8798    4471  4545  4547  1
8799    4476  3475  4342  1
8800    3476  4476  4342  1
8801    4550  4482  4476  1
8802    4631  4362  4364  1
8803    4472  4477  4461  1
8804    4369  4470  4479  1
8805    4480  4475  4476  1
8806    4475  4478  4479  1
8807    4479  4478  4369  1
8808    4467  4478  4480  1
8809    4480  4478  4475  1
8810    4475  4479  4549  1
8811    4487  4455  4483  1
8812    4550  4476  4475  1
8813    4482  4481  4483  1
8814    4483  4481  4487  1
8815    4455  4486  4483  1
8816    4340  4484  4187  1
8817    4482  4484  3475  1
8818    4471  4547  4548  1
8819    4481  4550  4764  1
8820    4595  4594  4180  1
8821    4484  4486  4187  1
8822    4487  4481  4764  1
8823    4455  4487  4485  1
8824    4493  4489  4494  1
8825    4563  4491  4488  1
8826    4492  4379  4373  1
8827    4380  4560  4562  1
8828    4561  4488  4494  1
8829    4490  4551  4552  1
8830    2630  4489  4492  1
8831    4493  4492  4489  1
8832    4494  4489  4380  1
8833    4379  4493  4488  1
8834    4634  4496  4561  1
8835    4488  4493  4494  1
8836    4643  4638  4640  1
8837    4559  4546  4558  1
8838    4638  4564  4714  1
8839    4491  4563  4490  1
8840    4383  4497  4224  1
8841    4392  4497  4161  1
8842    3976  4498  3975  1
8843    4397  4498  4396  1
8844    4500  4499  3929  1
8845    4399  4499  4400  1
8846    4500  3929  4168  1
8847    4400  4500  4291  1
8848    4319  4436  4503  1
8849    4505  4449  4504  1
8850    4405  4407  4568  1
8851    4167  4501  4502  1
8852    4452  4503  4312  1
8853    4505  4503  4451  1
8854    4449  4716  4504  1
8855    4405  4501  4504  1
8856    4449  4505  4451  1
8857    4501  4505  4504  1
8858    4721  4889  4725  1
8859    4736  4740  4741  1
8860    4252  4507  4142  1
8861    4733  4507  4248  1
8862    4819  4818  4263  1
8863    4415  4572  4258  1
8864    4577  4580  4294  1
8865    4423  4429  4575  1
8866    4510  3927  3793  1
8867    4511  3913  4276  1
8868    4512  4511  4162  1
8869    4510  4511  4431  1
8870    4512  4428  4513  1
8871    4511  4512  4431  1
8872    4579  4428  4423  1
8873    4295  4294  4580  1
8874    4296  4514  4294  1
8875    3928  4433  4514  1
8876    4516  4515  4307  1
8877    4701  4515  4435  1
8878    4320  4516  4307  1
8879    4516  4300  4713  1
8880    4520  4519  4534  1
8881    4752  4751  4759  1
8882    4593  4596  4597  1
8883    4673  4599  4679  1
8884    4950  4536  4951  1
8885    4530  4529  4527  1
8886    4440  4442  4520  1
8887    4520  4442  4582  1
8888    4524  4525  4522  1
8889    4521  4330  4524  1
8890    4532  4533  4517  1
8891    4759  4583  4523  1
8892    4751  4753  4758  1
8893    4583  4448  4537  1
8894    4584  4525  4524  1
8895    4524  4522  4752  1
8896    4331  4438  4526  1
8897    4756  4755  4522  1
8898    4438  4437  4526  1
8899    4527  4517  4756  1
8900    4437  4530  4526  1
8901    4530  4528  4529  1
8902    4519  4536  4535  1
8903    4517  4529  4532  1
8904    4527  4526  4530  1
8905    4528  4948  4532  1
8906    4437  4534  4530  1
8907    4534  4535  4530  1
8908    4536  4950  4535  1
8909    4753  4755  4533  1
8910    4528  4532  4529  1
8911    4532  4531  4976  1
8912    4845  4821  5057  1
8913    4830  4829  4849  1
8914    4520  4534  4437  1
8915    4535  4534  4519  1
8916    4519  4582  4536  1
8917    4530  4535  4528  1
8918    4786  4897  4898  1
8919    4896  4536  4824  1
8920    4800  4537  4448  1
8921    4445  4537  4447  1
8922    4345  4348  4539  1
8923    4541  4458  4587  1
8924    4348  4185  4539  1
8925    4591  4539  4185  1
8926    4540  4538  4541  1
8927    4460  4540  4459  1
8928    4538  4588  4541  1
8929    4588  4597  4596  1
8930    4458  4609  4610  1
8931    4629  4542  4619  1
8932    4466  4543  4207  1
8933    4461  4477  4631  1
8934    4545  4544  4374  1
8935    4474  4544  4465  1
8936    4374  4556  4547  1
8937    4465  4545  4471  1
8938    4551  4374  4378  1
8939    4551  4555  4374  1
8940    4374  4547  4545  1
8941    4548  4547  4546  1
8942    4546  4559  4621  1
8943    4550  4549  4548  1
8944    4471  4549  4479  1
8945    4548  4764  4550  1
8946    4482  4550  4481  1
8947    4475  4549  4550  1
8948    4567  4563  4564  1
8949    4565  4567  4566  1
8950    4375  4552  4378  1
8951    4490  4552  4491  1
8952    4641  4777  4632  1
8953    4588  4596  4541  1
8954    4651  4781  4553  1
8955    4555  4556  4374  1
8956    4565  4490  4567  1
8957    4556  4555  4554  1
8958    4554  4781  4558  1
8959    4556  4546  4547  1
8960    4624  4606  4625  1
8961    4620  4612  4613  1
8962    4554  4558  4556  1
8963    4559  4558  4557  1
8964    4603  4601  4605  1
8965    4620  4613  4559  1
8966    4560  4377  4632  1
8967    4634  4561  4562  1
8968    4488  4561  4496  1
8969    4380  4561  4494  1
8970    4560  4632  4634  1
8971    4488  4496  4563  1
8972    4564  4563  4496  1
8973    4495  4714  4496  1
8974    4554  4565  4566  1
8975    4555  4551  4565  1
8976    4490  4565  4551  1
8977    4646  4566  4564  1
8978    4554  4566  4553  1
8979    4563  4567  4490  1
8980    4566  4567  4564  1
8981    4403  4568  4407  1
8982    4406  4568  4404  1
8983    4718  4569  4716  1
8984    4801  4727  4719  1
8985    4735  4725  4736  1
8986    4408  4722  4733  1
8987    4571  4733  4722  1
8988    4733  4846  4414  1
8989    4846  4572  4414  1
8990    5052  4572  4508  1
8991    4298  4573  4086  1
8992    4580  4573  4295  1
8993    4598  4609  4458  1
8994    4709  4702  4435  1
8995    4427  4575  4429  1
8996    4576  4575  4574  1
8997    4711  4574  4690  1
8998    4423  4576  4509  1
8999    4578  4577  4433  1
9000    4577  4513  4580  1
9001    4431  4578  4433  1
9002    4512  4513  4578  1
9003    4423  4509  4579  1
9004    4509  4573  4580  1
9005    4513  4579  4580  1
9006    4509  4580  4579  1
9007    4747  4745  4442  1
9008    4785  4786  4518  1
9009    4536  4582  4441  1
9010    4520  4582  4519  1
9011    4750  4332  4309  1
9012    4759  4523  4752  1
9013    4315  4584  4330  1
9014    4526  4584  4331  1
9015    4753  4993  4758  1
9016    4583  4822  4448  1
9017    4871  4698  4872  1
9018    4586  4879  4881  1
9019    4628  4587  4458  1
9020    4540  4587  4459  1
9021    4589  4588  4538  1
9022    4603  4602  4597  1
9023    4591  4589  4538  1
9024    4589  4455  4592  1
9025    4590  4602  4606  1
9026    4619  4617  4618  1
9027    4539  4591  4538  1
9028    4591  4185  4594  1
9029    4455  4485  4592  1
9030    4612  4592  4485  1
9031    4541  4598  4458  1
9032    4596  4598  4541  1
9033    4188  4594  4185  1
9034    4187  4595  4180  1
9035    4486  4455  4595  1
9036    4591  4595  4455  1
9037    4597  4588  4343  1
9038    4596  4593  4598  1
9039    4611  4597  4343  1
9040    4607  4602  4590  1
9041    4607  4679  4600  1
9042    4593  4600  4598  1
9043    4624  4590  4606  1
9044    4608  4615  4616  1
9045    4607  4600  4593  1
9046    4600  4599  4615  1
9047    4611  4343  4612  1
9048    4559  4557  4762  1
9049    4593  4597  4602  1
9050    4597  4611  4603  1
9051    4763  4762  4604  1
9052    4602  4603  4606  1
9053    4557  4781  4647  1
9054    4605  4606  4603  1
9055    4601  4620  4763  1
9056    4605  4604  4606  1
9057    4651  4553  4646  1
9058    4625  4622  4624  1
9059    4602  4607  4593  1
9060    4684  4679  4607  1
9061    4659  4666  4626  1
9062    4427  4629  4619  1
9063    4600  4609  4598  1
9064    4610  4609  4608  1
9065    4610  4608  4623  1
9066    4610  4542  4628  1
9067    4343  4592  4612  1
9068    4603  4611  4601  1
9069    4612  4485  4613  1
9070    4601  4611  4612  1
9071    4485  4487  4764  1
9072    4621  4613  4764  1
9073    4636  4495  4632  1
9074    4643  4640  4648  1
9075    4616  4615  4599  1
9076    4609  4615  4608  1
9077    4687  4683  4695  1
9078    4695  4616  4687  1
9079    4691  4608  4616  1
9080    4575  4618  4574  1
9081    4427  4618  4575  1
9082    4690  4689  4711  1
9083    4542  4610  4619  1
9084    4619  4610  4623  1
9085    4559  4762  4763  1
9086    4612  4620  4601  1
9087    4546  4621  4548  1
9088    4559  4613  4621  1
9089    4614  4656  4653  1
9090    4626  4684  4624  1
9091    4691  4623  4608  1
9092    4619  4623  4617  1
9093    4625  4606  4604  1
9094    4624  4622  4659  1
9095    4782  4557  4647  1
9096    4625  4652  4653  1
9097    4655  4653  4656  1
9098    4673  4678  4599  1
9099    4456  4627  4351  1
9100    4627  4457  4460  1
9101    4610  4628  4458  1
9102    4627  4628  4542  1
9103    4427  4429  4630  1
9104    4627  4629  4351  1
9105    4351  4630  4426  1
9106    4427  4630  4629  1
9107    4115  4631  4364  1
9108    4461  4631  4543  1
9109    4632  4777  4636  1
9110    4634  4632  4495  1
9111    4253  4020  4837  1
9112    4669  4685  4686  1
9113    4634  4495  4496  1
9114    4560  4634  4562  1
9115    4635  4642  4640  1
9116    4639  4495  4636  1
9117    4641  4632  4377  1
9118    4639  4636  4635  1
9119    4766  4662  4668  1
9120    4770  4771  4633  1
9121    4638  4639  4640  1
9122    4646  4564  4638  1
9123    4640  4639  4635  1
9124    4495  4639  4638  1
9125    4768  4772  4377  1
9126    4643  4651  4646  1
9127    4767  4642  4775  1
9128    4766  4774  4637  1
9129    4667  4657  4645  1
9130    4640  4642  4650  1
9131    4640  4650  4648  1
9132    4783  4649  4652  1
9133    4769  4766  4668  1
9134    4671  4670  4658  1
9135    4774  4769  4770  1
9136    4656  4657  4654  1
9137    4646  4553  4566  1
9138    4638  4643  4646  1
9139    4643  4648  4649  1
9140    4604  4782  4625  1
9141    4661  4648  4645  1
9142    4649  4647  4651  1
9143    4648  4614  4649  1
9144    4652  4649  4614  1
9145    4662  4784  4668  1
9146    4648  4650  4645  1
9147    4649  4651  4643  1
9148    4781  4651  4647  1
9149    4653  4652  4614  1
9150    4625  4782  4783  1
9151    4614  4661  4656  1
9152    4625  4653  4622  1
9153    4654  4663  4665  1
9154    4622  4653  4655  1
9155    4665  4671  4654  1
9156    4624  4659  4626  1
9157    4614  4648  4661  1
9158    4654  4655  4656  1
9159    4642  4668  4784  1
9160    4644  4663  4657  1
9161    4669  4663  4644  1
9162    4658  4677  4666  1
9163    4622  4655  4659  1
9164    4660  4659  4655  1
9165    4654  4660  4655  1
9166    4660  4658  4666  1
9167    4645  4657  4661  1
9168    4656  4661  4657  1
9169    4831  4674  4692  1
9170    4657  4667  4644  1
9171    4669  4665  4663  1
9172    4654  4657  4663  1
9173    4644  4685  4669  1
9174    4681  4785  4676  1
9175    4670  4665  4664  1
9176    4660  4671  4658  1
9177    4672  4677  4676  1
9178    4599  4600  4679  1
9179    4784  4645  4650  1
9180    4644  4667  4662  1
9181    4642  4767  4668  1
9182    4784  4662  4667  1
9183    4779  4662  4766  1
9184    4664  4665  4669  1
9185    4681  4670  4664  1
9186    4670  4681  4676  1
9187    4654  4671  4660  1
9188    4670  4671  4665  1
9189    4748  4749  4898  1
9190    4678  4673  4666  1
9191    4626  4666  4673  1
9192    4677  4678  4666  1
9193    4699  4703  4854  1
9194    4681  4682  4870  1
9195    4669  4686  4664  1
9196    4833  4874  4884  1
9197    4676  4518  4694  1
9198    4658  4670  4676  1
9199    4676  4677  4658  1
9200    4677  4672  4678  1
9201    4683  4678  4672  1
9202    4678  4687  4599  1
9203    4684  4607  4590  1
9204    4626  4673  4679  1
9205    4766  4778  4779  1
9206    4692  4686  4680  1
9207    4682  4681  4664  1
9208    4681  4675  4785  1
9209    4686  4698  4682  1
9210    4833  4884  4869  1
9211    4693  4694  4688  1
9212    4618  4690  4574  1
9213    4624  4684  4590  1
9214    4626  4679  4684  1
9215    4644  4779  4780  1
9216    4686  4685  4680  1
9217    4680  4831  4692  1
9218    4682  4664  4686  1
9219    4599  4687  4616  1
9220    4678  4683  4687  1
9221    4746  4581  4745  1
9222    4702  4700  4701  1
9223    4683  4696  4695  1
9224    4702  4709  4711  1
9225    4618  4617  4690  1
9226    4691  4690  4617  1
9227    4691  4617  4623  1
9228    4691  4616  4695  1
9229    4699  4872  4703  1
9230    4686  4692  4698  1
9231    4694  4693  4672  1
9232    4696  4693  4688  1
9233    4676  4694  4672  1
9234    4694  4518  4749  1
9235    4683  4693  4696  1
9236    4691  4695  4689  1
9237    4708  4696  4688  1
9238    4708  4702  4696  1
9239    4715  4704  4000  1
9240    4851  4858  4706  1
9241    4692  4674  4703  1
9242    4703  4872  4692  1
9243    4862  4858  4854  1
9244    4875  4874  4871  1
9245    4700  4748  4746  1
9246    4322  4515  4701  1
9247    4701  4435  4702  1
9248    4322  4701  4700  1
9249    4713  4709  4435  1
9250    4695  4712  4689  1
9251    4850  4851  4706  1
9252    4847  4703  4674  1
9253    4873  4876  4878  1
9254    4830  4825  4827  1
9255    4407  4788  4715  1
9256    4021  4010  4704  1
9257    4825  4830  4637  1
9258    4707  4787  4569  1
9259    4021  4704  4787  1
9260    4849  4850  4823  1
9261    4748  4708  4688  1
9262    4702  4708  4700  1
9263    4574  4710  4576  1
9264    4711  4710  4574  1
9265    4709  4086  4710  1
9266    4509  4710  4086  1
9267    4711  4689  4712  1
9268    4710  4711  4709  1
9269    4696  4702  4712  1
9270    4711  4712  4702  1
9271    4516  4713  4435  1
9272    4713  4300  4298  1
9273    4638  4714  4495  1
9274    4564  4496  4714  1
9275    4787  4715  4569  1
9276    4407  4715  4000  1
9277    4801  4803  4792  1
9278    4715  4716  4569  1
9279    4021  4787  4707  1
9280    4728  4137  4731  1
9281    4449  4718  4716  1
9282    4726  4731  4137  1
9283    4801  4804  4727  1
9284    4808  4810  4812  1
9285    4139  4721  4737  1
9286    4741  4744  4570  1
9287    4834  4253  4789  1
9288    4730  4707  4719  1
9289    4742  4571  4722  1
9290    4744  4722  4570  1
9291    4248  4249  4408  1
9292    4726  4725  4724  1
9293    4721  4008  4834  1
9294    4569  4718  4719  1
9295    4726  4137  4720  1
9296    4726  4720  4738  1
9297    4732  4805  4728  1
9298    4408  4570  4722  1
9299    4732  4807  4805  1
9300    4449  4790  4718  1
9301    4727  4807  4719  1
9302    4718  4803  4719  1
9303    4728  4731  4806  1
9304    4806  4888  4836  1
9305    4726  4724  4731  1
9306    4836  4732  4806  1
9307    4724  4806  4731  1
9308    4719  4807  4730  1
9309    4009  4408  4249  1
9310    4139  4737  4009  1
9311    4738  4736  4725  1
9312    4735  4570  4408  1
9313    4723  4739  4736  1
9314    4739  4740  4736  1
9315    4721  4735  4737  1
9316    4408  4737  4735  1
9317    4726  4738  4725  1
9318    4723  4738  4720  1
9319    4723  4506  4739  1
9320    4739  4506  4740  1
9321    4742  4744  4743  1
9322    4740  4506  4743  1
9323    4570  4735  4741  1
9324    4736  4741  4735  1
9325    4506  4734  4743  1
9326    3768  4808  4734  1
9327    4743  4734  4808  1
9328    4743  4744  4740  1
9329    4722  4744  4742  1
9330    4745  4747  4746  1
9331    4581  4897  4887  1
9332    4322  4700  4746  1
9333    4700  4708  4748  1
9334    4440  4747  4442  1
9335    4322  4746  4747  1
9336    4749  4748  4688  1
9337    4581  4746  4748  1
9338    4694  4749  4688  1
9339    4749  4518  4898  1
9340    4523  4750  4444  1
9341    4583  4332  4750  1
9342    4751  4752  4753  1
9343    4758  4760  4751  1
9344    4524  4752  4523  1
9345    4753  4752  4522  1
9346    4755  4753  4522  1
9347    5056  4758  5055  1
9348    5055  4758  4993  1
9349    4583  4754  4822  1
9350    4756  4522  4525  1
9351    4533  4755  4517  1
9352    4527  4756  4525  1
9353    4517  4755  4756  1
9354    4823  4847  4848  1
9355    4855  4828  4852  1
9356    4993  4533  4992  1
9357    4964  4936  4991  1
9358    4760  4759  4751  1
9359    4583  4759  4754  1
9360    4443  5057  5053  1
9361    4759  4760  4754  1
9362    4441  4745  4887  1
9363    4881  4904  4586  1
9364    4782  4762  4557  1
9365    4763  4604  4605  1
9366    4601  4763  4605  1
9367    4559  4763  4620  1
9368    4621  4764  4548  1
9369    4764  4613  4485  1
9370    4777  4772  4775  1
9371    4668  4767  4769  1
9372    4778  4766  4637  1
9373    4775  4642  4635  1
9374    4767  4765  4769  1
9375    4770  4769  4765  1
9376    4771  4772  4768  1
9377    4766  4769  4774  1
9378    4771  4770  4765  1
9379    4773  4827  4825  1
9380    4772  4771  4765  1
9381    4633  4771  4768  1
9382    4775  4772  4765  1
9383    4772  4641  4377  1
9384    4637  4774  4825  1
9385    4719  4707  4569  1
9386    4826  4770  4633  1
9387    4773  4825  4826  1
9388    4767  4775  4765  1
9389    4635  4636  4777  1
9390    4716  4788  4504  1
9391    4680  4685  4780  1
9392    4772  4777  4641  1
9393    4635  4777  4775  1
9394    4832  4637  4830  1
9395    4779  4778  4776  1
9396    4780  4779  4776  1
9397    4644  4662  4779  1
9398    4780  4776  4831  1
9399    4644  4780  4685  1
9400    4558  4781  4557  1
9401    4553  4781  4554  1
9402    4782  4604  4762  1
9403    4783  4782  4647  1
9404    4649  4783  4647  1
9405    4625  4783  4652  1
9406    4645  4784  4667  1
9407    4642  4784  4650  1
9408    4785  4675  4869  1
9409    4518  4676  4785  1
9410    4870  4833  4869  1
9411    4786  4884  4885  1
9412    4827  4829  4830  1
9413    4825  4774  4826  1
9414    4372  4697  4856  1
9415    4021  4707  4730  1
9416    4449  4797  4791  1
9417    4889  4834  4789  1
9418    4792  3714  4802  1
9419    4790  4795  4792  1
9420    4794  3714  4793  1
9421    4791  4795  4790  1
9422    4792  4793  3714  1
9423    4792  4795  4793  1
9424    4794  4838  4450  1
9425    4794  4793  4796  1
9426    4793  4795  4796  1
9427    4795  4791  4796  1
9428    4791  4453  4798  1
9429    4798  4453  4800  1
9430    4449  4451  4797  1
9431    4453  4797  4451  1
9432    4453  4447  4800  1
9433    4796  4791  4798  1
9434    4822  4841  4448  1
9435    4838  4839  4450  1
9436    4800  4447  4537  1
9437    4798  4800  4799  1
9438    4804  4801  4729  1
9439    3714  4729  4802  1
9440    4801  4802  4729  1
9441    4792  4803  4790  1
9442    4719  4803  4801  1
9443    4729  4717  4804  1
9444    4805  4804  4717  1
9445    4804  4805  4727  1
9446    4728  4805  4717  1
9447    4835  4836  4888  1
9448    4728  4806  4732  1
9449    4805  4807  4727  1
9450    4836  4807  4732  1
9451    4808  3768  4810  1
9452    4743  4808  4742  1
9453    4813  4809  4810  1
9454    4815  4812  4809  1
9455    4817  4157  4272  1
9456    4812  4810  4809  1
9457    4820  4815  4809  1
9458    3768  4811  4813  1
9459    4742  4812  4571  1
9460    3768  4813  4810  1
9461    4817  4811  4157  1
9462    4814  4813  4811  1
9463    4261  4814  4817  1
9464    4263  4818  4815  1
9465    4815  4818  4846  1
9466    5050  4816  4261  1
9467    4263  4815  4820  1
9468    4261  4817  4272  1
9469    4811  4817  4814  1
9470    4819  4263  4048  1
9471    4846  4818  4508  1
9472    4257  4819  4048  1
9473    5052  4819  4149  1
9474    4814  4820  4809  1
9475    4263  4820  4816  1
9476    4856  4829  4372  1
9477    4844  4799  4841  1
9478    4754  4821  4842  1
9479    4821  4845  4842  1
9480    4924  4929  4918  1
9481    4847  4706  4862  1
9482    4441  4887  4886  1
9483    4904  4895  4909  1
9484    4832  4778  4637  1
9485    4770  4826  4774  1
9486    4773  4826  4633  1
9487    4773  4372  4827  1
9488    4829  4827  4372  1
9489    4831  4832  4848  1
9490    4847  4823  4850  1
9491    4849  4823  4830  1
9492    4851  4757  4852  1
9493    4832  4831  4776  1
9494    4780  4831  4680  1
9495    4778  4832  4776  1
9496    4832  4830  4823  1
9497    4833  4870  4871  1
9498    4869  4884  4786  1
9499    4253  4834  4008  1
9500    4889  4789  4888  1
9501    4807  4836  4730  1
9502    4837  4789  4253  1
9503    4888  4806  4724  1
9504    4730  4836  4835  1
9505    4021  4837  4020  1
9506    4789  4837  4835  1
9507    4794  4796  4838  1
9508    4839  4838  4796  1
9509    4796  4799  4839  1
9510    4841  4799  4448  1
9511    4822  4754  4842  1
9512    4840  4450  4843  1
9513    4842  4841  4822  1
9514    4845  4890  4842  1
9515    4754  4760  4821  1
9516    4799  4844  4839  1
9517    4450  4839  4843  1
9518    4844  4843  4839  1
9519    4841  4842  4890  1
9520    4840  4890  4443  1
9521    4890  4840  4843  1
9522    4846  4508  4572  1
9523    4812  4846  4571  1
9524    4831  4848  4674  1
9525    4848  4847  4674  1
9526    4832  4823  4848  1
9527    4856  4849  4829  1
9528    4850  4849  4757  1
9529    4851  4850  4757  1
9530    4847  4850  4706  1
9531    4868  4852  4828  1
9532    4833  4871  4874  1
9533    4855  4852  4757  1
9534    4857  4866  4859  1
9535    4867  4868  4863  1
9536    4860  4861  4853  1
9537    4862  4854  4703  1
9538    4875  4876  4873  1
9539    4757  4849  4856  1
9540    4828  4855  4697  1
9541    4697  4855  4856  1
9542    4757  4856  4855  1
9543    4860  4853  4858  1
9544    4852  4857  4851  1
9545    4864  4860  4858  1
9546    4854  4858  4853  1
9547    4860  4864  4859  1
9548    4952  4940  4859  1
9549    4864  4858  4851  1
9550    4860  4859  4940  1
9551    4865  4891  4901  1
9552    4917  4914  4944  1
9553    4847  4862  4703  1
9554    4858  4862  4706  1
9555    4851  4857  4864  1
9556    4867  4865  4866  1
9557    4859  4864  4857  1
9558    4863  4705  4891  1
9559    4901  4891  4705  1
9560    4867  4866  4857  1
9561    4865  4941  4952  1
9562    4857  4852  4868  1
9563    4867  4863  4891  1
9564    4863  4868  4828  1
9565    4857  4868  4867  1
9566    4785  4869  4786  1
9567    4870  4869  4675  1
9568    4681  4870  4675  1
9569    4871  4870  4682  1
9570    4698  4871  4682  1
9571    4872  4875  4871  1
9572    4692  4872  4698  1
9573    4875  4872  4699  1
9574    4699  4876  4875  1
9575    4876  4893  4878  1
9576    4873  4882  4874  1
9577    4882  4586  4883  1
9578    4876  4699  4854  1
9579    4874  4875  4873  1
9580    4854  4853  4876  1
9581    4893  4853  4861  1
9582    4908  4931  4933  1
9583    4878  4879  4873  1
9584    4893  4876  4853  1
9585    4879  4878  4877  1
9586    4970  4969  4943  1
9587    4879  4586  4882  1
9588    4908  4919  4931  1
9589    4894  4911  4906  1
9590    4903  4879  4877  1
9591    4905  4904  4881  1
9592    4879  4882  4873  1
9593    4904  4910  4586  1
9594    4897  4885  4887  1
9595    4874  4882  4883  1
9596    4874  4883  4884  1
9597    4761  4886  4899  1
9598    4883  4899  4884  1
9599    4886  4761  4824  1
9600    4441  4886  4824  1
9601    4886  4885  4899  1
9602    4581  4887  4745  1
9603    4886  4887  4885  1
9604    4724  4725  4889  1
9605    4835  4888  4789  1
9606    4834  4889  4721  1
9607    4724  4889  4888  1
9608    4890  4844  4841  1
9609    4443  4890  4845  1
9610    4956  4998  4955  1
9611    4867  4891  4865  1
9612    4914  4894  4957  1
9613    4971  4969  4970  1
9614    4971  4893  4861  1
9615    4878  4893  4877  1
9616    4940  4861  4860  1
9617    4933  4931  4930  1
9618    4905  4881  4907  1
9619    4938  4933  4951  1
9620    4761  4896  4824  1
9621    4907  4906  4905  1
9622    4748  4898  4581  1
9623    4786  4885  4897  1
9624    4786  4898  4518  1
9625    4581  4898  4897  1
9626    4899  4883  4761  1
9627    4885  4884  4899  1
9628    4901  4973  4941  1
9629    4985  4935  4916  1
9630    4968  4881  4903  1
9631    4954  4955  4901  1
9632    4894  4906  4907  1
9633    4879  4903  4881  1
9634    4861  4969  4971  1
9635    4968  4907  4881  1
9636    4938  4909  4895  1
9637    4911  4880  4906  1
9638    4895  4904  4905  1
9639    4906  4880  4908  1
9640    4905  4908  4895  1
9641    4914  4911  4894  1
9642    4880  4919  4908  1
9643    4915  4880  4911  1
9644    4905  4906  4908  1
9645    4896  4761  4909  1
9646    4910  4909  4761  1
9647    4586  4910  4883  1
9648    4909  4910  4904  1
9649    4960  4959  4912  1
9650    4919  4880  4913  1
9651    4924  4925  4922  1
9652    4946  4966  4989  1
9653    4913  4925  4924  1
9654    4957  4894  4958  1
9655    4915  4917  4916  1
9656    4917  4915  4911  1
9657    4923  4915  4916  1
9658    4945  4964  4976  1
9659    4930  4918  4929  1
9660    4911  4914  4917  1
9661    4960  4944  4914  1
9662    4913  4915  4923  1
9663    4913  4918  4919  1
9664    4915  4913  4880  1
9665    4931  4918  4930  1
9666    4912  4984  4985  1
9667    4928  4932  4920  1
9668    4928  4965  4932  1
9669    4947  4916  4935  1
9670    4918  4913  4924  1
9671    4992  4976  4964  1
9672    4913  4923  4925  1
9673    4923  4921  4925  1
9674    4922  4967  4929  1
9675    4927  4947  4934  1
9676    4932  4925  4927  1
9677    4967  4965  4946  1
9678    4948  4531  4532  1
9679    4934  4920  4927  1
9680    4918  4931  4919  1
9681    4965  4966  4946  1
9682    4921  4927  4925  1
9683    4922  4929  4924  1
9684    4929  4926  4963  1
9685    4949  4963  4945  1
9686    4933  4895  4908  1
9687    4947  4927  4921  1
9688    4920  4932  4927  1
9689    4922  4925  4932  1
9690    4939  4933  4930  1
9691    4909  4938  4896  1
9692    4916  4921  4923  1
9693    4935  4902  4934  1
9694    4959  4981  4912  1
9695    4949  4939  4930  1
9696    4981  4961  4982  1
9697    4985  4988  4935  1
9698    4948  4950  4937  1
9699    4895  4933  4938  1
9700    4933  4939  4951  1
9701    4930  4963  4949  1
9702    4937  4951  4939  1
9703    4952  4859  4866  1
9704    4969  4940  4900  1
9705    4900  4940  4952  1
9706    4865  4901  4941  1
9707    4973  4961  4972  1
9708    4901  4705  4954  1
9709    4959  4960  4957  1
9710    4985  4944  4912  1
9711    4917  4944  4916  1
9712    4964  4945  4975  1
9713    4531  4948  4949  1
9714    4964  4975  4936  1
9715    4929  4967  4926  1
9716    4916  4947  4921  1
9717    4935  4934  4947  1
9718    4950  4948  4528  1
9719    4949  4948  4937  1
9720    4939  4949  4937  1
9721    4531  4949  4945  1
9722    4535  4950  4528  1
9723    4951  4536  4896  1
9724    4951  4896  4938  1
9725    4937  4950  4951  1
9726    4865  4952  4866  1
9727    4900  4952  4941  1
9728    4967  4975  4926  1
9729    4973  4972  4900  1
9730    4705  4942  4954  1
9731    4955  4954  4942  1
9732    4956  4955  4942  1
9733    4955  4953  4974  1
9734    4942  4892  4956  1
9735    4979  5000  4986  1
9736    4907  4968  4894  1
9737    4957  4943  4959  1
9738    4903  4877  4971  1
9739    4957  4958  4970  1
9740    4943  4962  4959  1
9741    4945  4976  4531  1
9742    4944  4960  4912  1
9743    4957  4960  4914  1
9744    4972  4943  4969  1
9745    4532  4976  4533  1
9746    4972  4962  4943  1
9747    4980  4981  4982  1
9748    4929  4963  4930  1
9749    4975  4963  4926  1
9750    4945  4963  4975  1
9751    4936  4946  4989  1
9752    4932  4965  4922  1
9753    4966  4965  4928  1
9754    4928  3942  4966  1
9755    4989  4966  3942  1
9756    4965  4967  4922  1
9757    4975  4967  4946  1
9758    4903  4958  4968  1
9759    4894  4968  4958  1
9760    4940  4969  4861  1
9761    4972  4969  4900  1
9762    4957  4970  4943  1
9763    4971  4970  4958  1
9764    4903  4971  4958  1
9765    4893  4971  4877  1
9766    4900  4941  4973  1
9767    4962  4972  4961  1
9768    4974  4901  4955  1
9769    4973  4974  4961  1
9770    4961  4974  4953  1
9771    4901  4974  4973  1
9772    4902  4935  4988  1
9773    4994     3  4987  1
9774    4962  4961  4981  1
9775    4992  4964  4991  1
9776    4987  4979  4986  1
9777       3  4994  4997  1
9778    4946  4936  4975  1
9779    5053  5054  5059  1
9780    4981  4983  4984  1
9781    5060  5061  5058  1
9782    4986  5000  4983  1
9783    4981  4959  4962  1
9784    4981  4980  4983  1
9785    4961  4953  4982  1
9786    4996  4982  4953  1
9787    4986  4983  4980  1
9788    4983  4988  4984  1
9789    4983  5000  4988  1
9790    4981  4984  4912  1
9791    4988  4985  4984  1
9792    4985  4916  4944  1
9793    4980  4996  4995  1
9794    4995  4986  4980  1
9795    4998  4892  4999  1
9796    4585  5053  5059  1
9797    3942  4978  5062  1
9798    4902  4988  4977  1
9799    5060  4990  4991  1
9800    5054  5058  5059  1
9801    4989  5062  4936  1
9802    4992  4991  4990  1
9803    5054  5055  4990  1
9804    4992  4533  4976  1
9805    4533  4993  4753  1
9806    4990  4993  4992  1
9807    4996  4999  4995  1
9808    4995  4999  4994  1
9809    4980  4982  4996  1
9810    4999  4892  4997  1
9811    4996  4953  4998  1
9812    4999  4996  4998  1
9813    4994  4999  4997  1
9814    4995  4987  4986  1
9815    4955  4998  4953  1
9816    4892  4998  4956  1
9817    4990  5060  5058  1
9818    4995  4994  4987  1
9819    4979  4977  5000  1
9820    4988  5000  4977  1
9821      36  5001    24  1
9822      16    54  5002  1
9823     629  5003  1062  1
9824    5004  1073  5005  1
9825    1069  5005  1073  1
9826       4  1285  5005  1
9827    5007  5006  1795  1
9828    1583  5011  5012  1
9829    5015  5013  5014  1
9830    5009  1579  1795  1
9831    1579  5009  1581  1
9832    5014     1  5015  1
9833    5016  5006  5017  1
9834     961  5011  2004  1
9835    5012  5011  1578  1
9836    5006  5012  1394  1
9837    1583  5012  5007  1
9838    5013  5015  5008  1
9839    5013  5008  5010  1
9840    5013  5009  5016  1
9841    5016  5009  5006  1
9842    5017  5006  1394  1
9843    5008  5015     1  1
9844    5013  5016  5017  1
9845    1394  5014  5017  1
9846    5013  5017  5014  1
9847    1695  5018  1522  1
9848    1714  5018  1718  1
9849    1258  5019  1253  1
9850    2000  5019  1405  1
9851    1253  5020  1788  1
9852    1789  5020  5019  1
9853    2086  5021  2090  1
9854    2047  5022  2046  1
9855    2160  5022  1898  1
9856    2028  5023  1858  1
9857    2228  5023  2027  1
9858    2346  5024  2241  1
9859    2396  5025  1520  1
9860    5025  2397  2158  1
9861    2264  5026  2176  1
9862    5026  1958  2713  1
9863    5027  2210  5029  1
9864    2551  5028  2521  1
9865    2303  5028  2551  1
9866    5027  2521  5028  1
9867    2218  5029  2210  1
9868    2400  5029  2232  1
9869    2860  5030  2534  1
9870    2542  5030  2545  1
9871    2312  5031  2315  1
9872    2309  2672  5032  1
9873    2776  5032  2771  1
9874    5032  5031  2309  1
9875    5033  2620  2526  1
9876    2873  2620  5034  1
9877    5033  5034  2620  1
9878    2811  5035  2895  1
9879    2654  5035  2765  1
9880    2896  5036  2897  1
9881    2895  5036  2898  1
9882    3107  5037  3019  1
9883    3211  5037  3220  1
9884    3191  5038  3192  1
9885    3630  5038  3439  1
9886    3971  5039  3470  1
9887    3495  5039  3494  1
9888    3398  5040  3399  1
9889    3496  5040  3291  1
9890    3920  5043  4175  1
9891    4061  5041  5042  1
9892    5043  5042  4174  1
9893    5045  5046  3920  1
9894    3778  5047  5044  1
9895    5043  5046  3784  1
9896    5044  5046  5045  1
9897    3920  3951  5045  1
9898    3778  5044  4023  1
9899    5044  5047  5046  1
9900    5046  5043  3920  1
9901    5045  3798  5044  1
9902    4253  4008  5048  1
9903    4412  5049  4142  1
9904    4255  5049  4143  1
9905    4048  5050  4262  1
9906    4816  5050  4263  1
9907    3371  5051  3370  1
9908    4363  5051  3363  1
9909    4413  5052  4149  1
9910    4572  5052  4258  1
9911    5057  5054  5053  1
9912    5058  5054  4990  1
9913    4758  5056  4760  1
9914    4990  5055  4993  1
9915    5056  5055  5054  1
9916    5057  5056  5054  1
9917    4760  5056  4821  1
9918    4845  5057  4443  1
9919    5057  4821  5056  1
9920    3942  5062  4989  1
9921    5059  5058  4585  1
9922    4991  4936  5062  1
9923    5061  5060  4978  1
9924    5058  5061  4585  1
9925    4978  4585  5061  1
9926    4978  5060  5062  1
9927    5062  5060  4991  1
9928    5063  5065  5064  1
9929    5063  5064  1792  1
9930    1562  1550  5064  1
9931    1571  5065  1566  1
9932    5064  5065  1562  1
9933    1562  5065  5066  1
9934    1571  5066  5065  1
9935    3155  2696  5067  1
9936    3076  5068  3077  1
9937    3154  3043  5068  1
9938    3043  2951  5069  1
# Generated by triangle -pQIq20Aane Triangle/box.poly
